[2026/3/28 16:54:18] [client] 已向 server 注册 client: legacy-client-1 (account: default)
[2026/3/28 16:54:55] [client] 已向 server 注册 client: 纯粹衣饰 (account: default)
[2026/3/28 16:54:55] [client] 本地 browser bridge 已启动: https://127.0.0.1:3211/ws/browser
[2026/3/28 16:54:55] [client] 已为项目专用 Chrome 注入本地 bridge 证书 SPKI allowlist
[2026/3/28 16:54:55] [client] 拉起 Chrome profile "xianyu" (Default)，用户数据目录 /Users/snoopy/Documents/vscode/TamperFish/deploy/local-client-package/.chrome-xianyu-profile，监听 18800
[2026/3/28 16:54:55] [client] 启动页: https://www.goofish.com/im , https://myseller.taobao.com/home.htm/batch-consign

DevTools listening on ws://127.0.0.1:18800/devtools/browser/c4677870-2e4f-4562-8e8c-5793aee67bb4
[2026/3/28 16:54:56] [client] 启动 sync.ts，连接 CDP 18800，同步到 http://127.0.0.1:3210，client: 纯粹衣饰
[sync] starting daemon — interval 5000ms
[sync] error: Uncaught
Trying to load the allocator multiple times. This is *not* supported.
[sync] xm_chat_history is empty, skipping
[sync] xm_chat_history is empty, skipping
[sync] xm_chat_history is empty, skipping
[17749:1051919:0328/165515.010907:VERBOSE1:chrome/updater/updater.cc:432] Version: 148.0.7730.0, opt, x86_64, command line: /Users/snoopy/Library/Application Support/Google/GoogleUpdater/148.0.7730.0/GoogleUpdater.app/Contents/MacOS/GoogleUpdater --wake-all --enable-logging --vmodule=*/components/update_client/*=2,*/chrome/enterprise_companion/*=2,*/chrome/updater/*=2
[17749:1051919:0328/165515.011225:VERBOSE1:chrome/updater/updater.cc:435] OS version: 14.1.1, arch: x86_64, System uptime (seconds): 48221, parent pid: 17360
[17749:1051919:0328/165515.014772:VERBOSE2:chrome/updater/event_history.cc:270] Emitted a UPDATER_PROCESS START event to the history log
[17751:1051923:0328/165515.029504:VERBOSE1:chrome/updater/updater.cc:432] Version: 148.0.7730.0, opt, x86_64, command line: /Users/snoopy/Library/Application Support/Google/GoogleUpdater/148.0.7730.0/GoogleUpdater.app/Contents/MacOS/GoogleUpdater --crash-handler --database=/Users/snoopy/Library/Application Support/Google/GoogleUpdater/148.0.7730.0/Crashpad --url=https://clients2.google.com/cr/report --annotation=prod=Update4 --annotation=ver=148.0.7730.0 --handshake-fd=6 --enable-logging --vmodule=*/components/update_client/*=2,*/chrome/enterprise_companion/*=2,*/chrome/updater/*=2
[17751:1051923:0328/165515.029852:VERBOSE1:chrome/updater/updater.cc:435] OS version: 14.1.1, arch: x86_64, System uptime (seconds): 48221, parent pid: 1
[17751:1051923:0328/165515.033529:VERBOSE2:chrome/updater/event_history.cc:270] Emitted a UPDATER_PROCESS START event to the history log
[17749:1051919:0328/165515.034435:VERBOSE1:chrome/updater/crash_reporter.cc:129] Crash handler launched and ready.
[17749:1051919:0328/165515.035819:VERBOSE1:chrome/updater/crash_client.cc:108] Found 0 completed crash reports
[17749:1051919:0328/165515.035946:VERBOSE1:chrome/updater/crash_client.cc:132] Found 0 pending crash reports
[17749:1051919:0328/165515.036097:ERROR:third_party/crashpad/crashpad/util/file/file_io_posix.cc:145] open /Users/snoopy/Library/Application Support/Google/RLZ/Crashpad/settings.dat: No such file or directory (2)
[17749:1051919:0328/165515.036135:ERROR:third_party/crashpad/crashpad/util/file/file_io_posix.cc:145] open /Users/snoopy/Library/Application Support/Google/Measurement/Crashpad/settings.dat: No such file or directory (2)
[17749:1051919:0328/165515.036157:ERROR:third_party/crashpad/crashpad/util/file/file_io_posix.cc:145] open /Users/snoopy/Library/Application Support/Google/FIRApp/Crashpad/settings.dat: No such file or directory (2)
[17749:1051919:0328/165515.036230:VERBOSE1:chrome/updater/updater.cc:106] Crash reporting initialized.
[17749:1051931:0328/165515.036899:VERBOSE1:chrome/updater/app/app_wakeall.cc:56] Launching `/Users/snoopy/Library/Application Support/Google/GoogleUpdater/148.0.7730.0/GoogleUpdater.app/Contents/MacOS/GoogleUpdater --wake`
[17752:1051935:0328/165515.050684:VERBOSE1:chrome/updater/updater.cc:432] Version: 148.0.7730.0, opt, x86_64, command line: /Users/snoopy/Library/Application Support/Google/GoogleUpdater/148.0.7730.0/GoogleUpdater.app/Contents/MacOS/GoogleUpdater --wake --enable-logging --vmodule=*/components/update_client/*=2,*/chrome/enterprise_companion/*=2,*/chrome/updater/*=2
[17752:1051935:0328/165515.051013:VERBOSE1:chrome/updater/updater.cc:435] OS version: 14.1.1, arch: x86_64, System uptime (seconds): 48221, parent pid: 17749
[17752:1051935:0328/165515.054785:VERBOSE2:chrome/updater/event_history.cc:270] Emitted a UPDATER_PROCESS START event to the history log
[17754:1051939:0328/165515.070842:VERBOSE1:chrome/updater/updater.cc:432] Version: 148.0.7730.0, opt, x86_64, command line: /Users/snoopy/Library/Application Support/Google/GoogleUpdater/148.0.7730.0/GoogleUpdater.app/Contents/MacOS/GoogleUpdater --crash-handler --database=/Users/snoopy/Library/Application Support/Google/GoogleUpdater/148.0.7730.0/Crashpad --url=https://clients2.google.com/cr/report --annotation=prod=Update4 --annotation=ver=148.0.7730.0 --handshake-fd=6 --enable-logging --vmodule=*/components/update_client/*=2,*/chrome/enterprise_companion/*=2,*/chrome/updater/*=2
[17754:1051939:0328/165515.071250:VERBOSE1:chrome/updater/updater.cc:435] OS version: 14.1.1, arch: x86_64, System uptime (seconds): 48221, parent pid: 1
[17754:1051939:0328/165515.075255:VERBOSE2:chrome/updater/event_history.cc:270] Emitted a UPDATER_PROCESS START event to the history log
[17752:1051935:0328/165515.076122:VERBOSE1:chrome/updater/crash_reporter.cc:129] Crash handler launched and ready.
[17752:1051935:0328/165515.077504:VERBOSE1:chrome/updater/crash_client.cc:108] Found 0 completed crash reports
[17752:1051935:0328/165515.077631:VERBOSE1:chrome/updater/crash_client.cc:132] Found 0 pending crash reports
[17752:1051935:0328/165515.077788:ERROR:third_party/crashpad/crashpad/util/file/file_io_posix.cc:145] open /Users/snoopy/Library/Application Support/Google/RLZ/Crashpad/settings.dat: No such file or directory (2)
[17752:1051935:0328/165515.077830:ERROR:third_party/crashpad/crashpad/util/file/file_io_posix.cc:145] open /Users/snoopy/Library/Application Support/Google/Measurement/Crashpad/settings.dat: No such file or directory (2)
[17752:1051935:0328/165515.077853:ERROR:third_party/crashpad/crashpad/util/file/file_io_posix.cc:145] open /Users/snoopy/Library/Application Support/Google/FIRApp/Crashpad/settings.dat: No such file or directory (2)
[17752:1051935:0328/165515.077930:VERBOSE1:chrome/updater/updater.cc:106] Crash reporting initialized.
[17752:1051935:0328/165515.078437:VERBOSE1:chrome/updater/ipc/update_service_internal_proxy_mojo.cc:59] Run
[sync] xm_chat_history is empty, skipping
[sync] xm_chat_history is empty, skipping
[sync] xm_chat_history is empty, skipping
[17752:1051935:0328/165530.808080:VERBOSE1:chrome/updater/app/app.cc:53] Shutdown: 0
[17752:1051935:0328/165530.809434:VERBOSE2:chrome/updater/event_history.cc:270] Emitted a UPDATER_PROCESS END event to the history log
[17752:1051935:0328/165530.809464:VERBOSE1:chrome/updater/updater.cc:470] UpdaterMain (--wake) returned 0.
[17749:1051931:0328/165530.950583:VERBOSE1:chrome/updater/app/app_wakeall.cc:66] `/Users/snoopy/Library/Application Support/Google/GoogleUpdater/148.0.7730.0/GoogleUpdater.app/Contents/MacOS/GoogleUpdater --wake` exited 0
[17749:1051919:0328/165530.950897:VERBOSE1:chrome/updater/app/app.cc:53] Shutdown: 0
[17749:1051919:0328/165530.951842:VERBOSE2:chrome/updater/event_history.cc:270] Emitted a UPDATER_PROCESS END event to the history log
[17749:1051919:0328/165530.951887:VERBOSE1:chrome/updater/updater.cc:470] UpdaterMain (--wake-all) returned 0.
[sync] xm_chat_history is empty, skipping
[sync] xm_chat_history is empty, skipping
[17754:1051939:0328/165540.815839:VERBOSE2:chrome/updater/event_history.cc:270] Emitted a UPDATER_PROCESS END event to the history log
[17754:1051939:0328/165540.815873:VERBOSE1:chrome/updater/updater.cc:470] UpdaterMain (--crash-handler) returned 0.
[17751:1051923:0328/165540.816916:VERBOSE2:chrome/updater/event_history.cc:270] Emitted a UPDATER_PROCESS END event to the history log
[17751:1051923:0328/165540.816993:VERBOSE1:chrome/updater/updater.cc:470] UpdaterMain (--crash-handler) returned 0.
[sync] xm_chat_history is empty, skipping
[sync] xm_chat_history size: 776 bytes
[sync] ingest result: {"ok":true,"results":{"阿拉喵主子_1015500846697":{"isNewSession":true,"newMsgCount":1,"totalMessages":1,"canonicalChatKey":"阿拉喵主子_1015500846697"}}}
[sync] xm_chat_history size: 1440 bytes
[sync] ingest result: {"ok":true,"results":{"阿拉喵主子_1015500846697":{"isNewSession":false,"newMsgCount":0,"totalMessages":1,"canonicalChatKey":"阿拉喵主子_1015500846697"},"庐州美美椰子":{"isNewSession":true,"newMsgCount":1,"totalMessages":1,"canonicalChatKey":"庐州美美椰子"}}}
[sync] xm_chat_history size: 2434 bytes
[sync] ingest result: {"ok":true,"results":{"阿拉喵主子_1015500846697":{"isNewSession":false,"newMsgCount":0,"totalMessages":1,"canonicalChatKey":"阿拉喵主子_1015500846697"},"庐州美美椰子":{"isNewSession":false,"newMsgCount":0,"totalMessages":1,"canonicalChatKey":"庐州美美椰子"},"庐州美美椰子_910817683819":{"isNewSession":true,"newMsgCount":3,"totalMessages":3,"canonicalChatKey":"庐州美美椰子_910817683819"}}}
[sync] xm_chat_history size: 3738 bytes
[sync] ingest result: {"ok":true,"results":{"阿拉喵主子_1015500846697":{"isNewSession":false,"newMsgCount":0,"totalMessages":1,"canonicalChatKey":"阿拉喵主子_1015500846697"},"庐州美美椰子":{"isNewSession":false,"newMsgCount":0,"totalMessages":1,"canonicalChatKey":"庐州美美椰子"},"庐州美美椰子_910817683819":{"isNewSession":false,"newMsgCount":0,"totalMessages":3,"canonicalChatKey":"庐州美美椰子_910817683819"},"0累球0_994982452499":{"isNewSession":true,"newMsgCount":6,"totalMessages":6,"canonicalChatKey":"0累球0_994982452499"}}}
[sync] xm_chat_history size: 6429 bytes
[sync] ingest result: {"ok":true,"results":{"阿拉喵主子_1015500846697":{"isNewSession":false,"newMsgCount":0,"totalMessages":1,"canonicalChatKey":"阿拉喵主子_1015500846697"},"庐州美美椰子":{"isNewSession":false,"newMsgCount":0,"totalMessages":1,"canonicalChatKey":"庐州美美椰子"},"庐州美美椰子_910817683819":{"isNewSession":false,"newMsgCount":0,"totalMessages":3,"canonicalChatKey":"庐州美美椰子_910817683819"},"0累球0_994982452499":{"isNewSession":false,"newMsgCount":0,"totalMessages":6,"canonicalChatKey":"0累球0_994982452499"},"码匠铺子_958625474098":{"isNewSession":true,"newMsgCount":19,"totalMessages":19,"canonicalChatKey":"码匠铺子_958625474098"}}}
[sync] xm_chat_history size: 8001 bytes
[sync] ingest result: {"ok":true,"results":{"阿拉喵主子_1015500846697":{"isNewSession":false,"newMsgCount":0,"totalMessages":1,"canonicalChatKey":"阿拉喵主子_1015500846697"},"庐州美美椰子":{"isNewSession":false,"newMsgCount":0,"totalMessages":1,"canonicalChatKey":"庐州美美椰子"},"庐州美美椰子_910817683819":{"isNewSession":false,"newMsgCount":0,"totalMessages":3,"canonicalChatKey":"庐州美美椰子_910817683819"},"0累球0_994982452499":{"isNewSession":false,"newMsgCount":0,"totalMessages":6,"canonicalChatKey":"0累球0_994982452499"},"码匠铺子_958625474098":{"isNewSession":false,"newMsgCount":0,"totalMessages":19,"canonicalChatKey":"码匠铺子_958625474098"},"x***2_991148214602":{"isNewSession":true,"newMsgCount":8,"totalMessages":8,"canonicalChatKey":"x***2_991148214602"}}}
[sync] data unchanged, skipping
[sync] data unchanged, skipping
[sync] data unchanged, skipping
[sync] data unchanged, skipping
[sync] data unchanged, skipping
[sync] data unchanged, skipping
[sync] xm_chat_history size: 9454 bytes
[sync] ingest result: {"ok":true,"results":{"阿拉喵主子_1015500846697":{"isNewSession":false,"newMsgCount":0,"totalMessages":1,"canonicalChatKey":"阿拉喵主子_1015500846697"},"庐州美美椰子":{"isNewSession":false,"newMsgCount":0,"totalMessages":1,"canonicalChatKey":"庐州美美椰子"},"庐州美美椰子_910817683819":{"isNewSession":false,"newMsgCount":0,"totalMessages":3,"canonicalChatKey":"庐州美美椰子_910817683819"},"0累球0_994982452499":{"isNewSession":false,"newMsgCount":0,"totalMessages":6,"canonicalChatKey":"0累球0_994982452499"},"码匠铺子_958625474098":{"isNewSession":false,"newMsgCount":0,"totalMessages":19,"canonicalChatKey":"码匠铺子_958625474098"},"x***2_991148214602":{"isNewSession":false,"newMsgCount":0,"totalMessages":8,"canonicalChatKey":"x***2_991148214602"},"孔明科技价格透明合同保障_991702418518":{"isNewSession":true,"newMsgCount":7,"totalMessages":7,"canonicalChatKey":"孔明科技价格透明合同保障_991702418518"}}}
[sync] xm_chat_history size: 12379 bytes
[sync] ingest result: {"ok":true,"results":{"阿拉喵主子_1015500846697":{"isNewSession":false,"newMsgCount":0,"totalMessages":1,"canonicalChatKey":"阿拉喵主子_1015500846697"},"庐州美美椰子":{"isNewSession":false,"newMsgCount":0,"totalMessages":1,"canonicalChatKey":"庐州美美椰子"},"庐州美美椰子_910817683819":{"isNewSession":false,"newMsgCount":0,"totalMessages":3,"canonicalChatKey":"庐州美美椰子_910817683819"},"0累球0_994982452499":{"isNewSession":false,"newMsgCount":0,"totalMessages":6,"canonicalChatKey":"0累球0_994982452499"},"码匠铺子_958625474098":{"isNewSession":false,"newMsgCount":0,"totalMessages":19,"canonicalChatKey":"码匠铺子_958625474098"},"x***2_991148214602":{"isNewSession":false,"newMsgCount":0,"totalMessages":8,"canonicalChatKey":"x***2_991148214602"},"孔明科技价格透明合同保障_991702418518":{"isNewSession":false,"newMsgCount":0,"totalMessages":7,"canonicalChatKey":"孔明科技价格透明合同保障_991702418518"},"tbNick_gj6d9_983484928356":{"isNewSession":true,"newMsgCount":20,"totalMessages":20,"canonicalChatKey":"tbNick_gj6d9_983484928356"}}}
[sync] xm_chat_history size: 13913 bytes
[sync] ingest result: {"ok":true,"results":{"阿拉喵主子_1015500846697":{"isNewSession":false,"newMsgCount":0,"totalMessages":1,"canonicalChatKey":"阿拉喵主子_1015500846697"},"庐州美美椰子":{"isNewSession":false,"newMsgCount":0,"totalMessages":1,"canonicalChatKey":"庐州美美椰子"},"庐州美美椰子_910817683819":{"isNewSession":false,"newMsgCount":0,"totalMessages":3,"canonicalChatKey":"庐州美美椰子_910817683819"},"0累球0_994982452499":{"isNewSession":false,"newMsgCount":0,"totalMessages":6,"canonicalChatKey":"0累球0_994982452499"},"码匠铺子_958625474098":{"isNewSession":false,"newMsgCount":0,"totalMessages":19,"canonicalChatKey":"码匠铺子_958625474098"},"x***2_991148214602":{"isNewSession":false,"newMsgCount":0,"totalMessages":8,"canonicalChatKey":"x***2_991148214602"},"孔明科技价格透明合同保障_991702418518":{"isNewSession":false,"newMsgCount":0,"totalMessages":7,"canonicalChatKey":"孔明科技价格透明合同保障_991702418518"},"tbNick_gj6d9_983484928356":{"isNewSession":false,"newMsgCount":0,"totalMessages":20,"canonicalChatKey":"tbNick_gj6d9_983484928356"},"SPSS数据分析师_908079810845":{"isNewSession":true,"newMsgCount":8,"totalMessages":8,"canonicalChatKey":"SPSS数据分析师_908079810845"}}}
[sync] xm_chat_history size: 15043 bytes
[sync] ingest result: {"ok":true,"results":{"阿拉喵主子_1015500846697":{"isNewSession":false,"newMsgCount":0,"totalMessages":1,"canonicalChatKey":"阿拉喵主子_1015500846697"},"庐州美美椰子":{"isNewSession":false,"newMsgCount":0,"totalMessages":1,"canonicalChatKey":"庐州美美椰子"},"庐州美美椰子_910817683819":{"isNewSession":false,"newMsgCount":0,"totalMessages":3,"canonicalChatKey":"庐州美美椰子_910817683819"},"0累球0_994982452499":{"isNewSession":false,"newMsgCount":0,"totalMessages":6,"canonicalChatKey":"0累球0_994982452499"},"码匠铺子_958625474098":{"isNewSession":false,"newMsgCount":0,"totalMessages":19,"canonicalChatKey":"码匠铺子_958625474098"},"x***2_991148214602":{"isNewSession":false,"newMsgCount":0,"totalMessages":8,"canonicalChatKey":"x***2_991148214602"},"孔明科技价格透明合同保障_991702418518":{"isNewSession":false,"newMsgCount":0,"totalMessages":7,"canonicalChatKey":"孔明科技价格透明合同保障_991702418518"},"tbNick_gj6d9_983484928356":{"isNewSession":false,"newMsgCount":0,"totalMessages":20,"canonicalChatKey":"tbNick_gj6d9_983484928356"},"SPSS数据分析师_908079810845":{"isNewSession":false,"newMsgCount":0,"totalMessages":8,"canonicalChatKey":"SPSS数据分析师_908079810845"},"_908079810845":{"isNewSession":true,"newMsgCount":8,"totalMessages":8,"canonicalChatKey":"_908079810845"}}}
[sync] data unchanged, skipping
[sync] xm_chat_history size: 15610 bytes
[sync] ingest result: {"ok":true,"results":{"阿拉喵主子_1015500846697":{"isNewSession":false,"newMsgCount":0,"totalMessages":1,"canonicalChatKey":"阿拉喵主子_1015500846697"},"庐州美美椰子":{"isNewSession":false,"newMsgCount":0,"totalMessages":1,"canonicalChatKey":"庐州美美椰子"},"庐州美美椰子_910817683819":{"isNewSession":false,"newMsgCount":0,"totalMessages":3,"canonicalChatKey":"庐州美美椰子_910817683819"},"0累球0_994982452499":{"isNewSession":false,"newMsgCount":0,"totalMessages":6,"canonicalChatKey":"0累球0_994982452499"},"码匠铺子_958625474098":{"isNewSession":false,"newMsgCount":0,"totalMessages":19,"canonicalChatKey":"码匠铺子_958625474098"},"x***2_991148214602":{"isNewSession":false,"newMsgCount":0,"totalMessages":8,"canonicalChatKey":"x***2_991148214602"},"孔明科技价格透明合同保障_991702418518":{"isNewSession":false,"newMsgCount":0,"totalMessages":7,"canonicalChatKey":"孔明科技价格透明合同保障_991702418518"},"tbNick_gj6d9_983484928356":{"isNewSession":false,"newMsgCount":0,"totalMessages":20,"canonicalChatKey":"tbNick_gj6d9_983484928356"},"SPSS数据分析师_908079810845":{"isNewSession":false,"newMsgCount":0,"totalMessages":8,"canonicalChatKey":"SPSS数据分析师_908079810845"},"_908079810845":{"isNewSession":false,"newMsgCount":0,"totalMessages":8,"canonicalChatKey":"_908079810845"},"阿拉喵主子":{"isNewSession":false,"newMsgCount":0,"totalMessages":0,"canonicalChatKey":"阿拉喵主子","skipped":true,"reason":"empty_session","cleanedUpEmptyShell":false}}}
[sync] data unchanged, skipping
[sync] data unchanged, skipping
[sync] xm_chat_history size: 18290 bytes
[sync] ingest result: {"ok":true,"results":{"阿拉喵主子_1015500846697":{"isNewSession":false,"newMsgCount":0,"totalMessages":1,"canonicalChatKey":"阿拉喵主子_1015500846697"},"庐州美美椰子":{"isNewSession":false,"newMsgCount":0,"totalMessages":1,"canonicalChatKey":"庐州美美椰子"},"庐州美美椰子_910817683819":{"isNewSession":false,"newMsgCount":0,"totalMessages":3,"canonicalChatKey":"庐州美美椰子_910817683819"},"0累球0_994982452499":{"isNewSession":false,"newMsgCount":0,"totalMessages":6,"canonicalChatKey":"0累球0_994982452499"},"码匠铺子_958625474098":{"isNewSession":false,"newMsgCount":0,"totalMessages":19,"canonicalChatKey":"码匠铺子_958625474098"},"x***2_991148214602":{"isNewSession":false,"newMsgCount":0,"totalMessages":8,"canonicalChatKey":"x***2_991148214602"},"孔明科技价格透明合同保障_991702418518":{"isNewSession":false,"newMsgCount":0,"totalMessages":7,"canonicalChatKey":"孔明科技价格透明合同保障_991702418518"},"tbNick_gj6d9_983484928356":{"isNewSession":false,"newMsgCount":0,"totalMessages":20,"canonicalChatKey":"tbNick_gj6d9_983484928356"},"SPSS数据分析师_908079810845":{"isNewSession":false,"newMsgCount":0,"totalMessages":8,"canonicalChatKey":"SPSS数据分析师_908079810845"},"_908079810845":{"isNewSession":false,"newMsgCount":0,"totalMessages":8,"canonicalChatKey":"_908079810845"},"阿拉喵主子":{"isNewSession":false,"newMsgCount":0,"totalMessages":0,"canonicalChatKey":"阿拉喵主子","skipped":true,"reason":"empty_session","cleanedUpEmptyShell":false},"庐州美美椰子_958625474098":{"isNewSession":false,"newMsgCount":19,"totalMessages":19,"canonicalChatKey":"庐州美美椰子"}}}
[sync] data unchanged, skipping
[sync] data unchanged, skipping
[sync] data unchanged, skipping
[sync] data unchanged, skipping
[sync] data unchanged, skipping
Trying to load the allocator multiple times. This is *not* supported.
WARNING: All log messages before absl::InitializeLog() is called are written to STDERR
I0000 00:00:1774688276.216796 1055782 environment.cc:548] Selected adapter: AMD Radeon Pro 555X, arch=gcn-4, vendor=amd, backend=Metal, adapterType=Discrete GPU
I0000 00:00:1774688276.888396 1055802 environment.cc:548] Selected adapter: AMD Radeon Pro 555X, arch=gcn-4, vendor=amd, backend=Metal, adapterType=Discrete GPU
[sync] data unchanged, skipping
[sync] data unchanged, skipping
[sync] data unchanged, skipping
[sync] data unchanged, skipping
[sync] data unchanged, skipping
[sync] data unchanged, skipping
[sync] data unchanged, skipping
[sync] data unchanged, skipping
[sync] xm_chat_history size: 19594 bytes
[sync] ingest result: {"ok":true,"results":{"阿拉喵主子_1015500846697":{"isNewSession":false,"newMsgCount":0,"totalMessages":1,"canonicalChatKey":"阿拉喵主子_1015500846697"},"庐州美美椰子":{"isNewSession":false,"newMsgCount":0,"totalMessages":1,"canonicalChatKey":"庐州美美椰子"},"庐州美美椰子_910817683819":{"isNewSession":false,"newMsgCount":0,"totalMessages":3,"canonicalChatKey":"庐州美美椰子_910817683819"},"0累球0_994982452499":{"isNewSession":false,"newMsgCount":0,"totalMessages":6,"canonicalChatKey":"0累球0_994982452499"},"码匠铺子_958625474098":{"isNewSession":false,"newMsgCount":0,"totalMessages":19,"canonicalChatKey":"码匠铺子_958625474098"},"x***2_991148214602":{"isNewSession":false,"newMsgCount":0,"totalMessages":8,"canonicalChatKey":"x***2_991148214602"},"孔明科技价格透明合同保障_991702418518":{"isNewSession":false,"newMsgCount":0,"totalMessages":7,"canonicalChatKey":"孔明科技价格透明合同保障_991702418518"},"tbNick_gj6d9_983484928356":{"isNewSession":false,"newMsgCount":0,"totalMessages":20,"canonicalChatKey":"tbNick_gj6d9_983484928356"},"SPSS数据分析师_908079810845":{"isNewSession":false,"newMsgCount":0,"totalMessages":8,"canonicalChatKey":"SPSS数据分析师_908079810845"},"_908079810845":{"isNewSession":false,"newMsgCount":0,"totalMessages":8,"canonicalChatKey":"_908079810845"},"阿拉喵主子":{"isNewSession":false,"newMsgCount":0,"totalMessages":0,"canonicalChatKey":"阿拉喵主子","skipped":true,"reason":"empty_session","cleanedUpEmptyShell":false},"庐州美美椰子_958625474098":{"isNewSession":false,"newMsgCount":0,"totalMessages":19,"canonicalChatKey":"庐州美美椰子"},"0累球0_910817683819":{"isNewSession":false,"newMsgCount":0,"totalMessages":6,"canonicalChatKey":"0累球0_994982452499"}}}
[sync] data unchanged, skipping
[sync] data unchanged, skipping
[sync] data unchanged, skipping
[sync] xm_chat_history size: 24041 bytes
[sync] ingest result: {"ok":true,"results":{"阿拉喵主子_1015500846697":{"isNewSession":false,"newMsgCount":0,"totalMessages":1,"canonicalChatKey":"阿拉喵主子_1015500846697"},"庐州美美椰子":{"isNewSession":false,"newMsgCount":0,"totalMessages":1,"canonicalChatKey":"庐州美美椰子"},"庐州美美椰子_910817683819":{"isNewSession":false,"newMsgCount":0,"totalMessages":3,"canonicalChatKey":"庐州美美椰子_910817683819"},"0累球0_994982452499":{"isNewSession":false,"newMsgCount":0,"totalMessages":6,"canonicalChatKey":"0累球0_994982452499"},"码匠铺子_958625474098":{"isNewSession":false,"newMsgCount":0,"totalMessages":19,"canonicalChatKey":"码匠铺子_958625474098"},"x***2_991148214602":{"isNewSession":false,"newMsgCount":0,"totalMessages":8,"canonicalChatKey":"x***2_991148214602"},"孔明科技价格透明合同保障_991702418518":{"isNewSession":false,"newMsgCount":0,"totalMessages":7,"canonicalChatKey":"孔明科技价格透明合同保障_991702418518"},"tbNick_gj6d9_983484928356":{"isNewSession":false,"newMsgCount":0,"totalMessages":20,"canonicalChatKey":"tbNick_gj6d9_983484928356"},"SPSS数据分析师_908079810845":{"isNewSession":false,"newMsgCount":0,"totalMessages":8,"canonicalChatKey":"SPSS数据分析师_908079810845"},"_908079810845":{"isNewSession":false,"newMsgCount":0,"totalMessages":8,"canonicalChatKey":"_908079810845"},"阿拉喵主子":{"isNewSession":false,"newMsgCount":0,"totalMessages":0,"canonicalChatKey":"阿拉喵主子","skipped":true,"reason":"empty_session","cleanedUpEmptyShell":false},"庐州美美椰子_958625474098":{"isNewSession":false,"newMsgCount":0,"totalMessages":19,"canonicalChatKey":"庐州美美椰子"},"0累球0_910817683819":{"isNewSession":false,"newMsgCount":0,"totalMessages":6,"canonicalChatKey":"0累球0_994982452499"},"x***2_983484928356":{"isNewSession":false,"newMsgCount":20,"totalMessages":20,"canonicalChatKey":"x***2_991148214602"},"庐州美美椰子_908079810845":{"isNewSession":false,"newMsgCount":8,"totalMessages":8,"canonicalChatKey":"庐州美美椰子_910817683819"}}}
[sync] xm_chat_history size: 24512 bytes
[sync] ingest result: {"ok":true,"results":{"阿拉喵主子_1015500846697":{"isNewSession":false,"newMsgCount":0,"totalMessages":1,"canonicalChatKey":"阿拉喵主子_1015500846697"},"庐州美美椰子":{"isNewSession":false,"newMsgCount":2,"totalMessages":2,"canonicalChatKey":"庐州美美椰子"},"庐州美美椰子_910817683819":{"isNewSession":false,"newMsgCount":0,"totalMessages":3,"canonicalChatKey":"庐州美美椰子_910817683819"},"0累球0_994982452499":{"isNewSession":false,"newMsgCount":0,"totalMessages":6,"canonicalChatKey":"0累球0_994982452499"},"码匠铺子_958625474098":{"isNewSession":false,"newMsgCount":0,"totalMessages":19,"canonicalChatKey":"码匠铺子_958625474098"},"x***2_991148214602":{"isNewSession":false,"newMsgCount":0,"totalMessages":8,"canonicalChatKey":"x***2_991148214602"},"孔明科技价格透明合同保障_991702418518":{"isNewSession":false,"newMsgCount":0,"totalMessages":7,"canonicalChatKey":"孔明科技价格透明合同保障_991702418518"},"tbNick_gj6d9_983484928356":{"isNewSession":false,"newMsgCount":0,"totalMessages":20,"canonicalChatKey":"tbNick_gj6d9_983484928356"},"SPSS数据分析师_908079810845":{"isNewSession":false,"newMsgCount":0,"totalMessages":8,"canonicalChatKey":"SPSS数据分析师_908079810845"},"_908079810845":{"isNewSession":false,"newMsgCount":0,"totalMessages":8,"canonicalChatKey":"_908079810845"},"阿拉喵主子":{"isNewSession":false,"newMsgCount":0,"totalMessages":0,"canonicalChatKey":"阿拉喵主子","skipped":true,"reason":"empty_session","cleanedUpEmptyShell":false},"庐州美美椰子_958625474098":{"isNewSession":false,"newMsgCount":0,"totalMessages":19,"canonicalChatKey":"庐州美美椰子"},"0累球0_910817683819":{"isNewSession":false,"newMsgCount":0,"totalMessages":6,"canonicalChatKey":"0累球0_994982452499"},"x***2_983484928356":{"isNewSession":false,"newMsgCount":0,"totalMessages":20,"canonicalChatKey":"x***2_991148214602"},"庐州美美椰子_908079810845":{"isNewSession":false,"newMsgCount":8,"totalMessages":8,"canonicalChatKey":"庐州美美椰子"},"":{"isNewSession":true,"newMsgCount":2,"totalMessages":2,"canonicalChatKey":""}}}
[sync] data unchanged, skipping
[sync] data unchanged, skipping
[sync] xm_chat_history size: 24505 bytes
[sync] ingest result: {"ok":true,"results":{"阿拉喵主子_1015500846697":{"isNewSession":false,"newMsgCount":0,"totalMessages":1,"canonicalChatKey":"阿拉喵主子_1015500846697"},"庐州美美椰子":{"isNewSession":false,"newMsgCount":0,"totalMessages":2,"canonicalChatKey":"庐州美美椰子"},"庐州美美椰子_910817683819":{"isNewSession":false,"newMsgCount":0,"totalMessages":3,"canonicalChatKey":"庐州美美椰子_910817683819"},"0累球0_994982452499":{"isNewSession":false,"newMsgCount":0,"totalMessages":6,"canonicalChatKey":"0累球0_994982452499"},"码匠铺子_958625474098":{"isNewSession":false,"newMsgCount":0,"totalMessages":19,"canonicalChatKey":"码匠铺子_958625474098"},"x***2_991148214602":{"isNewSession":false,"newMsgCount":0,"totalMessages":8,"canonicalChatKey":"x***2_991148214602"},"孔明科技价格透明合同保障_991702418518":{"isNewSession":false,"newMsgCount":0,"totalMessages":7,"canonicalChatKey":"孔明科技价格透明合同保障_991702418518"},"tbNick_gj6d9_983484928356":{"isNewSession":false,"newMsgCount":0,"totalMessages":20,"canonicalChatKey":"tbNick_gj6d9_983484928356"},"SPSS数据分析师_908079810845":{"isNewSession":false,"newMsgCount":0,"totalMessages":8,"canonicalChatKey":"SPSS数据分析师_908079810845"},"_908079810845":{"isNewSession":false,"newMsgCount":0,"totalMessages":8,"canonicalChatKey":"_908079810845"},"阿拉喵主子":{"isNewSession":false,"newMsgCount":0,"totalMessages":0,"canonicalChatKey":"阿拉喵主子","skipped":true,"reason":"empty_session","cleanedUpEmptyShell":false},"庐州美美椰子_958625474098":{"isNewSession":false,"newMsgCount":0,"totalMessages":19,"canonicalChatKey":"庐州美美椰子"},"0累球0_910817683819":{"isNewSession":false,"newMsgCount":0,"totalMessages":6,"canonicalChatKey":"0累球0_994982452499"},"x***2_983484928356":{"isNewSession":false,"newMsgCount":0,"totalMessages":20,"canonicalChatKey":"x***2_991148214602"},"庐州美美椰子_908079810845":{"isNewSession":false,"newMsgCount":0,"totalMessages":8,"canonicalChatKey":"庐州美美椰子"},"":{"isNewSession":false,"newMsgCount":0,"totalMessages":2,"canonicalChatKey":""}}}
[sync] xm_chat_history size: 24512 bytes
[sync] ingest result: {"ok":true,"results":{"阿拉喵主子_1015500846697":{"isNewSession":false,"newMsgCount":0,"totalMessages":1,"canonicalChatKey":"阿拉喵主子_1015500846697"},"庐州美美椰子":{"isNewSession":false,"newMsgCount":0,"totalMessages":2,"canonicalChatKey":"庐州美美椰子"},"庐州美美椰子_910817683819":{"isNewSession":false,"newMsgCount":0,"totalMessages":3,"canonicalChatKey":"庐州美美椰子_910817683819"},"0累球0_994982452499":{"isNewSession":false,"newMsgCount":0,"totalMessages":6,"canonicalChatKey":"0累球0_994982452499"},"码匠铺子_958625474098":{"isNewSession":false,"newMsgCount":0,"totalMessages":19,"canonicalChatKey":"码匠铺子_958625474098"},"x***2_991148214602":{"isNewSession":false,"newMsgCount":0,"totalMessages":8,"canonicalChatKey":"x***2_991148214602"},"孔明科技价格透明合同保障_991702418518":{"isNewSession":false,"newMsgCount":0,"totalMessages":7,"canonicalChatKey":"孔明科技价格透明合同保障_991702418518"},"tbNick_gj6d9_983484928356":{"isNewSession":false,"newMsgCount":0,"totalMessages":20,"canonicalChatKey":"tbNick_gj6d9_983484928356"},"SPSS数据分析师_908079810845":{"isNewSession":false,"newMsgCount":0,"totalMessages":8,"canonicalChatKey":"SPSS数据分析师_908079810845"},"_908079810845":{"isNewSession":false,"newMsgCount":0,"totalMessages":8,"canonicalChatKey":"_908079810845"},"阿拉喵主子":{"isNewSession":false,"newMsgCount":0,"totalMessages":0,"canonicalChatKey":"阿拉喵主子","skipped":true,"reason":"empty_session","cleanedUpEmptyShell":false},"庐州美美椰子_958625474098":{"isNewSession":false,"newMsgCount":0,"totalMessages":19,"canonicalChatKey":"庐州美美椰子"},"0累球0_910817683819":{"isNewSession":false,"newMsgCount":0,"totalMessages":6,"canonicalChatKey":"0累球0_994982452499"},"x***2_983484928356":{"isNewSession":false,"newMsgCount":0,"totalMessages":20,"canonicalChatKey":"x***2_991148214602"},"庐州美美椰子_908079810845":{"isNewSession":false,"newMsgCount":0,"totalMessages":8,"canonicalChatKey":"庐州美美椰子"},"":{"isNewSession":false,"newMsgCount":0,"totalMessages":2,"canonicalChatKey":""}}}
[sync] xm_chat_history size: 25810 bytes
[sync] ingest result: {"ok":true,"results":{"阿拉喵主子_1015500846697":{"isNewSession":false,"newMsgCount":0,"totalMessages":1,"canonicalChatKey":"阿拉喵主子_1015500846697"},"庐州美美椰子":{"isNewSession":false,"newMsgCount":0,"totalMessages":2,"canonicalChatKey":"庐州美美椰子"},"庐州美美椰子_910817683819":{"isNewSession":false,"newMsgCount":3,"totalMessages":3,"canonicalChatKey":"庐州美美椰子"},"0累球0_994982452499":{"isNewSession":false,"newMsgCount":0,"totalMessages":6,"canonicalChatKey":"0累球0_994982452499"},"码匠铺子_958625474098":{"isNewSession":false,"newMsgCount":0,"totalMessages":19,"canonicalChatKey":"码匠铺子_958625474098"},"x***2_991148214602":{"isNewSession":false,"newMsgCount":0,"totalMessages":8,"canonicalChatKey":"x***2_991148214602"},"孔明科技价格透明合同保障_991702418518":{"isNewSession":false,"newMsgCount":0,"totalMessages":7,"canonicalChatKey":"孔明科技价格透明合同保障_991702418518"},"tbNick_gj6d9_983484928356":{"isNewSession":false,"newMsgCount":0,"totalMessages":20,"canonicalChatKey":"tbNick_gj6d9_983484928356"},"SPSS数据分析师_908079810845":{"isNewSession":false,"newMsgCount":0,"totalMessages":8,"canonicalChatKey":"SPSS数据分析师_908079810845"},"_908079810845":{"isNewSession":false,"newMsgCount":0,"totalMessages":8,"canonicalChatKey":"_908079810845"},"阿拉喵主子":{"isNewSession":false,"newMsgCount":0,"totalMessages":0,"canonicalChatKey":"阿拉喵主子","skipped":true,"reason":"empty_session","cleanedUpEmptyShell":false},"庐州美美椰子_958625474098":{"isNewSession":false,"newMsgCount":0,"totalMessages":19,"canonicalChatKey":"庐州美美椰子"},"0累球0_910817683819":{"isNewSession":false,"newMsgCount":0,"totalMessages":6,"canonicalChatKey":"0累球0_994982452499"},"x***2_983484928356":{"isNewSession":false,"newMsgCount":0,"totalMessages":20,"canonicalChatKey":"x***2_991148214602"},"庐州美美椰子_908079810845":{"isNewSession":false,"newMsgCount":0,"totalMessages":8,"canonicalChatKey":"庐州美美椰子"},"":{"isNewSession":false,"newMsgCount":0,"totalMessages":2,"canonicalChatKey":""},"庐州美美椰子_994982452499":{"isNewSession":true,"newMsgCount":6,"totalMessages":6,"canonicalChatKey":"庐州美美椰子_994982452499"}}}
[sync] xm_chat_history size: 27794 bytes
[sync] ingest result: {"ok":true,"results":{"阿拉喵主子_1015500846697":{"isNewSession":false,"newMsgCount":0,"totalMessages":1,"canonicalChatKey":"阿拉喵主子_1015500846697"},"庐州美美椰子":{"isNewSession":false,"newMsgCount":0,"totalMessages":2,"canonicalChatKey":"庐州美美椰子"},"庐州美美椰子_910817683819":{"isNewSession":false,"newMsgCount":3,"totalMessages":3,"canonicalChatKey":"庐州美美椰子_994982452499"},"0累球0_994982452499":{"isNewSession":false,"newMsgCount":0,"totalMessages":6,"canonicalChatKey":"0累球0_994982452499"},"码匠铺子_958625474098":{"isNewSession":false,"newMsgCount":37,"totalMessages":37,"canonicalChatKey":"码匠铺子_958625474098"},"x***2_991148214602":{"isNewSession":false,"newMsgCount":0,"totalMessages":8,"canonicalChatKey":"x***2_991148214602"},"孔明科技价格透明合同保障_991702418518":{"isNewSession":false,"newMsgCount":0,"totalMessages":7,"canonicalChatKey":"孔明科技价格透明合同保障_991702418518"},"tbNick_gj6d9_983484928356":{"isNewSession":false,"newMsgCount":0,"totalMessages":20,"canonicalChatKey":"tbNick_gj6d9_983484928356"},"SPSS数据分析师_908079810845":{"isNewSession":false,"newMsgCount":0,"totalMessages":8,"canonicalChatKey":"SPSS数据分析师_908079810845"},"_908079810845":{"isNewSession":false,"newMsgCount":0,"totalMessages":8,"canonicalChatKey":"_908079810845"},"阿拉喵主子":{"isNewSession":false,"newMsgCount":0,"totalMessages":0,"canonicalChatKey":"阿拉喵主子","skipped":true,"reason":"empty_session","cleanedUpEmptyShell":false},"庐州美美椰子_958625474098":{"isNewSession":false,"newMsgCount":0,"totalMessages":19,"canonicalChatKey":"庐州美美椰子"},"0累球0_910817683819":{"isNewSession":false,"newMsgCount":0,"totalMessages":6,"canonicalChatKey":"0累球0_994982452499"},"x***2_983484928356":{"isNewSession":false,"newMsgCount":0,"totalMessages":20,"canonicalChatKey":"x***2_991148214602"},"庐州美美椰子_908079810845":{"isNewSession":false,"newMsgCount":0,"totalMessages":8,"canonicalChatKey":"庐州美美椰子"},"":{"isNewSession":false,"newMsgCount":0,"totalMessages":2,"canonicalChatKey":""},"庐州美美椰子_994982452499":{"isNewSession":false,"newMsgCount":0,"totalMessages":6,"canonicalChatKey":"庐州美美椰子_994982452499"}}}
[sync] data unchanged, skipping
[sync] data unchanged, skipping
[sync] data unchanged, skipping
[sync] data unchanged, skipping
[sync] data unchanged, skipping
[sync] xm_chat_history size: 28406 bytes
[sync] ingest result: {"ok":true,"results":{"阿拉喵主子_1015500846697":{"isNewSession":false,"newMsgCount":0,"totalMessages":1,"canonicalChatKey":"阿拉喵主子_1015500846697"},"庐州美美椰子":{"isNewSession":false,"newMsgCount":0,"totalMessages":2,"canonicalChatKey":"庐州美美椰子"},"庐州美美椰子_910817683819":{"isNewSession":false,"newMsgCount":0,"totalMessages":3,"canonicalChatKey":"庐州美美椰子_994982452499"},"0累球0_994982452499":{"isNewSession":false,"newMsgCount":0,"totalMessages":6,"canonicalChatKey":"0累球0_994982452499"},"码匠铺子_958625474098":{"isNewSession":false,"newMsgCount":43,"totalMessages":43,"canonicalChatKey":"码匠铺子_958625474098"},"x***2_991148214602":{"isNewSession":false,"newMsgCount":0,"totalMessages":8,"canonicalChatKey":"x***2_991148214602"},"孔明科技价格透明合同保障_991702418518":{"isNewSession":false,"newMsgCount":0,"totalMessages":7,"canonicalChatKey":"孔明科技价格透明合同保障_991702418518"},"tbNick_gj6d9_983484928356":{"isNewSession":false,"newMsgCount":0,"totalMessages":20,"canonicalChatKey":"tbNick_gj6d9_983484928356"},"SPSS数据分析师_908079810845":{"isNewSession":false,"newMsgCount":0,"totalMessages":8,"canonicalChatKey":"SPSS数据分析师_908079810845"},"_908079810845":{"isNewSession":false,"newMsgCount":0,"totalMessages":8,"canonicalChatKey":"_908079810845"},"阿拉喵主子":{"isNewSession":false,"newMsgCount":0,"totalMessages":0,"canonicalChatKey":"阿拉喵主子","skipped":true,"reason":"empty_session","cleanedUpEmptyShell":false},"庐州美美椰子_958625474098":{"isNewSession":false,"newMsgCount":0,"totalMessages":19,"canonicalChatKey":"庐州美美椰子"},"0累球0_910817683819":{"isNewSession":false,"newMsgCount":0,"totalMessages":6,"canonicalChatKey":"0累球0_994982452499"},"x***2_983484928356":{"isNewSession":false,"newMsgCount":0,"totalMessages":20,"canonicalChatKey":"x***2_991148214602"},"庐州美美椰子_908079810845":{"isNewSession":false,"newMsgCount":0,"totalMessages":8,"canonicalChatKey":"庐州美美椰子"},"":{"isNewSession":false,"newMsgCount":0,"totalMessages":2,"canonicalChatKey":""},"庐州美美椰子_994982452499":{"isNewSession":false,"newMsgCount":0,"totalMessages":6,"canonicalChatKey":"庐州美美椰子_994982452499"}}}
[sync] data unchanged, skipping
[sync] data unchanged, skipping
[sync] data unchanged, skipping
[sync] data unchanged, skipping
[sync] data unchanged, skipping
[sync] data unchanged, skipping
[sync] data unchanged, skipping
[sync] data unchanged, skipping
[sync] data unchanged, skipping
[sync] data unchanged, skipping
[sync] data unchanged, skipping
[sync] data unchanged, skipping
[sync] data unchanged, skipping
[sync] data unchanged, skipping
[sync] data unchanged, skipping
[sync] data unchanged, skipping
[sync] data unchanged, skipping
[sync] data unchanged, skipping
[sync] data unchanged, skipping
[sync] data unchanged, skipping
[sync] xm_chat_history size: 776 bytes
[sync] ingest result: {"ok":true,"results":{"阿拉喵主子_1015500846697":{"isNewSession":false,"newMsgCount":0,"totalMessages":1,"canonicalChatKey":"阿拉喵主子_1015500846697"}}}
[sync] data unchanged, skipping
[sync] xm_chat_history size: 1540 bytes
[sync] ingest result: {"ok":true,"results":{"阿拉喵主子_1015500846697":{"isNewSession":false,"newMsgCount":0,"totalMessages":1,"canonicalChatKey":"阿拉喵主子_1015500846697"},"庐州美美椰子":{"isNewSession":false,"newMsgCount":0,"totalMessages":2,"canonicalChatKey":"庐州美美椰子"}}}
[sync] data unchanged, skipping
[sync] xm_chat_history size: 3838 bytes
[sync] ingest result: {"ok":true,"results":{"阿拉喵主子_1015500846697":{"isNewSession":false,"newMsgCount":0,"totalMessages":1,"canonicalChatKey":"阿拉喵主子_1015500846697"},"庐州美美椰子":{"isNewSession":false,"newMsgCount":0,"totalMessages":2,"canonicalChatKey":"庐州美美椰子"},"庐州美美椰子_910817683819":{"isNewSession":false,"newMsgCount":0,"totalMessages":3,"canonicalChatKey":"庐州美美椰子_994982452499"},"0累球0_994982452499":{"isNewSession":false,"newMsgCount":0,"totalMessages":6,"canonicalChatKey":"0累球0_994982452499"}}}
[sync] xm_chat_history size: 9097 bytes
[sync] ingest result: {"ok":true,"results":{"阿拉喵主子_1015500846697":{"isNewSession":false,"newMsgCount":0,"totalMessages":1,"canonicalChatKey":"阿拉喵主子_1015500846697"},"庐州美美椰子":{"isNewSession":false,"newMsgCount":0,"totalMessages":2,"canonicalChatKey":"庐州美美椰子"},"庐州美美椰子_910817683819":{"isNewSession":false,"newMsgCount":0,"totalMessages":3,"canonicalChatKey":"庐州美美椰子_994982452499"},"0累球0_994982452499":{"isNewSession":false,"newMsgCount":0,"totalMessages":6,"canonicalChatKey":"0累球0_994982452499"},"码匠铺子_958625474098":{"isNewSession":false,"newMsgCount":0,"totalMessages":43,"canonicalChatKey":"码匠铺子_958625474098"}}}
[sync] xm_chat_history size: 10669 bytes
[sync] ingest result: {"ok":true,"results":{"阿拉喵主子_1015500846697":{"isNewSession":false,"newMsgCount":0,"totalMessages":1,"canonicalChatKey":"阿拉喵主子_1015500846697"},"庐州美美椰子":{"isNewSession":false,"newMsgCount":0,"totalMessages":2,"canonicalChatKey":"庐州美美椰子"},"庐州美美椰子_910817683819":{"isNewSession":false,"newMsgCount":0,"totalMessages":3,"canonicalChatKey":"庐州美美椰子_994982452499"},"0累球0_994982452499":{"isNewSession":false,"newMsgCount":0,"totalMessages":6,"canonicalChatKey":"0累球0_994982452499"},"码匠铺子_958625474098":{"isNewSession":false,"newMsgCount":0,"totalMessages":43,"canonicalChatKey":"码匠铺子_958625474098"},"x***2_991148214602":{"isNewSession":false,"newMsgCount":0,"totalMessages":8,"canonicalChatKey":"x***2_991148214602"}}}
[sync] xm_chat_history size: 12122 bytes
[sync] ingest result: {"ok":true,"results":{"阿拉喵主子_1015500846697":{"isNewSession":false,"newMsgCount":0,"totalMessages":1,"canonicalChatKey":"阿拉喵主子_1015500846697"},"庐州美美椰子":{"isNewSession":false,"newMsgCount":0,"totalMessages":2,"canonicalChatKey":"庐州美美椰子"},"庐州美美椰子_910817683819":{"isNewSession":false,"newMsgCount":0,"totalMessages":3,"canonicalChatKey":"庐州美美椰子_994982452499"},"0累球0_994982452499":{"isNewSession":false,"newMsgCount":0,"totalMessages":6,"canonicalChatKey":"0累球0_994982452499"},"码匠铺子_958625474098":{"isNewSession":false,"newMsgCount":0,"totalMessages":43,"canonicalChatKey":"码匠铺子_958625474098"},"x***2_991148214602":{"isNewSession":false,"newMsgCount":0,"totalMessages":8,"canonicalChatKey":"x***2_991148214602"},"孔明科技价格透明合同保障_991702418518":{"isNewSession":false,"newMsgCount":0,"totalMessages":7,"canonicalChatKey":"孔明科技价格透明合同保障_991702418518"}}}
[sync] xm_chat_history size: 15047 bytes
[sync] ingest result: {"ok":true,"results":{"阿拉喵主子_1015500846697":{"isNewSession":false,"newMsgCount":0,"totalMessages":1,"canonicalChatKey":"阿拉喵主子_1015500846697"},"庐州美美椰子":{"isNewSession":false,"newMsgCount":0,"totalMessages":2,"canonicalChatKey":"庐州美美椰子"},"庐州美美椰子_910817683819":{"isNewSession":false,"newMsgCount":0,"totalMessages":3,"canonicalChatKey":"庐州美美椰子_994982452499"},"0累球0_994982452499":{"isNewSession":false,"newMsgCount":0,"totalMessages":6,"canonicalChatKey":"0累球0_994982452499"},"码匠铺子_958625474098":{"isNewSession":false,"newMsgCount":0,"totalMessages":43,"canonicalChatKey":"码匠铺子_958625474098"},"x***2_991148214602":{"isNewSession":false,"newMsgCount":0,"totalMessages":8,"canonicalChatKey":"x***2_991148214602"},"孔明科技价格透明合同保障_991702418518":{"isNewSession":false,"newMsgCount":0,"totalMessages":7,"canonicalChatKey":"孔明科技价格透明合同保障_991702418518"},"tbNick_gj6d9_983484928356":{"isNewSession":false,"newMsgCount":0,"totalMessages":20,"canonicalChatKey":"tbNick_gj6d9_983484928356"}}}
[sync] xm_chat_history size: 19508 bytes
[sync] ingest result: {"ok":true,"results":{"阿拉喵主子_1015500846697":{"isNewSession":false,"newMsgCount":0,"totalMessages":1,"canonicalChatKey":"阿拉喵主子_1015500846697"},"庐州美美椰子":{"isNewSession":false,"newMsgCount":0,"totalMessages":2,"canonicalChatKey":"庐州美美椰子"},"庐州美美椰子_910817683819":{"isNewSession":false,"newMsgCount":0,"totalMessages":3,"canonicalChatKey":"庐州美美椰子_994982452499"},"0累球0_994982452499":{"isNewSession":false,"newMsgCount":0,"totalMessages":6,"canonicalChatKey":"0累球0_994982452499"},"码匠铺子_958625474098":{"isNewSession":false,"newMsgCount":0,"totalMessages":43,"canonicalChatKey":"码匠铺子_958625474098"},"x***2_991148214602":{"isNewSession":false,"newMsgCount":0,"totalMessages":8,"canonicalChatKey":"x***2_991148214602"},"孔明科技价格透明合同保障_991702418518":{"isNewSession":false,"newMsgCount":0,"totalMessages":7,"canonicalChatKey":"孔明科技价格透明合同保障_991702418518"},"tbNick_gj6d9_983484928356":{"isNewSession":false,"newMsgCount":0,"totalMessages":20,"canonicalChatKey":"tbNick_gj6d9_983484928356"},"x***2_983484928356":{"isNewSession":false,"newMsgCount":0,"totalMessages":20,"canonicalChatKey":"x***2_991148214602"},"SPSS数据分析师_908079810845":{"isNewSession":false,"newMsgCount":0,"totalMessages":8,"canonicalChatKey":"SPSS数据分析师_908079810845"}}}
[sync] data unchanged, skipping
[sync] data unchanged, skipping
[sync] data unchanged, skipping
[sync] data unchanged, skipping
[sync] data unchanged, skipping
[sync] xm_chat_history size: 22725 bytes
[sync] ingest result: {"ok":true,"results":{"阿拉喵主子_1015500846697":{"isNewSession":false,"newMsgCount":0,"totalMessages":1,"canonicalChatKey":"阿拉喵主子_1015500846697"},"庐州美美椰子":{"isNewSession":false,"newMsgCount":0,"totalMessages":2,"canonicalChatKey":"庐州美美椰子"},"庐州美美椰子_910817683819":{"isNewSession":false,"newMsgCount":32,"totalMessages":32,"canonicalChatKey":"庐州美美椰子_994982452499"},"0累球0_994982452499":{"isNewSession":false,"newMsgCount":0,"totalMessages":6,"canonicalChatKey":"0累球0_994982452499"},"码匠铺子_958625474098":{"isNewSession":false,"newMsgCount":0,"totalMessages":43,"canonicalChatKey":"码匠铺子_958625474098"},"x***2_991148214602":{"isNewSession":false,"newMsgCount":0,"totalMessages":8,"canonicalChatKey":"x***2_991148214602"},"孔明科技价格透明合同保障_991702418518":{"isNewSession":false,"newMsgCount":0,"totalMessages":7,"canonicalChatKey":"孔明科技价格透明合同保障_991702418518"},"tbNick_gj6d9_983484928356":{"isNewSession":false,"newMsgCount":0,"totalMessages":20,"canonicalChatKey":"tbNick_gj6d9_983484928356"},"x***2_983484928356":{"isNewSession":false,"newMsgCount":0,"totalMessages":20,"canonicalChatKey":"x***2_991148214602"},"SPSS数据分析师_908079810845":{"isNewSession":false,"newMsgCount":0,"totalMessages":8,"canonicalChatKey":"SPSS数据分析师_908079810845"}}}
[sync] xm_chat_history size: 30959 bytes
[sync] ingest result: {"ok":true,"results":{"阿拉喵主子_1015500846697":{"isNewSession":false,"newMsgCount":0,"totalMessages":1,"canonicalChatKey":"阿拉喵主子_1015500846697"},"庐州美美椰子":{"isNewSession":false,"newMsgCount":0,"totalMessages":2,"canonicalChatKey":"庐州美美椰子"},"庐州美美椰子_910817683819":{"isNewSession":false,"newMsgCount":97,"totalMessages":97,"canonicalChatKey":"庐州美美椰子_994982452499"},"0累球0_994982452499":{"isNewSession":false,"newMsgCount":0,"totalMessages":6,"canonicalChatKey":"0累球0_994982452499"},"码匠铺子_958625474098":{"isNewSession":false,"newMsgCount":0,"totalMessages":43,"canonicalChatKey":"码匠铺子_958625474098"},"x***2_991148214602":{"isNewSession":false,"newMsgCount":0,"totalMessages":8,"canonicalChatKey":"x***2_991148214602"},"孔明科技价格透明合同保障_991702418518":{"isNewSession":false,"newMsgCount":0,"totalMessages":7,"canonicalChatKey":"孔明科技价格透明合同保障_991702418518"},"tbNick_gj6d9_983484928356":{"isNewSession":false,"newMsgCount":0,"totalMessages":20,"canonicalChatKey":"tbNick_gj6d9_983484928356"},"x***2_983484928356":{"isNewSession":false,"newMsgCount":0,"totalMessages":20,"canonicalChatKey":"x***2_991148214602"},"SPSS数据分析师_908079810845":{"isNewSession":false,"newMsgCount":0,"totalMessages":8,"canonicalChatKey":"SPSS数据分析师_908079810845"}}}
[sync] xm_chat_history size: 33839 bytes
[sync] ingest result: {"ok":true,"results":{"阿拉喵主子_1015500846697":{"isNewSession":false,"newMsgCount":0,"totalMessages":1,"canonicalChatKey":"阿拉喵主子_1015500846697"},"庐州美美椰子":{"isNewSession":false,"newMsgCount":0,"totalMessages":2,"canonicalChatKey":"庐州美美椰子"},"庐州美美椰子_910817683819":{"isNewSession":false,"newMsgCount":117,"totalMessages":117,"canonicalChatKey":"庐州美美椰子_994982452499"},"0累球0_994982452499":{"isNewSession":false,"newMsgCount":0,"totalMessages":6,"canonicalChatKey":"0累球0_994982452499"},"码匠铺子_958625474098":{"isNewSession":false,"newMsgCount":0,"totalMessages":43,"canonicalChatKey":"码匠铺子_958625474098"},"x***2_991148214602":{"isNewSession":false,"newMsgCount":0,"totalMessages":8,"canonicalChatKey":"x***2_991148214602"},"孔明科技价格透明合同保障_991702418518":{"isNewSession":false,"newMsgCount":0,"totalMessages":7,"canonicalChatKey":"孔明科技价格透明合同保障_991702418518"},"tbNick_gj6d9_983484928356":{"isNewSession":false,"newMsgCount":0,"totalMessages":20,"canonicalChatKey":"tbNick_gj6d9_983484928356"},"x***2_983484928356":{"isNewSession":false,"newMsgCount":0,"totalMessages":20,"canonicalChatKey":"x***2_991148214602"},"SPSS数据分析师_908079810845":{"isNewSession":false,"newMsgCount":0,"totalMessages":8,"canonicalChatKey":"SPSS数据分析师_908079810845"}}}
[sync] xm_chat_history size: 42510 bytes
[sync] ingest result: {"ok":true,"results":{"阿拉喵主子_1015500846697":{"isNewSession":false,"newMsgCount":0,"totalMessages":1,"canonicalChatKey":"阿拉喵主子_1015500846697"},"庐州美美椰子":{"isNewSession":false,"newMsgCount":0,"totalMessages":2,"canonicalChatKey":"庐州美美椰子"},"庐州美美椰子_910817683819":{"isNewSession":false,"newMsgCount":193,"totalMessages":193,"canonicalChatKey":"庐州美美椰子_994982452499"},"0累球0_994982452499":{"isNewSession":false,"newMsgCount":0,"totalMessages":6,"canonicalChatKey":"0累球0_994982452499"},"码匠铺子_958625474098":{"isNewSession":false,"newMsgCount":0,"totalMessages":43,"canonicalChatKey":"码匠铺子_958625474098"},"x***2_991148214602":{"isNewSession":false,"newMsgCount":0,"totalMessages":8,"canonicalChatKey":"x***2_991148214602"},"孔明科技价格透明合同保障_991702418518":{"isNewSession":false,"newMsgCount":0,"totalMessages":7,"canonicalChatKey":"孔明科技价格透明合同保障_991702418518"},"tbNick_gj6d9_983484928356":{"isNewSession":false,"newMsgCount":0,"totalMessages":20,"canonicalChatKey":"tbNick_gj6d9_983484928356"},"x***2_983484928356":{"isNewSession":false,"newMsgCount":0,"totalMessages":20,"canonicalChatKey":"x***2_991148214602"},"SPSS数据分析师_908079810845":{"isNewSession":false,"newMsgCount":0,"totalMessages":8,"canonicalChatKey":"SPSS数据分析师_908079810845"}}}
[sync] data unchanged, skipping
[sync] data unchanged, skipping
[sync] data unchanged, skipping
[sync] data unchanged, skipping
[sync] data unchanged, skipping
[sync] data unchanged, skipping
[sync] data unchanged, skipping
[sync] data unchanged, skipping
[sync] data unchanged, skipping
[sync] data unchanged, skipping
[sync] data unchanged, skipping
[sync] data unchanged, skipping
[sync] data unchanged, skipping
[sync] data unchanged, skipping
[sync] data unchanged, skipping
[sync] data unchanged, skipping
[sync] data unchanged, skipping
[sync] data unchanged, skipping
[sync] data unchanged, skipping
[sync] data unchanged, skipping
[sync] data unchanged, skipping
[sync] data unchanged, skipping
[sync] data unchanged, skipping
[sync] data unchanged, skipping
[sync] data unchanged, skipping
[sync] data unchanged, skipping
[sync] data unchanged, skipping
[sync] data unchanged, skipping
[sync] data unchanged, skipping
[sync] data unchanged, skipping
[sync] data unchanged, skipping
[sync] data unchanged, skipping
[sync] data unchanged, skipping
[sync] data unchanged, skipping
[sync] data unchanged, skipping
[sync] data unchanged, skipping
[sync] data unchanged, skipping
[sync] data unchanged, skipping
[sync] data unchanged, skipping
[sync] data unchanged, skipping
[sync] data unchanged, skipping
[sync] data unchanged, skipping
[17360:1050478:0328/170652.212793:ERROR:components/webapps/browser/web_contents/web_app_url_loader.cc:180] Error loading https://mail.google.com/chat/download?usp=chrome_preinstall_update page took too long to load.
[sync] data unchanged, skipping
[sync] data unchanged, skipping
[sync] data unchanged, skipping
[sync] data unchanged, skipping
[sync] data unchanged, skipping
[sync] data unchanged, skipping
[sync] data unchanged, skipping
[sync] data unchanged, skipping
[sync] data unchanged, skipping
[sync] data unchanged, skipping
[sync] data unchanged, skipping
[sync] data unchanged, skipping
[sync] data unchanged, skipping
[sync] data unchanged, skipping
[sync] data unchanged, skipping
[sync] data unchanged, skipping
[sync] data unchanged, skipping
[sync] data unchanged, skipping
[sync] data unchanged, skipping
[sync] data unchanged, skipping
[sync] data unchanged, skipping
[sync] data unchanged, skipping
[sync] data unchanged, skipping
[sync] data unchanged, skipping
[sync] data unchanged, skipping
[sync] data unchanged, skipping
[sync] data unchanged, skipping
[sync] data unchanged, skipping
[sync] data unchanged, skipping
[sync] data unchanged, skipping
[sync] data unchanged, skipping
[sync] data unchanged, skipping
[sync] data unchanged, skipping
[sync] data unchanged, skipping
[sync] data unchanged, skipping
[sync] data unchanged, skipping
[sync] data unchanged, skipping
[sync] data unchanged, skipping
[sync] data unchanged, skipping
[sync] data unchanged, skipping
[sync] data unchanged, skipping
[sync] data unchanged, skipping
[sync] data unchanged, skipping
[sync] data unchanged, skipping
[sync] data unchanged, skipping
[sync] data unchanged, skipping
[sync] data unchanged, skipping
[sync] data unchanged, skipping
[sync] data unchanged, skipping
[sync] data unchanged, skipping
[sync] data unchanged, skipping
[sync] data unchanged, skipping
[sync] data unchanged, skipping
[sync] data unchanged, skipping
[sync] data unchanged, skipping
[sync] data unchanged, skipping
[sync] data unchanged, skipping
[sync] data unchanged, skipping
[sync] xm_chat_history size: 42538 bytes
[sync] ingest result: {"ok":true,"results":{"阿拉喵主子_1015500846697":{"isNewSession":false,"newMsgCount":0,"totalMessages":1,"canonicalChatKey":"阿拉喵主子_1015500846697"},"庐州美美椰子":{"isNewSession":false,"newMsgCount":2,"totalMessages":2,"canonicalChatKey":"庐州美美椰子_994982452499"},"庐州美美椰子_910817683819":{"isNewSession":false,"newMsgCount":0,"totalMessages":193,"canonicalChatKey":"庐州美美椰子_994982452499"},"0累球0_994982452499":{"isNewSession":false,"newMsgCount":0,"totalMessages":6,"canonicalChatKey":"0累球0_994982452499"},"码匠铺子_958625474098":{"isNewSession":false,"newMsgCount":0,"totalMessages":43,"canonicalChatKey":"码匠铺子_958625474098"},"x***2_991148214602":{"isNewSession":false,"newMsgCount":0,"totalMessages":8,"canonicalChatKey":"x***2_991148214602"},"孔明科技价格透明合同保障_991702418518":{"isNewSession":false,"newMsgCount":0,"totalMessages":7,"canonicalChatKey":"孔明科技价格透明合同保障_991702418518"},"tbNick_gj6d9_983484928356":{"isNewSession":false,"newMsgCount":0,"totalMessages":20,"canonicalChatKey":"tbNick_gj6d9_983484928356"},"x***2_983484928356":{"isNewSession":false,"newMsgCount":0,"totalMessages":20,"canonicalChatKey":"x***2_991148214602"},"SPSS数据分析师_908079810845":{"isNewSession":false,"newMsgCount":0,"totalMessages":8,"canonicalChatKey":"SPSS数据分析师_908079810845"}}}
[sync] xm_chat_history size: 19508 bytes
[sync] ingest result: {"ok":true,"results":{"阿拉喵主子_1015500846697":{"isNewSession":false,"newMsgCount":0,"totalMessages":1,"canonicalChatKey":"阿拉喵主子_1015500846697"},"庐州美美椰子":{"isNewSession":true,"newMsgCount":2,"totalMessages":2,"canonicalChatKey":"庐州美美椰子"},"庐州美美椰子_910817683819":{"isNewSession":false,"newMsgCount":0,"totalMessages":3,"canonicalChatKey":"庐州美美椰子_994982452499"},"0累球0_994982452499":{"isNewSession":false,"newMsgCount":0,"totalMessages":6,"canonicalChatKey":"0累球0_994982452499"},"码匠铺子_958625474098":{"isNewSession":false,"newMsgCount":0,"totalMessages":43,"canonicalChatKey":"码匠铺子_958625474098"},"x***2_991148214602":{"isNewSession":false,"newMsgCount":0,"totalMessages":8,"canonicalChatKey":"x***2_991148214602"},"孔明科技价格透明合同保障_991702418518":{"isNewSession":false,"newMsgCount":0,"totalMessages":7,"canonicalChatKey":"孔明科技价格透明合同保障_991702418518"},"tbNick_gj6d9_983484928356":{"isNewSession":false,"newMsgCount":0,"totalMessages":20,"canonicalChatKey":"tbNick_gj6d9_983484928356"},"x***2_983484928356":{"isNewSession":false,"newMsgCount":0,"totalMessages":20,"canonicalChatKey":"x***2_991148214602"},"SPSS数据分析师_908079810845":{"isNewSession":false,"newMsgCount":0,"totalMessages":8,"canonicalChatKey":"SPSS数据分析师_908079810845"}}}
[sync] xm_chat_history size: 27186 bytes
[sync] ingest result: {"ok":true,"results":{"阿拉喵主子_1015500846697":{"isNewSession":false,"newMsgCount":0,"totalMessages":1,"canonicalChatKey":"阿拉喵主子_1015500846697"},"庐州美美椰子":{"isNewSession":false,"newMsgCount":0,"totalMessages":2,"canonicalChatKey":"庐州美美椰子"},"庐州美美椰子_910817683819":{"isNewSession":false,"newMsgCount":0,"totalMessages":70,"canonicalChatKey":"庐州美美椰子_994982452499"},"0累球0_994982452499":{"isNewSession":false,"newMsgCount":0,"totalMessages":6,"canonicalChatKey":"0累球0_994982452499"},"码匠铺子_958625474098":{"isNewSession":false,"newMsgCount":0,"totalMessages":43,"canonicalChatKey":"码匠铺子_958625474098"},"x***2_991148214602":{"isNewSession":false,"newMsgCount":0,"totalMessages":8,"canonicalChatKey":"x***2_991148214602"},"孔明科技价格透明合同保障_991702418518":{"isNewSession":false,"newMsgCount":0,"totalMessages":7,"canonicalChatKey":"孔明科技价格透明合同保障_991702418518"},"tbNick_gj6d9_983484928356":{"isNewSession":false,"newMsgCount":0,"totalMessages":20,"canonicalChatKey":"tbNick_gj6d9_983484928356"},"x***2_983484928356":{"isNewSession":false,"newMsgCount":0,"totalMessages":20,"canonicalChatKey":"x***2_991148214602"},"SPSS数据分析师_908079810845":{"isNewSession":false,"newMsgCount":0,"totalMessages":8,"canonicalChatKey":"SPSS数据分析师_908079810845"}}}
[sync] data unchanged, skipping
[sync] xm_chat_history size: 30959 bytes
[sync] ingest result: {"ok":true,"results":{"阿拉喵主子_1015500846697":{"isNewSession":false,"newMsgCount":0,"totalMessages":1,"canonicalChatKey":"阿拉喵主子_1015500846697"},"庐州美美椰子":{"isNewSession":false,"newMsgCount":0,"totalMessages":2,"canonicalChatKey":"庐州美美椰子"},"庐州美美椰子_910817683819":{"isNewSession":false,"newMsgCount":0,"totalMessages":97,"canonicalChatKey":"庐州美美椰子_994982452499"},"0累球0_994982452499":{"isNewSession":false,"newMsgCount":0,"totalMessages":6,"canonicalChatKey":"0累球0_994982452499"},"码匠铺子_958625474098":{"isNewSession":false,"newMsgCount":0,"totalMessages":43,"canonicalChatKey":"码匠铺子_958625474098"},"x***2_991148214602":{"isNewSession":false,"newMsgCount":0,"totalMessages":8,"canonicalChatKey":"x***2_991148214602"},"孔明科技价格透明合同保障_991702418518":{"isNewSession":false,"newMsgCount":0,"totalMessages":7,"canonicalChatKey":"孔明科技价格透明合同保障_991702418518"},"tbNick_gj6d9_983484928356":{"isNewSession":false,"newMsgCount":0,"totalMessages":20,"canonicalChatKey":"tbNick_gj6d9_983484928356"},"x***2_983484928356":{"isNewSession":false,"newMsgCount":0,"totalMessages":20,"canonicalChatKey":"x***2_991148214602"},"SPSS数据分析师_908079810845":{"isNewSession":false,"newMsgCount":0,"totalMessages":8,"canonicalChatKey":"SPSS数据分析师_908079810845"}}}
[sync] data unchanged, skipping
[sync] data unchanged, skipping
[sync] data unchanged, skipping
[sync] data unchanged, skipping
[sync] data unchanged, skipping
[sync] data unchanged, skipping
[sync] data unchanged, skipping
[sync] data unchanged, skipping
[sync] data unchanged, skipping
[sync] data unchanged, skipping
[sync] data unchanged, skipping
[sync] data unchanged, skipping
[sync] data unchanged, skipping
[sync] data unchanged, skipping
[sync] data unchanged, skipping
[sync] data unchanged, skipping
[sync] data unchanged, skipping
[sync] data unchanged, skipping
[sync] data unchanged, skipping
[sync] data unchanged, skipping
[sync] data unchanged, skipping
[sync] data unchanged, skipping
[sync] data unchanged, skipping
[sync] data unchanged, skipping
[sync] data unchanged, skipping
[sync] data unchanged, skipping
[sync] xm_chat_history size: 30931 bytes
[sync] ingest result: {"ok":true,"results":{"阿拉喵主子_1015500846697":{"isNewSession":false,"newMsgCount":0,"totalMessages":1,"canonicalChatKey":"阿拉喵主子_1015500846697"},"庐州美美椰子":{"isNewSession":false,"newMsgCount":0,"totalMessages":2,"canonicalChatKey":"庐州美美椰子"},"庐州美美椰子_910817683819":{"isNewSession":false,"newMsgCount":97,"totalMessages":97,"canonicalChatKey":"庐州美美椰子"},"0累球0_994982452499":{"isNewSession":false,"newMsgCount":0,"totalMessages":6,"canonicalChatKey":"0累球0_994982452499"},"码匠铺子_958625474098":{"isNewSession":false,"newMsgCount":0,"totalMessages":43,"canonicalChatKey":"码匠铺子_958625474098"},"x***2_991148214602":{"isNewSession":false,"newMsgCount":0,"totalMessages":8,"canonicalChatKey":"x***2_991148214602"},"孔明科技价格透明合同保障_991702418518":{"isNewSession":false,"newMsgCount":0,"totalMessages":7,"canonicalChatKey":"孔明科技价格透明合同保障_991702418518"},"tbNick_gj6d9_983484928356":{"isNewSession":false,"newMsgCount":0,"totalMessages":20,"canonicalChatKey":"tbNick_gj6d9_983484928356"},"x***2_983484928356":{"isNewSession":false,"newMsgCount":0,"totalMessages":20,"canonicalChatKey":"x***2_991148214602"},"SPSS数据分析师_908079810845":{"isNewSession":false,"newMsgCount":0,"totalMessages":8,"canonicalChatKey":"SPSS数据分析师_908079810845"}}}
[sync] data unchanged, skipping
[sync] data unchanged, skipping
[sync] data unchanged, skipping
[sync] data unchanged, skipping
[sync] data unchanged, skipping
[sync] data unchanged, skipping
[sync] data unchanged, skipping
[sync] data unchanged, skipping
[sync] data unchanged, skipping
[sync] data unchanged, skipping
[sync] data unchanged, skipping
[sync] data unchanged, skipping
[sync] data unchanged, skipping
[sync] data unchanged, skipping
[sync] data unchanged, skipping
[sync] data unchanged, skipping
[sync] data unchanged, skipping
[sync] data unchanged, skipping
[sync] data unchanged, skipping
[sync] data unchanged, skipping
[sync] data unchanged, skipping
[sync] data unchanged, skipping
[sync] data unchanged, skipping
[sync] data unchanged, skipping
[2026/3/28 17:16:25] [client] 收到 SIGTERM，准备停止所有子进程
[2026/3/28 17:16:29] [client] 已向 server 注册 client: 纯粹衣饰 (account: default)
[2026/3/28 17:16:29] [client] 本地 browser bridge 已启动: https://127.0.0.1:3211/ws/browser
[2026/3/28 17:16:29] [client] 已为项目专用 Chrome 注入本地 bridge 证书 SPKI allowlist
[2026/3/28 17:16:29] [client] 启动前清理 Chrome 瞬态数据: SingletonSocket, GraphiteDawnCache, ShaderCache, GrShaderCache, component_crx_cache, Default/Cache, Default/Code Cache, Default/GPUCache, Default/DawnGraphiteCache, Default/DawnWebGPUCache, Default/blob_storage, Default/Session Storage, Default/Service Worker, Default/Platform Notifications, Default/Network Persistent State
[2026/3/28 17:16:29] [client] 拉起 Chrome profile "xianyu" (Default)，用户数据目录 /Users/snoopy/Documents/vscode/TamperFish/deploy/local-client-package/.chrome-xianyu-profile，监听 18800
[2026/3/28 17:16:29] [client] 恢复上次会话（保留 session cookie）

DevTools listening on ws://127.0.0.1:18800/devtools/browser/cca683f4-3244-49e7-94c5-397c312c9c2d
[2026/3/28 17:16:30] [client] 启动 sync.ts，连接 CDP 18800，同步到 http://127.0.0.1:3210，client: 纯粹衣饰
[sync] starting daemon — interval 5000ms
[sync] error: goofish.com/im tab not found
Trying to load the allocator multiple times. This is *not* supported.
[sync] error: goofish.com/im tab not found
[sync] error: goofish.com/im tab not found
[sync] error: goofish.com/im tab not found
[24545:1085261:0328/171649.228444:VERBOSE1:chrome/updater/updater.cc:432] Version: 148.0.7730.0, opt, x86_64, command line: /Users/snoopy/Library/Application Support/Google/GoogleUpdater/148.0.7730.0/GoogleUpdater.app/Contents/MacOS/GoogleUpdater --wake-all --enable-logging --vmodule=*/components/update_client/*=2,*/chrome/enterprise_companion/*=2,*/chrome/updater/*=2
[24545:1085261:0328/171649.228850:VERBOSE1:chrome/updater/updater.cc:435] OS version: 14.1.1, arch: x86_64, System uptime (seconds): 49515, parent pid: 24169
[24545:1085261:0328/171649.232983:VERBOSE2:chrome/updater/event_history.cc:270] Emitted a UPDATER_PROCESS START event to the history log
[24547:1085265:0328/171649.249678:VERBOSE1:chrome/updater/updater.cc:432] Version: 148.0.7730.0, opt, x86_64, command line: /Users/snoopy/Library/Application Support/Google/GoogleUpdater/148.0.7730.0/GoogleUpdater.app/Contents/MacOS/GoogleUpdater --crash-handler --database=/Users/snoopy/Library/Application Support/Google/GoogleUpdater/148.0.7730.0/Crashpad --url=https://clients2.google.com/cr/report --annotation=prod=Update4 --annotation=ver=148.0.7730.0 --handshake-fd=6 --enable-logging --vmodule=*/components/update_client/*=2,*/chrome/enterprise_companion/*=2,*/chrome/updater/*=2
[24547:1085265:0328/171649.250041:VERBOSE1:chrome/updater/updater.cc:435] OS version: 14.1.1, arch: x86_64, System uptime (seconds): 49515, parent pid: 1
[24547:1085265:0328/171649.254043:VERBOSE2:chrome/updater/event_history.cc:270] Emitted a UPDATER_PROCESS START event to the history log
[24545:1085261:0328/171649.254984:VERBOSE1:chrome/updater/crash_reporter.cc:129] Crash handler launched and ready.
[24545:1085261:0328/171649.256418:VERBOSE1:chrome/updater/crash_client.cc:108] Found 0 completed crash reports
[24545:1085261:0328/171649.256548:VERBOSE1:chrome/updater/crash_client.cc:132] Found 0 pending crash reports
[24545:1085261:0328/171649.256725:ERROR:third_party/crashpad/crashpad/util/file/file_io_posix.cc:145] open /Users/snoopy/Library/Application Support/Google/RLZ/Crashpad/settings.dat: No such file or directory (2)
[24545:1085261:0328/171649.256764:ERROR:third_party/crashpad/crashpad/util/file/file_io_posix.cc:145] open /Users/snoopy/Library/Application Support/Google/Measurement/Crashpad/settings.dat: No such file or directory (2)
[24545:1085261:0328/171649.256787:ERROR:third_party/crashpad/crashpad/util/file/file_io_posix.cc:145] open /Users/snoopy/Library/Application Support/Google/FIRApp/Crashpad/settings.dat: No such file or directory (2)
[24545:1085261:0328/171649.256869:VERBOSE1:chrome/updater/updater.cc:106] Crash reporting initialized.
[24545:1085273:0328/171649.257520:VERBOSE1:chrome/updater/app/app_wakeall.cc:56] Launching `/Users/snoopy/Library/Application Support/Google/GoogleUpdater/148.0.7730.0/GoogleUpdater.app/Contents/MacOS/GoogleUpdater --wake`
[24548:1085277:0328/171649.273464:VERBOSE1:chrome/updater/updater.cc:432] Version: 148.0.7730.0, opt, x86_64, command line: /Users/snoopy/Library/Application Support/Google/GoogleUpdater/148.0.7730.0/GoogleUpdater.app/Contents/MacOS/GoogleUpdater --wake --enable-logging --vmodule=*/components/update_client/*=2,*/chrome/enterprise_companion/*=2,*/chrome/updater/*=2
[24548:1085277:0328/171649.273807:VERBOSE1:chrome/updater/updater.cc:435] OS version: 14.1.1, arch: x86_64, System uptime (seconds): 49515, parent pid: 24545
[24548:1085277:0328/171649.277983:VERBOSE2:chrome/updater/event_history.cc:270] Emitted a UPDATER_PROCESS START event to the history log
[24550:1085281:0328/171649.294898:VERBOSE1:chrome/updater/updater.cc:432] Version: 148.0.7730.0, opt, x86_64, command line: /Users/snoopy/Library/Application Support/Google/GoogleUpdater/148.0.7730.0/GoogleUpdater.app/Contents/MacOS/GoogleUpdater --crash-handler --database=/Users/snoopy/Library/Application Support/Google/GoogleUpdater/148.0.7730.0/Crashpad --url=https://clients2.google.com/cr/report --annotation=prod=Update4 --annotation=ver=148.0.7730.0 --handshake-fd=6 --enable-logging --vmodule=*/components/update_client/*=2,*/chrome/enterprise_companion/*=2,*/chrome/updater/*=2
[24550:1085281:0328/171649.295329:VERBOSE1:chrome/updater/updater.cc:435] OS version: 14.1.1, arch: x86_64, System uptime (seconds): 49516, parent pid: 1
[24550:1085281:0328/171649.299476:VERBOSE2:chrome/updater/event_history.cc:270] Emitted a UPDATER_PROCESS START event to the history log
[24548:1085277:0328/171649.300375:VERBOSE1:chrome/updater/crash_reporter.cc:129] Crash handler launched and ready.
[24548:1085277:0328/171649.302080:VERBOSE1:chrome/updater/crash_client.cc:108] Found 0 completed crash reports
[24548:1085277:0328/171649.302269:VERBOSE1:chrome/updater/crash_client.cc:132] Found 0 pending crash reports
[24548:1085277:0328/171649.302458:ERROR:third_party/crashpad/crashpad/util/file/file_io_posix.cc:145] open /Users/snoopy/Library/Application Support/Google/RLZ/Crashpad/settings.dat: No such file or directory (2)
[24548:1085277:0328/171649.302502:ERROR:third_party/crashpad/crashpad/util/file/file_io_posix.cc:145] open /Users/snoopy/Library/Application Support/Google/Measurement/Crashpad/settings.dat: No such file or directory (2)
[24548:1085277:0328/171649.302525:ERROR:third_party/crashpad/crashpad/util/file/file_io_posix.cc:145] open /Users/snoopy/Library/Application Support/Google/FIRApp/Crashpad/settings.dat: No such file or directory (2)
[24548:1085277:0328/171649.302606:VERBOSE1:chrome/updater/updater.cc:106] Crash reporting initialized.
[24548:1085277:0328/171649.303108:VERBOSE1:chrome/updater/ipc/update_service_internal_proxy_mojo.cc:59] Run
[sync] error: goofish.com/im tab not found
[sync] error: goofish.com/im tab not found
[sync] error: goofish.com/im tab not found
[sync] xm_chat_history size: 30931 bytes
[sync] ingest result: {"ok":true,"results":{"阿拉喵主子_1015500846697":{"isNewSession":true,"newMsgCount":1,"totalMessages":1,"canonicalChatKey":"阿拉喵主子_1015500846697"},"庐州美美椰子":{"isNewSession":true,"newMsgCount":2,"totalMessages":2,"canonicalChatKey":"庐州美美椰子"},"庐州美美椰子_910817683819":{"isNewSession":false,"newMsgCount":97,"totalMessages":97,"canonicalChatKey":"庐州美美椰子"},"0累球0_994982452499":{"isNewSession":true,"newMsgCount":6,"totalMessages":6,"canonicalChatKey":"0累球0_994982452499"},"码匠铺子_958625474098":{"isNewSession":true,"newMsgCount":43,"totalMessages":43,"canonicalChatKey":"码匠铺子_958625474098"},"x***2_991148214602":{"isNewSession":true,"newMsgCount":8,"totalMessages":8,"canonicalChatKey":"x***2_991148214602"},"孔明科技价格透明合同保障_991702418518":{"isNewSession":true,"newMsgCount":7,"totalMessages":7,"canonicalChatKey":"孔明科技价格透明合同保障_991702418518"},"tbNick_gj6d9_983484928356":{"isNewSession":true,"newMsgCount":20,"totalMessages":20,"canonicalChatKey":"tbNick_gj6d9_983484928356"},"x***2_983484928356":{"isNewSession":false,"newMsgCount":20,"totalMessages":20,"canonicalChatKey":"x***2_991148214602"},"SPSS数据分析师_908079810845":{"isNewSession":true,"newMsgCount":8,"totalMessages":8,"canonicalChatKey":"SPSS数据分析师_908079810845"}}}
[24548:1085277:0328/171706.976410:VERBOSE1:chrome/updater/app/app.cc:53] Shutdown: 0
[24548:1085277:0328/171706.977679:VERBOSE2:chrome/updater/event_history.cc:270] Emitted a UPDATER_PROCESS END event to the history log
[24548:1085277:0328/171706.977717:VERBOSE1:chrome/updater/updater.cc:470] UpdaterMain (--wake) returned 0.
[24545:1085273:0328/171707.053703:VERBOSE1:chrome/updater/app/app_wakeall.cc:66] `/Users/snoopy/Library/Application Support/Google/GoogleUpdater/148.0.7730.0/GoogleUpdater.app/Contents/MacOS/GoogleUpdater --wake` exited 0
[24545:1085261:0328/171707.054038:VERBOSE1:chrome/updater/app/app.cc:53] Shutdown: 0
[24545:1085261:0328/171707.054786:VERBOSE2:chrome/updater/event_history.cc:270] Emitted a UPDATER_PROCESS END event to the history log
[24545:1085261:0328/171707.054814:VERBOSE1:chrome/updater/updater.cc:470] UpdaterMain (--wake-all) returned 0.
[sync] data unchanged, skipping
[sync] data unchanged, skipping
[24550:1085281:0328/171716.989833:VERBOSE2:chrome/updater/event_history.cc:270] Emitted a UPDATER_PROCESS END event to the history log
[24550:1085281:0328/171716.989870:VERBOSE1:chrome/updater/updater.cc:470] UpdaterMain (--crash-handler) returned 0.
[24547:1085265:0328/171716.991118:VERBOSE2:chrome/updater/event_history.cc:270] Emitted a UPDATER_PROCESS END event to the history log
[24547:1085265:0328/171716.991365:VERBOSE1:chrome/updater/updater.cc:470] UpdaterMain (--crash-handler) returned 0.
[sync] data unchanged, skipping
[sync] data unchanged, skipping
[sync] data unchanged, skipping
[2026/3/28 17:17:34] [client] 已向 server 注册 client: 纯粹衣饰 (account: default)
[sync] data unchanged, skipping
[sync] data unchanged, skipping
[sync] data unchanged, skipping
[sync] data unchanged, skipping
[sync] data unchanged, skipping
[sync] data unchanged, skipping
[sync] data unchanged, skipping
[sync] data unchanged, skipping
[sync] data unchanged, skipping
[sync] data unchanged, skipping
[sync] data unchanged, skipping
[sync] data unchanged, skipping
[sync] data unchanged, skipping
[sync] data unchanged, skipping
[sync] data unchanged, skipping
[sync] data unchanged, skipping
[sync] data unchanged, skipping
[sync] data unchanged, skipping
[sync] data unchanged, skipping
[sync] data unchanged, skipping
[sync] data unchanged, skipping
[sync] data unchanged, skipping
[sync] data unchanged, skipping
[sync] data unchanged, skipping
[sync] xm_chat_history size: 19408 bytes
[sync] ingest result: {"ok":true,"results":{"阿拉喵主子_1015500846697":{"isNewSession":false,"newMsgCount":0,"totalMessages":1,"canonicalChatKey":"阿拉喵主子_1015500846697"},"庐州美美椰子":{"isNewSession":false,"newMsgCount":0,"totalMessages":1,"canonicalChatKey":"庐州美美椰子"},"庐州美美椰子_910817683819":{"isNewSession":true,"newMsgCount":3,"totalMessages":3,"canonicalChatKey":"庐州美美椰子_910817683819"},"0累球0_994982452499":{"isNewSession":false,"newMsgCount":0,"totalMessages":6,"canonicalChatKey":"0累球0_994982452499"},"码匠铺子_958625474098":{"isNewSession":false,"newMsgCount":0,"totalMessages":43,"canonicalChatKey":"码匠铺子_958625474098"},"x***2_991148214602":{"isNewSession":false,"newMsgCount":0,"totalMessages":8,"canonicalChatKey":"x***2_991148214602"},"孔明科技价格透明合同保障_991702418518":{"isNewSession":false,"newMsgCount":0,"totalMessages":7,"canonicalChatKey":"孔明科技价格透明合同保障_991702418518"},"tbNick_gj6d9_983484928356":{"isNewSession":false,"newMsgCount":0,"totalMessages":20,"canonicalChatKey":"tbNick_gj6d9_983484928356"},"x***2_983484928356":{"isNewSession":false,"newMsgCount":0,"totalMessages":20,"canonicalChatKey":"x***2_991148214602"},"SPSS数据分析师_908079810845":{"isNewSession":false,"newMsgCount":0,"totalMessages":8,"canonicalChatKey":"SPSS数据分析师_908079810845"}}}
[sync] xm_chat_history size: 22625 bytes
[sync] ingest result: {"ok":true,"results":{"阿拉喵主子_1015500846697":{"isNewSession":false,"newMsgCount":0,"totalMessages":1,"canonicalChatKey":"阿拉喵主子_1015500846697"},"庐州美美椰子":{"isNewSession":false,"newMsgCount":0,"totalMessages":1,"canonicalChatKey":"庐州美美椰子"},"庐州美美椰子_910817683819":{"isNewSession":false,"newMsgCount":32,"totalMessages":32,"canonicalChatKey":"庐州美美椰子_910817683819"},"0累球0_994982452499":{"isNewSession":false,"newMsgCount":0,"totalMessages":6,"canonicalChatKey":"0累球0_994982452499"},"码匠铺子_958625474098":{"isNewSession":false,"newMsgCount":0,"totalMessages":43,"canonicalChatKey":"码匠铺子_958625474098"},"x***2_991148214602":{"isNewSession":false,"newMsgCount":0,"totalMessages":8,"canonicalChatKey":"x***2_991148214602"},"孔明科技价格透明合同保障_991702418518":{"isNewSession":false,"newMsgCount":0,"totalMessages":7,"canonicalChatKey":"孔明科技价格透明合同保障_991702418518"},"tbNick_gj6d9_983484928356":{"isNewSession":false,"newMsgCount":0,"totalMessages":20,"canonicalChatKey":"tbNick_gj6d9_983484928356"},"x***2_983484928356":{"isNewSession":false,"newMsgCount":0,"totalMessages":20,"canonicalChatKey":"x***2_991148214602"},"SPSS数据分析师_908079810845":{"isNewSession":false,"newMsgCount":0,"totalMessages":8,"canonicalChatKey":"SPSS数据分析师_908079810845"}}}
[sync] xm_chat_history size: 27086 bytes
[sync] ingest result: {"ok":true,"results":{"阿拉喵主子_1015500846697":{"isNewSession":false,"newMsgCount":0,"totalMessages":1,"canonicalChatKey":"阿拉喵主子_1015500846697"},"庐州美美椰子":{"isNewSession":false,"newMsgCount":0,"totalMessages":1,"canonicalChatKey":"庐州美美椰子"},"庐州美美椰子_910817683819":{"isNewSession":false,"newMsgCount":70,"totalMessages":70,"canonicalChatKey":"庐州美美椰子_910817683819"},"0累球0_994982452499":{"isNewSession":false,"newMsgCount":0,"totalMessages":6,"canonicalChatKey":"0累球0_994982452499"},"码匠铺子_958625474098":{"isNewSession":false,"newMsgCount":0,"totalMessages":43,"canonicalChatKey":"码匠铺子_958625474098"},"x***2_991148214602":{"isNewSession":false,"newMsgCount":0,"totalMessages":8,"canonicalChatKey":"x***2_991148214602"},"孔明科技价格透明合同保障_991702418518":{"isNewSession":false,"newMsgCount":0,"totalMessages":7,"canonicalChatKey":"孔明科技价格透明合同保障_991702418518"},"tbNick_gj6d9_983484928356":{"isNewSession":false,"newMsgCount":0,"totalMessages":20,"canonicalChatKey":"tbNick_gj6d9_983484928356"},"x***2_983484928356":{"isNewSession":false,"newMsgCount":0,"totalMessages":20,"canonicalChatKey":"x***2_991148214602"},"SPSS数据分析师_908079810845":{"isNewSession":false,"newMsgCount":0,"totalMessages":8,"canonicalChatKey":"SPSS数据分析师_908079810845"}}}
[sync] data unchanged, skipping
[sync] data unchanged, skipping
[sync] data unchanged, skipping
[sync] data unchanged, skipping
[sync] data unchanged, skipping
[sync] data unchanged, skipping
[sync] data unchanged, skipping
[sync] data unchanged, skipping
[sync] data unchanged, skipping
[sync] data unchanged, skipping
[sync] data unchanged, skipping
[sync] data unchanged, skipping
[sync] data unchanged, skipping
[sync] data unchanged, skipping
[sync] data unchanged, skipping
[sync] data unchanged, skipping
[sync] data unchanged, skipping
[sync] data unchanged, skipping
[sync] data unchanged, skipping
[sync] data unchanged, skipping
[sync] data unchanged, skipping
[sync] data unchanged, skipping
[sync] xm_chat_history size: 27186 bytes
[sync] ingest result: {"ok":true,"results":{"阿拉喵主子_1015500846697":{"isNewSession":false,"newMsgCount":0,"totalMessages":1,"canonicalChatKey":"阿拉喵主子_1015500846697"},"庐州美美椰子":{"isNewSession":false,"newMsgCount":0,"totalMessages":2,"canonicalChatKey":"庐州美美椰子"},"庐州美美椰子_910817683819":{"isNewSession":false,"newMsgCount":0,"totalMessages":70,"canonicalChatKey":"庐州美美椰子_910817683819"},"0累球0_994982452499":{"isNewSession":false,"newMsgCount":0,"totalMessages":6,"canonicalChatKey":"0累球0_994982452499"},"码匠铺子_958625474098":{"isNewSession":false,"newMsgCount":0,"totalMessages":43,"canonicalChatKey":"码匠铺子_958625474098"},"x***2_991148214602":{"isNewSession":false,"newMsgCount":0,"totalMessages":8,"canonicalChatKey":"x***2_991148214602"},"孔明科技价格透明合同保障_991702418518":{"isNewSession":false,"newMsgCount":0,"totalMessages":7,"canonicalChatKey":"孔明科技价格透明合同保障_991702418518"},"tbNick_gj6d9_983484928356":{"isNewSession":false,"newMsgCount":0,"totalMessages":20,"canonicalChatKey":"tbNick_gj6d9_983484928356"},"x***2_983484928356":{"isNewSession":false,"newMsgCount":0,"totalMessages":20,"canonicalChatKey":"x***2_991148214602"},"SPSS数据分析师_908079810845":{"isNewSession":false,"newMsgCount":0,"totalMessages":8,"canonicalChatKey":"SPSS数据分析师_908079810845"}}}
[sync] data unchanged, skipping
[sync] data unchanged, skipping
[sync] data unchanged, skipping
[sync] data unchanged, skipping
[sync] data unchanged, skipping
[sync] data unchanged, skipping
[sync] data unchanged, skipping
[sync] data unchanged, skipping
[sync] data unchanged, skipping
[sync] data unchanged, skipping
[sync] data unchanged, skipping
[sync] data unchanged, skipping
[sync] data unchanged, skipping
[sync] data unchanged, skipping
[sync] data unchanged, skipping
[sync] data unchanged, skipping
[sync] data unchanged, skipping
[sync] data unchanged, skipping
[sync] data unchanged, skipping
[sync] data unchanged, skipping
[sync] data unchanged, skipping
[sync] data unchanged, skipping
[sync] data unchanged, skipping
[sync] data unchanged, skipping
[sync] data unchanged, skipping
[sync] data unchanged, skipping
[sync] data unchanged, skipping
[sync] data unchanged, skipping
[sync] data unchanged, skipping
[sync] data unchanged, skipping
[sync] data unchanged, skipping
[sync] data unchanged, skipping
[sync] data unchanged, skipping
[sync] data unchanged, skipping
[sync] data unchanged, skipping
[sync] data unchanged, skipping
[sync] data unchanged, skipping
[sync] data unchanged, skipping
[sync] data unchanged, skipping
[sync] data unchanged, skipping
[sync] data unchanged, skipping
[sync] data unchanged, skipping
[sync] data unchanged, skipping
[sync] data unchanged, skipping
[sync] data unchanged, skipping
[sync] data unchanged, skipping
[sync] data unchanged, skipping
[sync] data unchanged, skipping
[sync] data unchanged, skipping
[sync] data unchanged, skipping
[sync] data unchanged, skipping
[sync] data unchanged, skipping
[sync] data unchanged, skipping
[sync] data unchanged, skipping
[sync] data unchanged, skipping
[sync] data unchanged, skipping
[sync] data unchanged, skipping
[sync] data unchanged, skipping
[sync] data unchanged, skipping
[sync] data unchanged, skipping
[sync] data unchanged, skipping
[sync] data unchanged, skipping
[sync] data unchanged, skipping
[sync] data unchanged, skipping
[sync] data unchanged, skipping
[sync] data unchanged, skipping
[sync] data unchanged, skipping
[sync] data unchanged, skipping
[sync] data unchanged, skipping
[sync] data unchanged, skipping
[sync] data unchanged, skipping
[sync] data unchanged, skipping
[sync] data unchanged, skipping
[sync] data unchanged, skipping
[sync] data unchanged, skipping
[sync] data unchanged, skipping
[sync] data unchanged, skipping
[sync] data unchanged, skipping
[sync] data unchanged, skipping
[sync] data unchanged, skipping
[sync] data unchanged, skipping
[sync] data unchanged, skipping
[sync] data unchanged, skipping
[sync] data unchanged, skipping
[sync] data unchanged, skipping
[sync] data unchanged, skipping
[sync] data unchanged, skipping
[sync] data unchanged, skipping
[sync] data unchanged, skipping
[sync] data unchanged, skipping
[sync] data unchanged, skipping
[sync] data unchanged, skipping
[sync] data unchanged, skipping
[sync] data unchanged, skipping
[sync] data unchanged, skipping
[sync] data unchanged, skipping
[sync] data unchanged, skipping
[sync] data unchanged, skipping
[sync] data unchanged, skipping
[sync] data unchanged, skipping
[sync] data unchanged, skipping
[sync] data unchanged, skipping
[sync] data unchanged, skipping
[sync] data unchanged, skipping
[sync] data unchanged, skipping
[sync] data unchanged, skipping
[sync] data unchanged, skipping
[sync] data unchanged, skipping
[sync] data unchanged, skipping
[sync] data unchanged, skipping
[sync] data unchanged, skipping
[sync] data unchanged, skipping
[sync] data unchanged, skipping
[sync] data unchanged, skipping
[sync] data unchanged, skipping
[sync] data unchanged, skipping
[sync] data unchanged, skipping
2026-03-28 17:31:32.661 Google Chrome Helper[24177:1084253] XType: Using static font registry.
[sync] data unchanged, skipping
[sync] data unchanged, skipping
[sync] data unchanged, skipping
[sync] data unchanged, skipping
[sync] data unchanged, skipping
[sync] data unchanged, skipping
[sync] data unchanged, skipping
[sync] data unchanged, skipping
[sync] data unchanged, skipping
[sync] data unchanged, skipping
[sync] data unchanged, skipping
[sync] data unchanged, skipping
[sync] data unchanged, skipping
[sync] data unchanged, skipping
[sync] data unchanged, skipping
[sync] data unchanged, skipping
[sync] data unchanged, skipping
[sync] data unchanged, skipping
[sync] data unchanged, skipping
[sync] data unchanged, skipping
[sync] data unchanged, skipping
[sync] data unchanged, skipping
[sync] data unchanged, skipping
[sync] data unchanged, skipping
[sync] data unchanged, skipping
[sync] data unchanged, skipping
[sync] data unchanged, skipping
[sync] data unchanged, skipping
[sync] data unchanged, skipping
[sync] data unchanged, skipping
[sync] data unchanged, skipping
[sync] data unchanged, skipping
[sync] data unchanged, skipping
[sync] data unchanged, skipping
[sync] data unchanged, skipping
[sync] data unchanged, skipping
[sync] data unchanged, skipping
[sync] data unchanged, skipping
[sync] data unchanged, skipping
[sync] data unchanged, skipping
[sync] data unchanged, skipping
[sync] data unchanged, skipping
[sync] data unchanged, skipping
[sync] data unchanged, skipping
[sync] data unchanged, skipping
[sync] data unchanged, skipping
[sync] data unchanged, skipping
[sync] data unchanged, skipping
[sync] data unchanged, skipping
[sync] data unchanged, skipping
[sync] data unchanged, skipping
[sync] data unchanged, skipping
[sync] data unchanged, skipping
[sync] data unchanged, skipping
[sync] data unchanged, skipping
[sync] data unchanged, skipping
[sync] data unchanged, skipping
[sync] data unchanged, skipping
[sync] data unchanged, skipping
[sync] data unchanged, skipping
[sync] data unchanged, skipping
[sync] data unchanged, skipping
[sync] data unchanged, skipping
[sync] data unchanged, skipping
[sync] data unchanged, skipping
[sync] data unchanged, skipping
[sync] data unchanged, skipping
[sync] data unchanged, skipping
[sync] data unchanged, skipping
[sync] data unchanged, skipping
[sync] data unchanged, skipping
[sync] data unchanged, skipping
[sync] data unchanged, skipping
[sync] data unchanged, skipping
[sync] data unchanged, skipping
[sync] data unchanged, skipping
[sync] data unchanged, skipping
[sync] data unchanged, skipping
[sync] data unchanged, skipping
[sync] data unchanged, skipping
[sync] data unchanged, skipping
[sync] xm_chat_history size: 19508 bytes
[sync] ingest result: {"ok":true,"results":{"阿拉喵主子_1015500846697":{"isNewSession":false,"newMsgCount":0,"totalMessages":1,"canonicalChatKey":"阿拉喵主子_1015500846697"},"庐州美美椰子":{"isNewSession":false,"newMsgCount":0,"totalMessages":2,"canonicalChatKey":"庐州美美椰子"},"庐州美美椰子_910817683819":{"isNewSession":false,"newMsgCount":0,"totalMessages":3,"canonicalChatKey":"庐州美美椰子_910817683819"},"0累球0_994982452499":{"isNewSession":false,"newMsgCount":0,"totalMessages":6,"canonicalChatKey":"0累球0_994982452499"},"码匠铺子_958625474098":{"isNewSession":false,"newMsgCount":0,"totalMessages":43,"canonicalChatKey":"码匠铺子_958625474098"},"x***2_991148214602":{"isNewSession":false,"newMsgCount":0,"totalMessages":8,"canonicalChatKey":"x***2_991148214602"},"孔明科技价格透明合同保障_991702418518":{"isNewSession":false,"newMsgCount":0,"totalMessages":7,"canonicalChatKey":"孔明科技价格透明合同保障_991702418518"},"tbNick_gj6d9_983484928356":{"isNewSession":false,"newMsgCount":0,"totalMessages":20,"canonicalChatKey":"tbNick_gj6d9_983484928356"},"x***2_983484928356":{"isNewSession":false,"newMsgCount":0,"totalMessages":20,"canonicalChatKey":"x***2_991148214602"},"SPSS数据分析师_908079810845":{"isNewSession":false,"newMsgCount":0,"totalMessages":8,"canonicalChatKey":"SPSS数据分析师_908079810845"}}}
[sync] xm_chat_history size: 27186 bytes
[sync] ingest result: {"ok":true,"results":{"阿拉喵主子_1015500846697":{"isNewSession":false,"newMsgCount":0,"totalMessages":1,"canonicalChatKey":"阿拉喵主子_1015500846697"},"庐州美美椰子":{"isNewSession":false,"newMsgCount":0,"totalMessages":2,"canonicalChatKey":"庐州美美椰子"},"庐州美美椰子_910817683819":{"isNewSession":false,"newMsgCount":0,"totalMessages":70,"canonicalChatKey":"庐州美美椰子_910817683819"},"0累球0_994982452499":{"isNewSession":false,"newMsgCount":0,"totalMessages":6,"canonicalChatKey":"0累球0_994982452499"},"码匠铺子_958625474098":{"isNewSession":false,"newMsgCount":0,"totalMessages":43,"canonicalChatKey":"码匠铺子_958625474098"},"x***2_991148214602":{"isNewSession":false,"newMsgCount":0,"totalMessages":8,"canonicalChatKey":"x***2_991148214602"},"孔明科技价格透明合同保障_991702418518":{"isNewSession":false,"newMsgCount":0,"totalMessages":7,"canonicalChatKey":"孔明科技价格透明合同保障_991702418518"},"tbNick_gj6d9_983484928356":{"isNewSession":false,"newMsgCount":0,"totalMessages":20,"canonicalChatKey":"tbNick_gj6d9_983484928356"},"x***2_983484928356":{"isNewSession":false,"newMsgCount":0,"totalMessages":20,"canonicalChatKey":"x***2_991148214602"},"SPSS数据分析师_908079810845":{"isNewSession":false,"newMsgCount":0,"totalMessages":8,"canonicalChatKey":"SPSS数据分析师_908079810845"}}}
[sync] data unchanged, skipping
[sync] data unchanged, skipping
[sync] data unchanged, skipping
[sync] data unchanged, skipping
[sync] data unchanged, skipping
[sync] data unchanged, skipping
[sync] data unchanged, skipping
[sync] data unchanged, skipping
[sync] data unchanged, skipping
[sync] data unchanged, skipping
[sync] data unchanged, skipping
[sync] data unchanged, skipping
[sync] data unchanged, skipping
[sync] data unchanged, skipping
[sync] data unchanged, skipping
[sync] data unchanged, skipping
[sync] data unchanged, skipping
[sync] data unchanged, skipping
[sync] data unchanged, skipping
[sync] data unchanged, skipping
[sync] data unchanged, skipping
[sync] data unchanged, skipping
[sync] data unchanged, skipping
[sync] data unchanged, skipping
[sync] data unchanged, skipping
[sync] data unchanged, skipping
[sync] data unchanged, skipping
[sync] data unchanged, skipping
[sync] data unchanged, skipping
[sync] data unchanged, skipping
[sync] data unchanged, skipping
[sync] data unchanged, skipping
[sync] data unchanged, skipping
[sync] data unchanged, skipping
[sync] data unchanged, skipping
[sync] data unchanged, skipping
[sync] data unchanged, skipping
[sync] data unchanged, skipping
[sync] data unchanged, skipping
[sync] data unchanged, skipping
[sync] data unchanged, skipping
[sync] data unchanged, skipping
[sync] data unchanged, skipping
[sync] data unchanged, skipping
[sync] data unchanged, skipping
[sync] data unchanged, skipping
[sync] data unchanged, skipping
[sync] data unchanged, skipping
[sync] data unchanged, skipping
[sync] data unchanged, skipping
[sync] data unchanged, skipping
[sync] data unchanged, skipping
[sync] data unchanged, skipping
[sync] data unchanged, skipping
[sync] data unchanged, skipping
[sync] data unchanged, skipping
[sync] data unchanged, skipping
[sync] data unchanged, skipping
[sync] data unchanged, skipping
[sync] data unchanged, skipping
[sync] data unchanged, skipping
[sync] data unchanged, skipping
[sync] data unchanged, skipping
[sync] data unchanged, skipping
[sync] data unchanged, skipping
[sync] data unchanged, skipping
[sync] data unchanged, skipping
[sync] data unchanged, skipping
[sync] data unchanged, skipping
[sync] data unchanged, skipping
[sync] data unchanged, skipping
[sync] data unchanged, skipping
[sync] data unchanged, skipping
[sync] data unchanged, skipping
[sync] data unchanged, skipping
[sync] data unchanged, skipping
[sync] data unchanged, skipping
[sync] data unchanged, skipping
[sync] data unchanged, skipping
[sync] data unchanged, skipping
[sync] data unchanged, skipping
[sync] data unchanged, skipping
[sync] data unchanged, skipping
[sync] data unchanged, skipping
[sync] data unchanged, skipping
[sync] data unchanged, skipping
[sync] data unchanged, skipping
[sync] data unchanged, skipping
[sync] data unchanged, skipping
[sync] data unchanged, skipping
[sync] data unchanged, skipping
[sync] data unchanged, skipping
[sync] data unchanged, skipping
[sync] data unchanged, skipping
[sync] data unchanged, skipping
[sync] data unchanged, skipping
[sync] data unchanged, skipping
[sync] data unchanged, skipping
[sync] data unchanged, skipping
[sync] data unchanged, skipping
[sync] data unchanged, skipping
[sync] data unchanged, skipping
[sync] data unchanged, skipping
[sync] data unchanged, skipping
[sync] data unchanged, skipping
[sync] data unchanged, skipping
[sync] data unchanged, skipping
[sync] data unchanged, skipping
[sync] data unchanged, skipping
[sync] data unchanged, skipping
[sync] data unchanged, skipping
[sync] data unchanged, skipping
[sync] data unchanged, skipping
[sync] data unchanged, skipping
[sync] data unchanged, skipping
[sync] data unchanged, skipping
[sync] data unchanged, skipping
[sync] data unchanged, skipping
[sync] data unchanged, skipping
[sync] data unchanged, skipping
[sync] data unchanged, skipping
[sync] data unchanged, skipping
[sync] data unchanged, skipping
[sync] data unchanged, skipping
[sync] data unchanged, skipping
[sync] data unchanged, skipping
[sync] data unchanged, skipping
[sync] data unchanged, skipping
[sync] data unchanged, skipping
[sync] data unchanged, skipping
[sync] data unchanged, skipping
[sync] data unchanged, skipping
[sync] data unchanged, skipping
[sync] data unchanged, skipping
[sync] data unchanged, skipping
[sync] data unchanged, skipping
[sync] data unchanged, skipping
[sync] data unchanged, skipping
[sync] data unchanged, skipping
[sync] data unchanged, skipping
[sync] data unchanged, skipping
[sync] data unchanged, skipping
[sync] data unchanged, skipping
[sync] data unchanged, skipping
[sync] data unchanged, skipping
[sync] data unchanged, skipping
[sync] data unchanged, skipping
[sync] data unchanged, skipping
[sync] data unchanged, skipping
[sync] data unchanged, skipping
[sync] data unchanged, skipping
[sync] data unchanged, skipping
[sync] data unchanged, skipping
[sync] data unchanged, skipping
[sync] data unchanged, skipping
[sync] data unchanged, skipping
[sync] data unchanged, skipping
[sync] data unchanged, skipping
[sync] data unchanged, skipping
[sync] data unchanged, skipping
[sync] data unchanged, skipping
[sync] xm_chat_history size: 27086 bytes
[sync] ingest result: {"ok":true,"results":{"阿拉喵主子_1015500846697":{"isNewSession":false,"newMsgCount":0,"totalMessages":1,"canonicalChatKey":"阿拉喵主子_1015500846697"},"庐州美美椰子":{"isNewSession":false,"newMsgCount":0,"totalMessages":1,"canonicalChatKey":"庐州美美椰子"},"庐州美美椰子_910817683819":{"isNewSession":false,"newMsgCount":0,"totalMessages":70,"canonicalChatKey":"庐州美美椰子_910817683819"},"0累球0_994982452499":{"isNewSession":false,"newMsgCount":0,"totalMessages":6,"canonicalChatKey":"0累球0_994982452499"},"码匠铺子_958625474098":{"isNewSession":false,"newMsgCount":0,"totalMessages":43,"canonicalChatKey":"码匠铺子_958625474098"},"x***2_991148214602":{"isNewSession":false,"newMsgCount":0,"totalMessages":8,"canonicalChatKey":"x***2_991148214602"},"孔明科技价格透明合同保障_991702418518":{"isNewSession":false,"newMsgCount":0,"totalMessages":7,"canonicalChatKey":"孔明科技价格透明合同保障_991702418518"},"tbNick_gj6d9_983484928356":{"isNewSession":false,"newMsgCount":0,"totalMessages":20,"canonicalChatKey":"tbNick_gj6d9_983484928356"},"x***2_983484928356":{"isNewSession":false,"newMsgCount":0,"totalMessages":20,"canonicalChatKey":"x***2_991148214602"},"SPSS数据分析师_908079810845":{"isNewSession":false,"newMsgCount":0,"totalMessages":8,"canonicalChatKey":"SPSS数据分析师_908079810845"}}}
[sync] xm_chat_history size: 19408 bytes
[sync] ingest result: {"ok":true,"results":{"阿拉喵主子_1015500846697":{"isNewSession":false,"newMsgCount":0,"totalMessages":1,"canonicalChatKey":"阿拉喵主子_1015500846697"},"庐州美美椰子":{"isNewSession":false,"newMsgCount":0,"totalMessages":1,"canonicalChatKey":"庐州美美椰子"},"庐州美美椰子_910817683819":{"isNewSession":false,"newMsgCount":0,"totalMessages":3,"canonicalChatKey":"庐州美美椰子_910817683819"},"0累球0_994982452499":{"isNewSession":false,"newMsgCount":0,"totalMessages":6,"canonicalChatKey":"0累球0_994982452499"},"码匠铺子_958625474098":{"isNewSession":false,"newMsgCount":0,"totalMessages":43,"canonicalChatKey":"码匠铺子_958625474098"},"x***2_991148214602":{"isNewSession":false,"newMsgCount":0,"totalMessages":8,"canonicalChatKey":"x***2_991148214602"},"孔明科技价格透明合同保障_991702418518":{"isNewSession":false,"newMsgCount":0,"totalMessages":7,"canonicalChatKey":"孔明科技价格透明合同保障_991702418518"},"tbNick_gj6d9_983484928356":{"isNewSession":false,"newMsgCount":0,"totalMessages":20,"canonicalChatKey":"tbNick_gj6d9_983484928356"},"x***2_983484928356":{"isNewSession":false,"newMsgCount":0,"totalMessages":20,"canonicalChatKey":"x***2_991148214602"},"SPSS数据分析师_908079810845":{"isNewSession":false,"newMsgCount":0,"totalMessages":8,"canonicalChatKey":"SPSS数据分析师_908079810845"}}}
[sync] data unchanged, skipping
[sync] xm_chat_history size: 16840 bytes
[sync] ingest result: {"ok":true,"results":{"阿拉喵主子_1015500846697":{"isNewSession":false,"newMsgCount":0,"totalMessages":1,"canonicalChatKey":"阿拉喵主子_1015500846697"},"庐州美美椰子":{"isNewSession":false,"newMsgCount":0,"totalMessages":1,"canonicalChatKey":"庐州美美椰子"},"庐州美美椰子_910817683819":{"isNewSession":false,"newMsgCount":0,"totalMessages":3,"canonicalChatKey":"庐州美美椰子_910817683819"},"0累球0_994982452499":{"isNewSession":false,"newMsgCount":0,"totalMessages":6,"canonicalChatKey":"0累球0_994982452499"},"码匠铺子_958625474098":{"isNewSession":false,"newMsgCount":0,"totalMessages":19,"canonicalChatKey":"码匠铺子_958625474098"},"x***2_991148214602":{"isNewSession":false,"newMsgCount":0,"totalMessages":8,"canonicalChatKey":"x***2_991148214602"},"孔明科技价格透明合同保障_991702418518":{"isNewSession":false,"newMsgCount":0,"totalMessages":7,"canonicalChatKey":"孔明科技价格透明合同保障_991702418518"},"tbNick_gj6d9_983484928356":{"isNewSession":false,"newMsgCount":0,"totalMessages":20,"canonicalChatKey":"tbNick_gj6d9_983484928356"},"x***2_983484928356":{"isNewSession":false,"newMsgCount":0,"totalMessages":20,"canonicalChatKey":"x***2_991148214602"},"SPSS数据分析师_908079810845":{"isNewSession":false,"newMsgCount":0,"totalMessages":8,"canonicalChatKey":"SPSS数据分析师_908079810845"}}}
[sync] data unchanged, skipping
[sync] data unchanged, skipping
[sync] data unchanged, skipping
[sync] xm_chat_history size: 17512 bytes
[sync] ingest result: {"ok":true,"results":{"阿拉喵主子_1015500846697":{"isNewSession":false,"newMsgCount":0,"totalMessages":1,"canonicalChatKey":"阿拉喵主子_1015500846697"},"庐州美美椰子":{"isNewSession":false,"newMsgCount":0,"totalMessages":1,"canonicalChatKey":"庐州美美椰子"},"庐州美美椰子_910817683819":{"isNewSession":false,"newMsgCount":0,"totalMessages":3,"canonicalChatKey":"庐州美美椰子_910817683819"},"0累球0_994982452499":{"isNewSession":false,"newMsgCount":0,"totalMessages":6,"canonicalChatKey":"0累球0_994982452499"},"码匠铺子_958625474098":{"isNewSession":false,"newMsgCount":0,"totalMessages":19,"canonicalChatKey":"码匠铺子_958625474098"},"x***2_991148214602":{"isNewSession":false,"newMsgCount":0,"totalMessages":8,"canonicalChatKey":"x***2_991148214602"},"孔明科技价格透明合同保障_991702418518":{"isNewSession":false,"newMsgCount":0,"totalMessages":7,"canonicalChatKey":"孔明科技价格透明合同保障_991702418518"},"tbNick_gj6d9_983484928356":{"isNewSession":false,"newMsgCount":0,"totalMessages":20,"canonicalChatKey":"tbNick_gj6d9_983484928356"},"x***2_983484928356":{"isNewSession":false,"newMsgCount":0,"totalMessages":20,"canonicalChatKey":"x***2_991148214602"},"SPSS数据分析师_908079810845":{"isNewSession":false,"newMsgCount":0,"totalMessages":8,"canonicalChatKey":"SPSS数据分析师_908079810845"},"阿拉喵主子_991702418518":{"isNewSession":false,"newMsgCount":0,"totalMessages":0,"canonicalChatKey":"阿拉喵主子_991702418518","skipped":true,"reason":"empty_session","cleanedUpEmptyShell":false}}}
[sync] data unchanged, skipping
[sync] data unchanged, skipping
[sync] data unchanged, skipping
[sync] xm_chat_history size: 20205 bytes
[sync] ingest result: {"ok":true,"results":{"阿拉喵主子_1015500846697":{"isNewSession":false,"newMsgCount":0,"totalMessages":1,"canonicalChatKey":"阿拉喵主子_1015500846697"},"庐州美美椰子":{"isNewSession":false,"newMsgCount":0,"totalMessages":1,"canonicalChatKey":"庐州美美椰子"},"庐州美美椰子_910817683819":{"isNewSession":false,"newMsgCount":0,"totalMessages":3,"canonicalChatKey":"庐州美美椰子_910817683819"},"0累球0_994982452499":{"isNewSession":false,"newMsgCount":0,"totalMessages":6,"canonicalChatKey":"0累球0_994982452499"},"码匠铺子_958625474098":{"isNewSession":false,"newMsgCount":0,"totalMessages":19,"canonicalChatKey":"码匠铺子_958625474098"},"x***2_991148214602":{"isNewSession":false,"newMsgCount":0,"totalMessages":8,"canonicalChatKey":"x***2_991148214602"},"孔明科技价格透明合同保障_991702418518":{"isNewSession":false,"newMsgCount":0,"totalMessages":7,"canonicalChatKey":"孔明科技价格透明合同保障_991702418518"},"tbNick_gj6d9_983484928356":{"isNewSession":false,"newMsgCount":0,"totalMessages":20,"canonicalChatKey":"tbNick_gj6d9_983484928356"},"x***2_983484928356":{"isNewSession":false,"newMsgCount":0,"totalMessages":20,"canonicalChatKey":"x***2_991148214602"},"SPSS数据分析师_908079810845":{"isNewSession":false,"newMsgCount":0,"totalMessages":8,"canonicalChatKey":"SPSS数据分析师_908079810845"},"阿拉喵主子_991702418518":{"isNewSession":false,"newMsgCount":0,"totalMessages":0,"canonicalChatKey":"阿拉喵主子_991702418518","skipped":true,"reason":"empty_session","cleanedUpEmptyShell":false},"码匠铺子_994982452499":{"isNewSession":false,"newMsgCount":0,"totalMessages":19,"canonicalChatKey":"码匠铺子_958625474098"}}}
[sync] data unchanged, skipping
[sync] data unchanged, skipping
[sync] data unchanged, skipping
[sync] data unchanged, skipping
[sync] xm_chat_history size: 20205 bytes
[sync] ingest result: {"ok":true,"results":{"阿拉喵主子_1015500846697":{"isNewSession":false,"newMsgCount":0,"totalMessages":1,"canonicalChatKey":"阿拉喵主子_1015500846697"},"庐州美美椰子":{"isNewSession":false,"newMsgCount":0,"totalMessages":1,"canonicalChatKey":"庐州美美椰子"},"庐州美美椰子_910817683819":{"isNewSession":false,"newMsgCount":0,"totalMessages":3,"canonicalChatKey":"庐州美美椰子_910817683819"},"0累球0_994982452499":{"isNewSession":false,"newMsgCount":0,"totalMessages":6,"canonicalChatKey":"0累球0_994982452499"},"码匠铺子_958625474098":{"isNewSession":false,"newMsgCount":0,"totalMessages":19,"canonicalChatKey":"码匠铺子_958625474098"},"x***2_991148214602":{"isNewSession":false,"newMsgCount":0,"totalMessages":8,"canonicalChatKey":"x***2_991148214602"},"孔明科技价格透明合同保障_991702418518":{"isNewSession":false,"newMsgCount":0,"totalMessages":7,"canonicalChatKey":"孔明科技价格透明合同保障_991702418518"},"tbNick_gj6d9_983484928356":{"isNewSession":false,"newMsgCount":0,"totalMessages":20,"canonicalChatKey":"tbNick_gj6d9_983484928356"},"x***2_983484928356":{"isNewSession":false,"newMsgCount":0,"totalMessages":20,"canonicalChatKey":"x***2_991148214602"},"SPSS数据分析师_908079810845":{"isNewSession":false,"newMsgCount":0,"totalMessages":8,"canonicalChatKey":"SPSS数据分析师_908079810845"},"阿拉喵主子_991702418518":{"isNewSession":false,"newMsgCount":0,"totalMessages":0,"canonicalChatKey":"阿拉喵主子_991702418518","skipped":true,"reason":"empty_session","cleanedUpEmptyShell":false},"码匠铺子_994982452499":{"isNewSession":false,"newMsgCount":0,"totalMessages":19,"canonicalChatKey":"码匠铺子_958625474098"}}}
[sync] data unchanged, skipping
[sync] data unchanged, skipping
[sync] data unchanged, skipping
[sync] data unchanged, skipping
[sync] data unchanged, skipping
[sync] data unchanged, skipping
[sync] data unchanged, skipping
[sync] data unchanged, skipping
[sync] data unchanged, skipping
[sync] data unchanged, skipping
[sync] data unchanged, skipping
[sync] data unchanged, skipping
[sync] data unchanged, skipping
[sync] xm_chat_history size: 20802 bytes
[sync] ingest result: {"ok":true,"results":{"阿拉喵主子_1015500846697":{"isNewSession":false,"newMsgCount":0,"totalMessages":1,"canonicalChatKey":"阿拉喵主子_1015500846697"},"庐州美美椰子":{"isNewSession":false,"newMsgCount":0,"totalMessages":1,"canonicalChatKey":"庐州美美椰子"},"庐州美美椰子_910817683819":{"isNewSession":false,"newMsgCount":0,"totalMessages":3,"canonicalChatKey":"庐州美美椰子_910817683819"},"0累球0_994982452499":{"isNewSession":false,"newMsgCount":0,"totalMessages":6,"canonicalChatKey":"0累球0_994982452499"},"码匠铺子_958625474098":{"isNewSession":false,"newMsgCount":0,"totalMessages":19,"canonicalChatKey":"码匠铺子_958625474098"},"x***2_991148214602":{"isNewSession":false,"newMsgCount":0,"totalMessages":8,"canonicalChatKey":"x***2_991148214602"},"孔明科技价格透明合同保障_991702418518":{"isNewSession":false,"newMsgCount":0,"totalMessages":7,"canonicalChatKey":"孔明科技价格透明合同保障_991702418518"},"tbNick_gj6d9_983484928356":{"isNewSession":false,"newMsgCount":0,"totalMessages":20,"canonicalChatKey":"tbNick_gj6d9_983484928356"},"x***2_983484928356":{"isNewSession":false,"newMsgCount":0,"totalMessages":20,"canonicalChatKey":"x***2_991148214602"},"SPSS数据分析师_908079810845":{"isNewSession":false,"newMsgCount":0,"totalMessages":8,"canonicalChatKey":"SPSS数据分析师_908079810845"},"阿拉喵主子_991702418518":{"isNewSession":false,"newMsgCount":0,"totalMessages":0,"canonicalChatKey":"阿拉喵主子_991702418518","skipped":true,"reason":"empty_session","cleanedUpEmptyShell":false},"码匠铺子_994982452499":{"isNewSession":false,"newMsgCount":0,"totalMessages":19,"canonicalChatKey":"码匠铺子_958625474098"},"x***2":{"isNewSession":false,"newMsgCount":0,"totalMessages":0,"canonicalChatKey":"x***2","skipped":true,"reason":"empty_session","cleanedUpEmptyShell":false}}}
[sync] data unchanged, skipping
[sync] xm_chat_history size: 23601 bytes
[sync] ingest result: {"ok":true,"results":{"阿拉喵主子_1015500846697":{"isNewSession":false,"newMsgCount":0,"totalMessages":1,"canonicalChatKey":"阿拉喵主子_1015500846697"},"庐州美美椰子":{"isNewSession":false,"newMsgCount":0,"totalMessages":1,"canonicalChatKey":"庐州美美椰子"},"庐州美美椰子_910817683819":{"isNewSession":false,"newMsgCount":0,"totalMessages":3,"canonicalChatKey":"庐州美美椰子_910817683819"},"0累球0_994982452499":{"isNewSession":false,"newMsgCount":0,"totalMessages":6,"canonicalChatKey":"0累球0_994982452499"},"码匠铺子_958625474098":{"isNewSession":false,"newMsgCount":0,"totalMessages":19,"canonicalChatKey":"码匠铺子_958625474098"},"x***2_991148214602":{"isNewSession":false,"newMsgCount":0,"totalMessages":8,"canonicalChatKey":"x***2_991148214602"},"孔明科技价格透明合同保障_991702418518":{"isNewSession":false,"newMsgCount":0,"totalMessages":7,"canonicalChatKey":"孔明科技价格透明合同保障_991702418518"},"tbNick_gj6d9_983484928356":{"isNewSession":false,"newMsgCount":0,"totalMessages":20,"canonicalChatKey":"tbNick_gj6d9_983484928356"},"x***2_983484928356":{"isNewSession":false,"newMsgCount":0,"totalMessages":20,"canonicalChatKey":"x***2_991148214602"},"SPSS数据分析师_908079810845":{"isNewSession":false,"newMsgCount":0,"totalMessages":8,"canonicalChatKey":"SPSS数据分析师_908079810845"},"阿拉喵主子_991702418518":{"isNewSession":false,"newMsgCount":0,"totalMessages":0,"canonicalChatKey":"阿拉喵主子_991702418518","skipped":true,"reason":"empty_session","cleanedUpEmptyShell":false},"码匠铺子_994982452499":{"isNewSession":false,"newMsgCount":0,"totalMessages":19,"canonicalChatKey":"码匠铺子_958625474098"},"x***2":{"isNewSession":false,"newMsgCount":0,"totalMessages":0,"canonicalChatKey":"x***2","skipped":true,"reason":"empty_session","cleanedUpEmptyShell":false},"tbNick_gj6d9":{"isNewSession":false,"newMsgCount":20,"totalMessages":20,"canonicalChatKey":"tbNick_gj6d9_983484928356"}}}
[sync] xm_chat_history is empty, skipping
[sync] xm_chat_history size: 1924 bytes
[sync] ingest result: {"ok":true,"results":{"SPSS数据分析师_908079810845":{"isNewSession":false,"newMsgCount":0,"totalMessages":8,"canonicalChatKey":"SPSS数据分析师_908079810845"},"阿拉喵主子_1015500846697":{"isNewSession":false,"newMsgCount":0,"totalMessages":1,"canonicalChatKey":"阿拉喵主子_1015500846697"}}}
[sync] xm_chat_history size: 2588 bytes
[sync] ingest result: {"ok":true,"results":{"SPSS数据分析师_908079810845":{"isNewSession":false,"newMsgCount":0,"totalMessages":8,"canonicalChatKey":"SPSS数据分析师_908079810845"},"阿拉喵主子_1015500846697":{"isNewSession":false,"newMsgCount":0,"totalMessages":1,"canonicalChatKey":"阿拉喵主子_1015500846697"},"庐州美美椰子":{"isNewSession":false,"newMsgCount":0,"totalMessages":1,"canonicalChatKey":"庐州美美椰子"}}}
[sync] xm_chat_history size: 3582 bytes
[sync] ingest result: {"ok":true,"results":{"SPSS数据分析师_908079810845":{"isNewSession":false,"newMsgCount":0,"totalMessages":8,"canonicalChatKey":"SPSS数据分析师_908079810845"},"阿拉喵主子_1015500846697":{"isNewSession":false,"newMsgCount":0,"totalMessages":1,"canonicalChatKey":"阿拉喵主子_1015500846697"},"庐州美美椰子":{"isNewSession":false,"newMsgCount":0,"totalMessages":1,"canonicalChatKey":"庐州美美椰子"},"庐州美美椰子_910817683819":{"isNewSession":false,"newMsgCount":0,"totalMessages":3,"canonicalChatKey":"庐州美美椰子_910817683819"}}}
[sync] xm_chat_history size: 4886 bytes
[sync] ingest result: {"ok":true,"results":{"SPSS数据分析师_908079810845":{"isNewSession":false,"newMsgCount":0,"totalMessages":8,"canonicalChatKey":"SPSS数据分析师_908079810845"},"阿拉喵主子_1015500846697":{"isNewSession":false,"newMsgCount":0,"totalMessages":1,"canonicalChatKey":"阿拉喵主子_1015500846697"},"庐州美美椰子":{"isNewSession":false,"newMsgCount":0,"totalMessages":1,"canonicalChatKey":"庐州美美椰子"},"庐州美美椰子_910817683819":{"isNewSession":false,"newMsgCount":0,"totalMessages":3,"canonicalChatKey":"庐州美美椰子_910817683819"},"0累球0_994982452499":{"isNewSession":false,"newMsgCount":0,"totalMessages":6,"canonicalChatKey":"0累球0_994982452499"}}}
[sync] data unchanged, skipping
[sync] xm_chat_history size: 6184 bytes
[sync] ingest result: {"ok":true,"results":{"SPSS数据分析师_908079810845":{"isNewSession":false,"newMsgCount":0,"totalMessages":8,"canonicalChatKey":"SPSS数据分析师_908079810845"},"阿拉喵主子_1015500846697":{"isNewSession":false,"newMsgCount":0,"totalMessages":1,"canonicalChatKey":"阿拉喵主子_1015500846697"},"庐州美美椰子":{"isNewSession":false,"newMsgCount":0,"totalMessages":1,"canonicalChatKey":"庐州美美椰子"},"庐州美美椰子_910817683819":{"isNewSession":false,"newMsgCount":0,"totalMessages":3,"canonicalChatKey":"庐州美美椰子_910817683819"},"0累球0_994982452499":{"isNewSession":false,"newMsgCount":0,"totalMessages":6,"canonicalChatKey":"0累球0_994982452499"},"庐州美美椰子_994982452499":{"isNewSession":false,"newMsgCount":6,"totalMessages":6,"canonicalChatKey":"庐州美美椰子"}}}
[sync] xm_chat_history size: 6284 bytes
[sync] ingest result: {"ok":true,"results":{"SPSS数据分析师_908079810845":{"isNewSession":false,"newMsgCount":0,"totalMessages":8,"canonicalChatKey":"SPSS数据分析师_908079810845"},"阿拉喵主子_1015500846697":{"isNewSession":false,"newMsgCount":0,"totalMessages":1,"canonicalChatKey":"阿拉喵主子_1015500846697"},"庐州美美椰子":{"isNewSession":false,"newMsgCount":0,"totalMessages":2,"canonicalChatKey":"庐州美美椰子"},"庐州美美椰子_910817683819":{"isNewSession":false,"newMsgCount":0,"totalMessages":3,"canonicalChatKey":"庐州美美椰子_910817683819"},"0累球0_994982452499":{"isNewSession":false,"newMsgCount":0,"totalMessages":6,"canonicalChatKey":"0累球0_994982452499"},"庐州美美椰子_994982452499":{"isNewSession":false,"newMsgCount":0,"totalMessages":6,"canonicalChatKey":"庐州美美椰子"}}}
[sync] data unchanged, skipping
[sync] data unchanged, skipping
[sync] xm_chat_history size: 6256 bytes
[sync] ingest result: {"ok":true,"results":{"SPSS数据分析师_908079810845":{"isNewSession":false,"newMsgCount":0,"totalMessages":8,"canonicalChatKey":"SPSS数据分析师_908079810845"},"阿拉喵主子_1015500846697":{"isNewSession":false,"newMsgCount":0,"totalMessages":1,"canonicalChatKey":"阿拉喵主子_1015500846697"},"庐州美美椰子":{"isNewSession":false,"newMsgCount":0,"totalMessages":2,"canonicalChatKey":"庐州美美椰子"},"庐州美美椰子_910817683819":{"isNewSession":false,"newMsgCount":0,"totalMessages":3,"canonicalChatKey":"庐州美美椰子"},"0累球0_994982452499":{"isNewSession":false,"newMsgCount":0,"totalMessages":6,"canonicalChatKey":"0累球0_994982452499"},"庐州美美椰子_994982452499":{"isNewSession":false,"newMsgCount":0,"totalMessages":6,"canonicalChatKey":"庐州美美椰子"}}}
[sync] data unchanged, skipping
[sync] data unchanged, skipping
[sync] data unchanged, skipping
[sync] data unchanged, skipping
[sync] data unchanged, skipping
[sync] xm_chat_history size: 8947 bytes
[sync] ingest result: {"ok":true,"results":{"SPSS数据分析师_908079810845":{"isNewSession":false,"newMsgCount":0,"totalMessages":8,"canonicalChatKey":"SPSS数据分析师_908079810845"},"阿拉喵主子_1015500846697":{"isNewSession":false,"newMsgCount":0,"totalMessages":1,"canonicalChatKey":"阿拉喵主子_1015500846697"},"庐州美美椰子":{"isNewSession":false,"newMsgCount":0,"totalMessages":2,"canonicalChatKey":"庐州美美椰子"},"庐州美美椰子_910817683819":{"isNewSession":false,"newMsgCount":0,"totalMessages":3,"canonicalChatKey":"庐州美美椰子"},"0累球0_994982452499":{"isNewSession":false,"newMsgCount":0,"totalMessages":6,"canonicalChatKey":"0累球0_994982452499"},"庐州美美椰子_994982452499":{"isNewSession":false,"newMsgCount":0,"totalMessages":6,"canonicalChatKey":"庐州美美椰子"},"码匠铺子_958625474098":{"isNewSession":false,"newMsgCount":0,"totalMessages":19,"canonicalChatKey":"码匠铺子_958625474098"}}}
[sync] xm_chat_history size: 11972 bytes
[sync] ingest result: {"ok":true,"results":{"SPSS数据分析师_908079810845":{"isNewSession":false,"newMsgCount":0,"totalMessages":8,"canonicalChatKey":"SPSS数据分析师_908079810845"},"阿拉喵主子_1015500846697":{"isNewSession":false,"newMsgCount":0,"totalMessages":1,"canonicalChatKey":"阿拉喵主子_1015500846697"},"庐州美美椰子":{"isNewSession":false,"newMsgCount":0,"totalMessages":2,"canonicalChatKey":"庐州美美椰子"},"庐州美美椰子_910817683819":{"isNewSession":false,"newMsgCount":0,"totalMessages":3,"canonicalChatKey":"庐州美美椰子"},"0累球0_994982452499":{"isNewSession":false,"newMsgCount":0,"totalMessages":6,"canonicalChatKey":"0累球0_994982452499"},"庐州美美椰子_994982452499":{"isNewSession":false,"newMsgCount":0,"totalMessages":6,"canonicalChatKey":"庐州美美椰子"},"码匠铺子_958625474098":{"isNewSession":false,"newMsgCount":0,"totalMessages":19,"canonicalChatKey":"码匠铺子_958625474098"},"x***2_991148214602":{"isNewSession":false,"newMsgCount":0,"totalMessages":8,"canonicalChatKey":"x***2_991148214602"},"孔明科技价格透明合同保障_991702418518":{"isNewSession":false,"newMsgCount":0,"totalMessages":7,"canonicalChatKey":"孔明科技价格透明合同保障_991702418518"}}}
[sync] data unchanged, skipping
[sync] xm_chat_history size: 15283 bytes
[sync] ingest result: {"ok":true,"results":{"SPSS数据分析师_908079810845":{"isNewSession":false,"newMsgCount":0,"totalMessages":8,"canonicalChatKey":"SPSS数据分析师_908079810845"},"阿拉喵主子_1015500846697":{"isNewSession":false,"newMsgCount":0,"totalMessages":1,"canonicalChatKey":"阿拉喵主子_1015500846697"},"庐州美美椰子":{"isNewSession":false,"newMsgCount":0,"totalMessages":2,"canonicalChatKey":"庐州美美椰子"},"庐州美美椰子_910817683819":{"isNewSession":false,"newMsgCount":0,"totalMessages":3,"canonicalChatKey":"庐州美美椰子"},"0累球0_994982452499":{"isNewSession":false,"newMsgCount":0,"totalMessages":6,"canonicalChatKey":"0累球0_994982452499"},"庐州美美椰子_994982452499":{"isNewSession":false,"newMsgCount":0,"totalMessages":6,"canonicalChatKey":"庐州美美椰子"},"码匠铺子_958625474098":{"isNewSession":false,"newMsgCount":0,"totalMessages":19,"canonicalChatKey":"码匠铺子_958625474098"},"x***2_991148214602":{"isNewSession":false,"newMsgCount":0,"totalMessages":8,"canonicalChatKey":"x***2_991148214602"},"孔明科技价格透明合同保障_991702418518":{"isNewSession":false,"newMsgCount":0,"totalMessages":7,"canonicalChatKey":"孔明科技价格透明合同保障_991702418518"},"tbNick_gj6d9_983484928356":{"isNewSession":false,"newMsgCount":0,"totalMessages":20,"canonicalChatKey":"tbNick_gj6d9_983484928356"}}}
[sync] xm_chat_history size: 15283 bytes
[sync] ingest result: {"ok":true,"results":{"SPSS数据分析师_908079810845":{"isNewSession":false,"newMsgCount":0,"totalMessages":8,"canonicalChatKey":"SPSS数据分析师_908079810845"},"阿拉喵主子_1015500846697":{"isNewSession":false,"newMsgCount":0,"totalMessages":1,"canonicalChatKey":"阿拉喵主子_1015500846697"},"庐州美美椰子":{"isNewSession":false,"newMsgCount":0,"totalMessages":2,"canonicalChatKey":"庐州美美椰子"},"庐州美美椰子_910817683819":{"isNewSession":false,"newMsgCount":0,"totalMessages":3,"canonicalChatKey":"庐州美美椰子"},"0累球0_994982452499":{"isNewSession":false,"newMsgCount":0,"totalMessages":6,"canonicalChatKey":"0累球0_994982452499"},"庐州美美椰子_994982452499":{"isNewSession":false,"newMsgCount":0,"totalMessages":6,"canonicalChatKey":"庐州美美椰子"},"码匠铺子_958625474098":{"isNewSession":false,"newMsgCount":0,"totalMessages":19,"canonicalChatKey":"码匠铺子_958625474098"},"x***2_991148214602":{"isNewSession":false,"newMsgCount":0,"totalMessages":8,"canonicalChatKey":"x***2_991148214602"},"孔明科技价格透明合同保障_991702418518":{"isNewSession":false,"newMsgCount":0,"totalMessages":7,"canonicalChatKey":"孔明科技价格透明合同保障_991702418518"},"tbNick_gj6d9_983484928356":{"isNewSession":false,"newMsgCount":0,"totalMessages":20,"canonicalChatKey":"tbNick_gj6d9_983484928356"}}}
[sync] data unchanged, skipping
[sync] data unchanged, skipping
[sync] xm_chat_history size: 15311 bytes
[sync] ingest result: {"ok":true,"results":{"SPSS数据分析师_908079810845":{"isNewSession":false,"newMsgCount":0,"totalMessages":8,"canonicalChatKey":"SPSS数据分析师_908079810845"},"阿拉喵主子_1015500846697":{"isNewSession":false,"newMsgCount":0,"totalMessages":1,"canonicalChatKey":"阿拉喵主子_1015500846697"},"庐州美美椰子":{"isNewSession":false,"newMsgCount":0,"totalMessages":2,"canonicalChatKey":"庐州美美椰子"},"庐州美美椰子_910817683819":{"isNewSession":true,"newMsgCount":3,"totalMessages":3,"canonicalChatKey":"庐州美美椰子_910817683819"},"0累球0_994982452499":{"isNewSession":false,"newMsgCount":0,"totalMessages":6,"canonicalChatKey":"0累球0_994982452499"},"庐州美美椰子_994982452499":{"isNewSession":false,"newMsgCount":0,"totalMessages":6,"canonicalChatKey":"庐州美美椰子"},"码匠铺子_958625474098":{"isNewSession":false,"newMsgCount":0,"totalMessages":19,"canonicalChatKey":"码匠铺子_958625474098"},"x***2_991148214602":{"isNewSession":false,"newMsgCount":0,"totalMessages":8,"canonicalChatKey":"x***2_991148214602"},"孔明科技价格透明合同保障_991702418518":{"isNewSession":false,"newMsgCount":0,"totalMessages":7,"canonicalChatKey":"孔明科技价格透明合同保障_991702418518"},"tbNick_gj6d9_983484928356":{"isNewSession":false,"newMsgCount":0,"totalMessages":20,"canonicalChatKey":"tbNick_gj6d9_983484928356"}}}
[sync] data unchanged, skipping
[sync] data unchanged, skipping
[sync] data unchanged, skipping
[sync] data unchanged, skipping
[sync] xm_chat_history size: 15311 bytes
[sync] ingest result: {"ok":true,"results":{"SPSS数据分析师_908079810845":{"isNewSession":false,"newMsgCount":0,"totalMessages":8,"canonicalChatKey":"SPSS数据分析师_908079810845"},"阿拉喵主子_1015500846697":{"isNewSession":false,"newMsgCount":0,"totalMessages":1,"canonicalChatKey":"阿拉喵主子_1015500846697"},"庐州美美椰子":{"isNewSession":false,"newMsgCount":0,"totalMessages":2,"canonicalChatKey":"庐州美美椰子"},"庐州美美椰子_910817683819":{"isNewSession":false,"newMsgCount":0,"totalMessages":3,"canonicalChatKey":"庐州美美椰子_910817683819"},"0累球0_994982452499":{"isNewSession":false,"newMsgCount":0,"totalMessages":6,"canonicalChatKey":"0累球0_994982452499"},"庐州美美椰子_994982452499":{"isNewSession":false,"newMsgCount":0,"totalMessages":6,"canonicalChatKey":"庐州美美椰子"},"码匠铺子_958625474098":{"isNewSession":false,"newMsgCount":0,"totalMessages":19,"canonicalChatKey":"码匠铺子_958625474098"},"x***2_991148214602":{"isNewSession":false,"newMsgCount":0,"totalMessages":8,"canonicalChatKey":"x***2_991148214602"},"孔明科技价格透明合同保障_991702418518":{"isNewSession":false,"newMsgCount":0,"totalMessages":7,"canonicalChatKey":"孔明科技价格透明合同保障_991702418518"},"tbNick_gj6d9_983484928356":{"isNewSession":false,"newMsgCount":0,"totalMessages":20,"canonicalChatKey":"tbNick_gj6d9_983484928356"}}}
[sync] xm_chat_history size: 15311 bytes
[sync] ingest result: {"ok":true,"results":{"SPSS数据分析师_908079810845":{"isNewSession":false,"newMsgCount":0,"totalMessages":8,"canonicalChatKey":"SPSS数据分析师_908079810845"},"阿拉喵主子_1015500846697":{"isNewSession":false,"newMsgCount":0,"totalMessages":1,"canonicalChatKey":"阿拉喵主子_1015500846697"},"庐州美美椰子":{"isNewSession":false,"newMsgCount":0,"totalMessages":2,"canonicalChatKey":"庐州美美椰子"},"庐州美美椰子_910817683819":{"isNewSession":false,"newMsgCount":0,"totalMessages":3,"canonicalChatKey":"庐州美美椰子_910817683819"},"0累球0_994982452499":{"isNewSession":false,"newMsgCount":0,"totalMessages":6,"canonicalChatKey":"0累球0_994982452499"},"庐州美美椰子_994982452499":{"isNewSession":false,"newMsgCount":0,"totalMessages":6,"canonicalChatKey":"庐州美美椰子"},"码匠铺子_958625474098":{"isNewSession":false,"newMsgCount":0,"totalMessages":19,"canonicalChatKey":"码匠铺子_958625474098"},"x***2_991148214602":{"isNewSession":false,"newMsgCount":0,"totalMessages":8,"canonicalChatKey":"x***2_991148214602"},"孔明科技价格透明合同保障_991702418518":{"isNewSession":false,"newMsgCount":0,"totalMessages":7,"canonicalChatKey":"孔明科技价格透明合同保障_991702418518"},"tbNick_gj6d9_983484928356":{"isNewSession":false,"newMsgCount":0,"totalMessages":20,"canonicalChatKey":"tbNick_gj6d9_983484928356"}}}
[sync] data unchanged, skipping
[sync] xm_chat_history size: 26762 bytes
[sync] ingest result: {"ok":true,"results":{"SPSS数据分析师_908079810845":{"isNewSession":false,"newMsgCount":0,"totalMessages":8,"canonicalChatKey":"SPSS数据分析师_908079810845"},"阿拉喵主子_1015500846697":{"isNewSession":false,"newMsgCount":0,"totalMessages":1,"canonicalChatKey":"阿拉喵主子_1015500846697"},"庐州美美椰子":{"isNewSession":false,"newMsgCount":0,"totalMessages":2,"canonicalChatKey":"庐州美美椰子"},"庐州美美椰子_910817683819":{"isNewSession":false,"newMsgCount":97,"totalMessages":97,"canonicalChatKey":"庐州美美椰子_910817683819"},"0累球0_994982452499":{"isNewSession":false,"newMsgCount":0,"totalMessages":6,"canonicalChatKey":"0累球0_994982452499"},"庐州美美椰子_994982452499":{"isNewSession":false,"newMsgCount":0,"totalMessages":6,"canonicalChatKey":"庐州美美椰子"},"码匠铺子_958625474098":{"isNewSession":false,"newMsgCount":0,"totalMessages":19,"canonicalChatKey":"码匠铺子_958625474098"},"x***2_991148214602":{"isNewSession":false,"newMsgCount":0,"totalMessages":8,"canonicalChatKey":"x***2_991148214602"},"孔明科技价格透明合同保障_991702418518":{"isNewSession":false,"newMsgCount":0,"totalMessages":7,"canonicalChatKey":"孔明科技价格透明合同保障_991702418518"},"tbNick_gj6d9_983484928356":{"isNewSession":false,"newMsgCount":0,"totalMessages":20,"canonicalChatKey":"tbNick_gj6d9_983484928356"}}}
[sync] data unchanged, skipping
[sync] data unchanged, skipping
[sync] data unchanged, skipping
[sync] data unchanged, skipping
[sync] data unchanged, skipping
[sync] data unchanged, skipping
[sync] data unchanged, skipping
[sync] data unchanged, skipping
[sync] data unchanged, skipping
[sync] data unchanged, skipping
[sync] data unchanged, skipping
[sync] data unchanged, skipping
[sync] data unchanged, skipping
[sync] data unchanged, skipping
[sync] data unchanged, skipping
[sync] data unchanged, skipping
[sync] data unchanged, skipping
[sync] data unchanged, skipping
[sync] data unchanged, skipping
[sync] data unchanged, skipping
[sync] data unchanged, skipping
[sync] data unchanged, skipping
[sync] data unchanged, skipping
[sync] data unchanged, skipping
[sync] data unchanged, skipping
[sync] data unchanged, skipping
[sync] data unchanged, skipping
[sync] data unchanged, skipping
[sync] data unchanged, skipping
[sync] data unchanged, skipping
[sync] xm_chat_history size: 26790 bytes
[sync] ingest result: {"ok":true,"results":{"SPSS数据分析师_908079810845":{"isNewSession":true,"newMsgCount":8,"totalMessages":8,"canonicalChatKey":"SPSS数据分析师_908079810845"},"阿拉喵主子_1015500846697":{"isNewSession":true,"newMsgCount":1,"totalMessages":1,"canonicalChatKey":"阿拉喵主子_1015500846697"},"庐州美美椰子":{"isNewSession":true,"newMsgCount":2,"totalMessages":2,"canonicalChatKey":"庐州美美椰子"},"庐州美美椰子_910817683819":{"isNewSession":false,"newMsgCount":97,"totalMessages":97,"canonicalChatKey":"庐州美美椰子"},"0累球0_994982452499":{"isNewSession":true,"newMsgCount":6,"totalMessages":6,"canonicalChatKey":"0累球0_994982452499"},"庐州美美椰子_994982452499":{"isNewSession":true,"newMsgCount":6,"totalMessages":6,"canonicalChatKey":"庐州美美椰子_994982452499"},"码匠铺子_958625474098":{"isNewSession":true,"newMsgCount":19,"totalMessages":19,"canonicalChatKey":"码匠铺子_958625474098"},"x***2_991148214602":{"isNewSession":true,"newMsgCount":8,"totalMessages":8,"canonicalChatKey":"x***2_991148214602"},"孔明科技价格透明合同保障_991702418518":{"isNewSession":true,"newMsgCount":7,"totalMessages":7,"canonicalChatKey":"孔明科技价格透明合同保障_991702418518"},"tbNick_gj6d9_983484928356":{"isNewSession":true,"newMsgCount":20,"totalMessages":20,"canonicalChatKey":"tbNick_gj6d9_983484928356"}}}
[sync] data unchanged, skipping
[sync] data unchanged, skipping
[sync] data unchanged, skipping
[sync] data unchanged, skipping
[sync] xm_chat_history size: 28316 bytes
[sync] ingest result: {"ok":true,"results":{"SPSS数据分析师_908079810845":{"isNewSession":false,"newMsgCount":0,"totalMessages":8,"canonicalChatKey":"SPSS数据分析师_908079810845"},"阿拉喵主子_1015500846697":{"isNewSession":false,"newMsgCount":0,"totalMessages":1,"canonicalChatKey":"阿拉喵主子_1015500846697"},"庐州美美椰子":{"isNewSession":false,"newMsgCount":0,"totalMessages":2,"canonicalChatKey":"庐州美美椰子"},"庐州美美椰子_910817683819":{"isNewSession":false,"newMsgCount":0,"totalMessages":97,"canonicalChatKey":"庐州美美椰子"},"0累球0_994982452499":{"isNewSession":false,"newMsgCount":0,"totalMessages":6,"canonicalChatKey":"0累球0_994982452499"},"庐州美美椰子_994982452499":{"isNewSession":false,"newMsgCount":0,"totalMessages":6,"canonicalChatKey":"庐州美美椰子_994982452499"},"码匠铺子_958625474098":{"isNewSession":false,"newMsgCount":0,"totalMessages":19,"canonicalChatKey":"码匠铺子_958625474098"},"x***2_991148214602":{"isNewSession":false,"newMsgCount":0,"totalMessages":8,"canonicalChatKey":"x***2_991148214602"},"孔明科技价格透明合同保障_991702418518":{"isNewSession":false,"newMsgCount":0,"totalMessages":7,"canonicalChatKey":"孔明科技价格透明合同保障_991702418518"},"tbNick_gj6d9_983484928356":{"isNewSession":false,"newMsgCount":0,"totalMessages":20,"canonicalChatKey":"tbNick_gj6d9_983484928356"},"x***2_908079810845":{"isNewSession":false,"newMsgCount":8,"totalMessages":8,"canonicalChatKey":"x***2_991148214602"}}}
[sync] data unchanged, skipping
[sync] data unchanged, skipping
[sync] data unchanged, skipping
[sync] xm_chat_history size: 28288 bytes
[sync] ingest result: {"ok":true,"results":{"SPSS数据分析师_908079810845":{"isNewSession":false,"newMsgCount":0,"totalMessages":8,"canonicalChatKey":"SPSS数据分析师_908079810845"},"阿拉喵主子_1015500846697":{"isNewSession":false,"newMsgCount":0,"totalMessages":1,"canonicalChatKey":"阿拉喵主子_1015500846697"},"庐州美美椰子":{"isNewSession":false,"newMsgCount":2,"totalMessages":2,"canonicalChatKey":"庐州美美椰子_994982452499"},"庐州美美椰子_910817683819":{"isNewSession":true,"newMsgCount":97,"totalMessages":97,"canonicalChatKey":"庐州美美椰子_910817683819"},"0累球0_994982452499":{"isNewSession":false,"newMsgCount":0,"totalMessages":6,"canonicalChatKey":"0累球0_994982452499"},"庐州美美椰子_994982452499":{"isNewSession":false,"newMsgCount":0,"totalMessages":6,"canonicalChatKey":"庐州美美椰子_994982452499"},"码匠铺子_958625474098":{"isNewSession":false,"newMsgCount":0,"totalMessages":19,"canonicalChatKey":"码匠铺子_958625474098"},"x***2_991148214602":{"isNewSession":false,"newMsgCount":0,"totalMessages":8,"canonicalChatKey":"x***2_991148214602"},"孔明科技价格透明合同保障_991702418518":{"isNewSession":false,"newMsgCount":0,"totalMessages":7,"canonicalChatKey":"孔明科技价格透明合同保障_991702418518"},"tbNick_gj6d9_983484928356":{"isNewSession":false,"newMsgCount":0,"totalMessages":20,"canonicalChatKey":"tbNick_gj6d9_983484928356"},"x***2_908079810845":{"isNewSession":false,"newMsgCount":0,"totalMessages":8,"canonicalChatKey":"x***2_991148214602"}}}
[sync] data unchanged, skipping
[sync] data unchanged, skipping
[sync] data unchanged, skipping
[sync] data unchanged, skipping
[sync] data unchanged, skipping
[sync] xm_chat_history size: 28288 bytes
[sync] ingest result: {"ok":true,"results":{"SPSS数据分析师_908079810845":{"isNewSession":false,"newMsgCount":0,"totalMessages":8,"canonicalChatKey":"SPSS数据分析师_908079810845"},"阿拉喵主子_1015500846697":{"isNewSession":false,"newMsgCount":0,"totalMessages":1,"canonicalChatKey":"阿拉喵主子_1015500846697"},"庐州美美椰子":{"isNewSession":false,"newMsgCount":0,"totalMessages":2,"canonicalChatKey":"庐州美美椰子_994982452499"},"庐州美美椰子_910817683819":{"isNewSession":false,"newMsgCount":0,"totalMessages":97,"canonicalChatKey":"庐州美美椰子_910817683819"},"0累球0_994982452499":{"isNewSession":false,"newMsgCount":0,"totalMessages":6,"canonicalChatKey":"0累球0_994982452499"},"庐州美美椰子_994982452499":{"isNewSession":false,"newMsgCount":0,"totalMessages":6,"canonicalChatKey":"庐州美美椰子_994982452499"},"码匠铺子_958625474098":{"isNewSession":false,"newMsgCount":0,"totalMessages":19,"canonicalChatKey":"码匠铺子_958625474098"},"x***2_991148214602":{"isNewSession":false,"newMsgCount":0,"totalMessages":8,"canonicalChatKey":"x***2_991148214602"},"孔明科技价格透明合同保障_991702418518":{"isNewSession":false,"newMsgCount":0,"totalMessages":7,"canonicalChatKey":"孔明科技价格透明合同保障_991702418518"},"tbNick_gj6d9_983484928356":{"isNewSession":false,"newMsgCount":0,"totalMessages":20,"canonicalChatKey":"tbNick_gj6d9_983484928356"},"x***2_908079810845":{"isNewSession":false,"newMsgCount":0,"totalMessages":8,"canonicalChatKey":"x***2_991148214602"}}}
[sync] xm_chat_history size: 28288 bytes
[sync] ingest result: {"ok":true,"results":{"SPSS数据分析师_908079810845":{"isNewSession":false,"newMsgCount":0,"totalMessages":8,"canonicalChatKey":"SPSS数据分析师_908079810845"},"阿拉喵主子_1015500846697":{"isNewSession":false,"newMsgCount":0,"totalMessages":1,"canonicalChatKey":"阿拉喵主子_1015500846697"},"庐州美美椰子":{"isNewSession":false,"newMsgCount":0,"totalMessages":2,"canonicalChatKey":"庐州美美椰子_994982452499"},"庐州美美椰子_910817683819":{"isNewSession":false,"newMsgCount":0,"totalMessages":97,"canonicalChatKey":"庐州美美椰子_910817683819"},"0累球0_994982452499":{"isNewSession":false,"newMsgCount":0,"totalMessages":6,"canonicalChatKey":"0累球0_994982452499"},"庐州美美椰子_994982452499":{"isNewSession":false,"newMsgCount":0,"totalMessages":6,"canonicalChatKey":"庐州美美椰子_994982452499"},"码匠铺子_958625474098":{"isNewSession":false,"newMsgCount":0,"totalMessages":19,"canonicalChatKey":"码匠铺子_958625474098"},"x***2_991148214602":{"isNewSession":false,"newMsgCount":0,"totalMessages":8,"canonicalChatKey":"x***2_991148214602"},"孔明科技价格透明合同保障_991702418518":{"isNewSession":false,"newMsgCount":0,"totalMessages":7,"canonicalChatKey":"孔明科技价格透明合同保障_991702418518"},"tbNick_gj6d9_983484928356":{"isNewSession":false,"newMsgCount":0,"totalMessages":20,"canonicalChatKey":"tbNick_gj6d9_983484928356"},"x***2_908079810845":{"isNewSession":false,"newMsgCount":0,"totalMessages":8,"canonicalChatKey":"x***2_991148214602"}}}
[sync] data unchanged, skipping
[sync] data unchanged, skipping
[sync] data unchanged, skipping
[sync] data unchanged, skipping
[sync] data unchanged, skipping
[sync] data unchanged, skipping
[sync] data unchanged, skipping
[sync] xm_chat_history size: 28288 bytes
[sync] ingest result: {"ok":true,"results":{"SPSS数据分析师_908079810845":{"isNewSession":false,"newMsgCount":0,"totalMessages":8,"canonicalChatKey":"SPSS数据分析师_908079810845"},"阿拉喵主子_1015500846697":{"isNewSession":false,"newMsgCount":0,"totalMessages":1,"canonicalChatKey":"阿拉喵主子_1015500846697"},"庐州美美椰子":{"isNewSession":false,"newMsgCount":0,"totalMessages":2,"canonicalChatKey":"庐州美美椰子_994982452499"},"庐州美美椰子_910817683819":{"isNewSession":false,"newMsgCount":0,"totalMessages":97,"canonicalChatKey":"庐州美美椰子_910817683819"},"0累球0_994982452499":{"isNewSession":false,"newMsgCount":0,"totalMessages":6,"canonicalChatKey":"0累球0_994982452499"},"庐州美美椰子_994982452499":{"isNewSession":false,"newMsgCount":0,"totalMessages":6,"canonicalChatKey":"庐州美美椰子_994982452499"},"码匠铺子_958625474098":{"isNewSession":false,"newMsgCount":0,"totalMessages":19,"canonicalChatKey":"码匠铺子_958625474098"},"x***2_991148214602":{"isNewSession":false,"newMsgCount":0,"totalMessages":8,"canonicalChatKey":"x***2_991148214602"},"孔明科技价格透明合同保障_991702418518":{"isNewSession":false,"newMsgCount":0,"totalMessages":7,"canonicalChatKey":"孔明科技价格透明合同保障_991702418518"},"tbNick_gj6d9_983484928356":{"isNewSession":false,"newMsgCount":0,"totalMessages":20,"canonicalChatKey":"tbNick_gj6d9_983484928356"},"x***2_908079810845":{"isNewSession":false,"newMsgCount":0,"totalMessages":8,"canonicalChatKey":"x***2_991148214602"}}}
[sync] xm_chat_history size: 28288 bytes
[sync] ingest result: {"ok":true,"results":{"SPSS数据分析师_908079810845":{"isNewSession":false,"newMsgCount":0,"totalMessages":8,"canonicalChatKey":"SPSS数据分析师_908079810845"},"阿拉喵主子_1015500846697":{"isNewSession":false,"newMsgCount":0,"totalMessages":1,"canonicalChatKey":"阿拉喵主子_1015500846697"},"庐州美美椰子":{"isNewSession":false,"newMsgCount":0,"totalMessages":2,"canonicalChatKey":"庐州美美椰子_994982452499"},"庐州美美椰子_910817683819":{"isNewSession":false,"newMsgCount":0,"totalMessages":97,"canonicalChatKey":"庐州美美椰子_910817683819"},"0累球0_994982452499":{"isNewSession":false,"newMsgCount":0,"totalMessages":6,"canonicalChatKey":"0累球0_994982452499"},"庐州美美椰子_994982452499":{"isNewSession":false,"newMsgCount":0,"totalMessages":6,"canonicalChatKey":"庐州美美椰子_994982452499"},"码匠铺子_958625474098":{"isNewSession":false,"newMsgCount":0,"totalMessages":19,"canonicalChatKey":"码匠铺子_958625474098"},"x***2_991148214602":{"isNewSession":false,"newMsgCount":0,"totalMessages":8,"canonicalChatKey":"x***2_991148214602"},"孔明科技价格透明合同保障_991702418518":{"isNewSession":false,"newMsgCount":0,"totalMessages":7,"canonicalChatKey":"孔明科技价格透明合同保障_991702418518"},"tbNick_gj6d9_983484928356":{"isNewSession":false,"newMsgCount":0,"totalMessages":20,"canonicalChatKey":"tbNick_gj6d9_983484928356"},"x***2_908079810845":{"isNewSession":false,"newMsgCount":0,"totalMessages":8,"canonicalChatKey":"x***2_991148214602"}}}
[sync] data unchanged, skipping
[sync] data unchanged, skipping
[sync] data unchanged, skipping
[sync] data unchanged, skipping
[sync] data unchanged, skipping
[sync] data unchanged, skipping
[sync] data unchanged, skipping
[sync] data unchanged, skipping
[sync] data unchanged, skipping
[sync] data unchanged, skipping
[sync] data unchanged, skipping
[sync] data unchanged, skipping
[sync] data unchanged, skipping
[sync] data unchanged, skipping
[sync] data unchanged, skipping
[sync] data unchanged, skipping
[sync] data unchanged, skipping
[sync] data unchanged, skipping
[sync] data unchanged, skipping
[sync] data unchanged, skipping
[sync] data unchanged, skipping
[sync] data unchanged, skipping
[sync] data unchanged, skipping
[sync] data unchanged, skipping
[sync] data unchanged, skipping
[sync] data unchanged, skipping
[sync] data unchanged, skipping
[sync] data unchanged, skipping
[sync] data unchanged, skipping
[sync] data unchanged, skipping
[sync] data unchanged, skipping
[sync] data unchanged, skipping
[sync] data unchanged, skipping
[sync] data unchanged, skipping
[sync] data unchanged, skipping
[sync] data unchanged, skipping
[sync] data unchanged, skipping
[sync] data unchanged, skipping
[sync] data unchanged, skipping
[sync] xm_chat_history size: 28288 bytes
[sync] ingest result: {"ok":true,"results":{"SPSS数据分析师_908079810845":{"isNewSession":true,"newMsgCount":8,"totalMessages":8,"canonicalChatKey":"SPSS数据分析师_908079810845"},"阿拉喵主子_1015500846697":{"isNewSession":true,"newMsgCount":1,"totalMessages":1,"canonicalChatKey":"阿拉喵主子_1015500846697"},"庐州美美椰子":{"isNewSession":true,"newMsgCount":2,"totalMessages":2,"canonicalChatKey":"庐州美美椰子"},"庐州美美椰子_910817683819":{"isNewSession":true,"newMsgCount":97,"totalMessages":97,"canonicalChatKey":"庐州美美椰子_910817683819"},"0累球0_994982452499":{"isNewSession":true,"newMsgCount":6,"totalMessages":6,"canonicalChatKey":"0累球0_994982452499"},"庐州美美椰子_994982452499":{"isNewSession":false,"newMsgCount":6,"totalMessages":6,"canonicalChatKey":"庐州美美椰子"},"码匠铺子_958625474098":{"isNewSession":true,"newMsgCount":19,"totalMessages":19,"canonicalChatKey":"码匠铺子_958625474098"},"x***2_991148214602":{"isNewSession":true,"newMsgCount":8,"totalMessages":8,"canonicalChatKey":"x***2_991148214602"},"孔明科技价格透明合同保障_991702418518":{"isNewSession":true,"newMsgCount":7,"totalMessages":7,"canonicalChatKey":"孔明科技价格透明合同保障_991702418518"},"tbNick_gj6d9_983484928356":{"isNewSession":true,"newMsgCount":20,"totalMessages":20,"canonicalChatKey":"tbNick_gj6d9_983484928356"},"x***2_908079810845":{"isNewSession":false,"newMsgCount":8,"totalMessages":8,"canonicalChatKey":"x***2_991148214602"}}}
[sync] data unchanged, skipping
[2026/3/28 18:05:30] [client] 收到 SIGTERM，准备停止所有子进程
[2026/3/28 18:05:30] [client] 已向 server 注册 client: 纯粹衣饰 (account: default)
[2026/3/28 18:05:30] [client] 本地 browser bridge 已启动: https://127.0.0.1:3211/ws/browser
[2026/3/28 18:05:30] [client] 已为项目专用 Chrome 注入本地 bridge 证书 SPKI allowlist
[2026/3/28 18:05:31] [client] 启动前清理 Chrome 瞬态数据: GraphiteDawnCache, ShaderCache, GrShaderCache, component_crx_cache, Default/Cache, Default/Code Cache, Default/GPUCache, Default/DawnGraphiteCache, Default/DawnWebGPUCache, Default/blob_storage, Default/Session Storage, Default/Service Worker, Default/Network Persistent State
[2026/3/28 18:05:31] [client] 拉起 Chrome profile "xianyu" (Default)，用户数据目录 /Users/snoopy/Documents/vscode/TamperFish/deploy/local-client-package/.chrome-xianyu-profile，监听 18800
[2026/3/28 18:05:31] [client] 恢复上次会话（保留 session cookie）

DevTools listening on ws://127.0.0.1:18800/devtools/browser/f9403baa-6357-4fd7-bbc2-a5509f681e55
[2026/3/28 18:05:33] [client] 补开启动页: https://myseller.taobao.com/home.htm/batch-consign
[2026/3/28 18:05:33] [client] 启动 sync.ts，连接 CDP 18800，同步到 http://127.0.0.1:3210，client: 纯粹衣饰
[sync] starting daemon — interval 5000ms
[sync] xm_chat_history size: 28288 bytes
[sync] ingest result: {"ok":true,"results":{"SPSS数据分析师_908079810845":{"isNewSession":false,"newMsgCount":0,"totalMessages":8,"canonicalChatKey":"SPSS数据分析师_908079810845"},"阿拉喵主子_1015500846697":{"isNewSession":false,"newMsgCount":0,"totalMessages":1,"canonicalChatKey":"阿拉喵主子_1015500846697"},"庐州美美椰子":{"isNewSession":false,"newMsgCount":0,"totalMessages":2,"canonicalChatKey":"庐州美美椰子"},"庐州美美椰子_910817683819":{"isNewSession":false,"newMsgCount":0,"totalMessages":97,"canonicalChatKey":"庐州美美椰子_910817683819"},"0累球0_994982452499":{"isNewSession":false,"newMsgCount":0,"totalMessages":6,"canonicalChatKey":"0累球0_994982452499"},"庐州美美椰子_994982452499":{"isNewSession":false,"newMsgCount":0,"totalMessages":6,"canonicalChatKey":"庐州美美椰子"},"码匠铺子_958625474098":{"isNewSession":false,"newMsgCount":0,"totalMessages":19,"canonicalChatKey":"码匠铺子_958625474098"},"x***2_991148214602":{"isNewSession":false,"newMsgCount":0,"totalMessages":8,"canonicalChatKey":"x***2_991148214602"},"孔明科技价格透明合同保障_991702418518":{"isNewSession":false,"newMsgCount":0,"totalMessages":7,"canonicalChatKey":"孔明科技价格透明合同保障_991702418518"},"tbNick_gj6d9_983484928356":{"isNewSession":false,"newMsgCount":0,"totalMessages":20,"canonicalChatKey":"tbNick_gj6d9_983484928356"},"x***2_908079810845":{"isNewSession":false,"newMsgCount":0,"totalMessages":8,"canonicalChatKey":"x***2_991148214602"}}}
Trying to load the allocator multiple times. This is *not* supported.
[sync] data unchanged, skipping
[sync] data unchanged, skipping
[sync] data unchanged, skipping
[46619:1167015:0328/180551.141274:VERBOSE1:chrome/updater/updater.cc:432] Version: 148.0.7730.0, opt, x86_64, command line: /Users/snoopy/Library/Application Support/Google/GoogleUpdater/148.0.7730.0/GoogleUpdater.app/Contents/MacOS/GoogleUpdater --wake-all --enable-logging --vmodule=*/components/update_client/*=2,*/chrome/enterprise_companion/*=2,*/chrome/updater/*=2
[46619:1167015:0328/180551.141632:VERBOSE1:chrome/updater/updater.cc:435] OS version: 14.1.1, arch: x86_64, System uptime (seconds): 52457, parent pid: 46096
[46619:1167015:0328/180551.145685:VERBOSE2:chrome/updater/event_history.cc:270] Emitted a UPDATER_PROCESS START event to the history log
[46621:1167019:0328/180551.161425:VERBOSE1:chrome/updater/updater.cc:432] Version: 148.0.7730.0, opt, x86_64, command line: /Users/snoopy/Library/Application Support/Google/GoogleUpdater/148.0.7730.0/GoogleUpdater.app/Contents/MacOS/GoogleUpdater --crash-handler --database=/Users/snoopy/Library/Application Support/Google/GoogleUpdater/148.0.7730.0/Crashpad --url=https://clients2.google.com/cr/report --annotation=prod=Update4 --annotation=ver=148.0.7730.0 --handshake-fd=6 --enable-logging --vmodule=*/components/update_client/*=2,*/chrome/enterprise_companion/*=2,*/chrome/updater/*=2
[46621:1167019:0328/180551.161796:VERBOSE1:chrome/updater/updater.cc:435] OS version: 14.1.1, arch: x86_64, System uptime (seconds): 52457, parent pid: 1
[46621:1167019:0328/180551.165585:VERBOSE2:chrome/updater/event_history.cc:270] Emitted a UPDATER_PROCESS START event to the history log
[46619:1167015:0328/180551.166455:VERBOSE1:chrome/updater/crash_reporter.cc:129] Crash handler launched and ready.
[46619:1167015:0328/180551.167887:VERBOSE1:chrome/updater/crash_client.cc:108] Found 0 completed crash reports
[46619:1167015:0328/180551.168022:VERBOSE1:chrome/updater/crash_client.cc:132] Found 0 pending crash reports
[46619:1167015:0328/180551.168185:ERROR:third_party/crashpad/crashpad/util/file/file_io_posix.cc:145] open /Users/snoopy/Library/Application Support/Google/RLZ/Crashpad/settings.dat: No such file or directory (2)
[46619:1167015:0328/180551.168225:ERROR:third_party/crashpad/crashpad/util/file/file_io_posix.cc:145] open /Users/snoopy/Library/Application Support/Google/Measurement/Crashpad/settings.dat: No such file or directory (2)
[46619:1167015:0328/180551.168247:ERROR:third_party/crashpad/crashpad/util/file/file_io_posix.cc:145] open /Users/snoopy/Library/Application Support/Google/FIRApp/Crashpad/settings.dat: No such file or directory (2)
[46619:1167015:0328/180551.168326:VERBOSE1:chrome/updater/updater.cc:106] Crash reporting initialized.
[46619:1167027:0328/180551.169032:VERBOSE1:chrome/updater/app/app_wakeall.cc:56] Launching `/Users/snoopy/Library/Application Support/Google/GoogleUpdater/148.0.7730.0/GoogleUpdater.app/Contents/MacOS/GoogleUpdater --wake`
[46622:1167031:0328/180551.183131:VERBOSE1:chrome/updater/updater.cc:432] Version: 148.0.7730.0, opt, x86_64, command line: /Users/snoopy/Library/Application Support/Google/GoogleUpdater/148.0.7730.0/GoogleUpdater.app/Contents/MacOS/GoogleUpdater --wake --enable-logging --vmodule=*/components/update_client/*=2,*/chrome/enterprise_companion/*=2,*/chrome/updater/*=2
[46622:1167031:0328/180551.183503:VERBOSE1:chrome/updater/updater.cc:435] OS version: 14.1.1, arch: x86_64, System uptime (seconds): 52457, parent pid: 46619
[46622:1167031:0328/180551.187644:VERBOSE2:chrome/updater/event_history.cc:270] Emitted a UPDATER_PROCESS START event to the history log
[46624:1167035:0328/180551.203354:VERBOSE1:chrome/updater/updater.cc:432] Version: 148.0.7730.0, opt, x86_64, command line: /Users/snoopy/Library/Application Support/Google/GoogleUpdater/148.0.7730.0/GoogleUpdater.app/Contents/MacOS/GoogleUpdater --crash-handler --database=/Users/snoopy/Library/Application Support/Google/GoogleUpdater/148.0.7730.0/Crashpad --url=https://clients2.google.com/cr/report --annotation=prod=Update4 --annotation=ver=148.0.7730.0 --handshake-fd=6 --enable-logging --vmodule=*/components/update_client/*=2,*/chrome/enterprise_companion/*=2,*/chrome/updater/*=2
[46624:1167035:0328/180551.203717:VERBOSE1:chrome/updater/updater.cc:435] OS version: 14.1.1, arch: x86_64, System uptime (seconds): 52457, parent pid: 1
[46624:1167035:0328/180551.207575:VERBOSE2:chrome/updater/event_history.cc:270] Emitted a UPDATER_PROCESS START event to the history log
[46622:1167031:0328/180551.208410:VERBOSE1:chrome/updater/crash_reporter.cc:129] Crash handler launched and ready.
[46622:1167031:0328/180551.209821:VERBOSE1:chrome/updater/crash_client.cc:108] Found 0 completed crash reports
[46622:1167031:0328/180551.209950:VERBOSE1:chrome/updater/crash_client.cc:132] Found 0 pending crash reports
[46622:1167031:0328/180551.210205:ERROR:third_party/crashpad/crashpad/util/file/file_io_posix.cc:145] open /Users/snoopy/Library/Application Support/Google/RLZ/Crashpad/settings.dat: No such file or directory (2)
[46622:1167031:0328/180551.210254:ERROR:third_party/crashpad/crashpad/util/file/file_io_posix.cc:145] open /Users/snoopy/Library/Application Support/Google/Measurement/Crashpad/settings.dat: No such file or directory (2)
[46622:1167031:0328/180551.210277:ERROR:third_party/crashpad/crashpad/util/file/file_io_posix.cc:145] open /Users/snoopy/Library/Application Support/Google/FIRApp/Crashpad/settings.dat: No such file or directory (2)
[46622:1167031:0328/180551.210391:VERBOSE1:chrome/updater/updater.cc:106] Crash reporting initialized.
[46622:1167031:0328/180551.210881:VERBOSE1:chrome/updater/ipc/update_service_internal_proxy_mojo.cc:59] Run
[sync] data unchanged, skipping
[sync] data unchanged, skipping
[sync] data unchanged, skipping
[sync] data unchanged, skipping
[46622:1167031:0328/180608.706661:VERBOSE1:chrome/updater/app/app.cc:53] Shutdown: 0
[46622:1167031:0328/180608.707351:VERBOSE2:chrome/updater/event_history.cc:270] Emitted a UPDATER_PROCESS END event to the history log
[46622:1167031:0328/180608.707379:VERBOSE1:chrome/updater/updater.cc:470] UpdaterMain (--wake) returned 0.
[46619:1167027:0328/180608.938351:VERBOSE1:chrome/updater/app/app_wakeall.cc:66] `/Users/snoopy/Library/Application Support/Google/GoogleUpdater/148.0.7730.0/GoogleUpdater.app/Contents/MacOS/GoogleUpdater --wake` exited 0
[46619:1167015:0328/180608.938602:VERBOSE1:chrome/updater/app/app.cc:53] Shutdown: 0
[46619:1167015:0328/180608.939387:VERBOSE2:chrome/updater/event_history.cc:270] Emitted a UPDATER_PROCESS END event to the history log
[46619:1167015:0328/180608.939418:VERBOSE1:chrome/updater/updater.cc:470] UpdaterMain (--wake-all) returned 0.
[sync] data unchanged, skipping
[sync] data unchanged, skipping
[46624:1167035:0328/180618.713950:VERBOSE2:chrome/updater/event_history.cc:270] Emitted a UPDATER_PROCESS END event to the history log
[46624:1167035:0328/180618.714054:VERBOSE1:chrome/updater/updater.cc:470] UpdaterMain (--crash-handler) returned 0.
[46621:1167019:0328/180618.715416:VERBOSE2:chrome/updater/event_history.cc:270] Emitted a UPDATER_PROCESS END event to the history log
[46621:1167019:0328/180618.715451:VERBOSE1:chrome/updater/updater.cc:470] UpdaterMain (--crash-handler) returned 0.
[sync] data unchanged, skipping
[sync] data unchanged, skipping
[sync] data unchanged, skipping
[sync] data unchanged, skipping
[sync] data unchanged, skipping
[sync] data unchanged, skipping
[sync] data unchanged, skipping
[sync] data unchanged, skipping
[sync] data unchanged, skipping
[sync] data unchanged, skipping
[sync] data unchanged, skipping
[sync] data unchanged, skipping
[sync] data unchanged, skipping
[sync] data unchanged, skipping
[sync] data unchanged, skipping
[sync] data unchanged, skipping
[sync] data unchanged, skipping
[sync] data unchanged, skipping
[sync] data unchanged, skipping
[sync] data unchanged, skipping
[sync] data unchanged, skipping
[sync] data unchanged, skipping
[sync] data unchanged, skipping
[sync] data unchanged, skipping
[sync] data unchanged, skipping
[sync] data unchanged, skipping
[sync] data unchanged, skipping
[sync] data unchanged, skipping
[sync] data unchanged, skipping
[sync] data unchanged, skipping
[sync] data unchanged, skipping
[sync] data unchanged, skipping
[sync] data unchanged, skipping
[sync] data unchanged, skipping
[sync] data unchanged, skipping
[sync] data unchanged, skipping
[sync] data unchanged, skipping
[sync] data unchanged, skipping
[sync] data unchanged, skipping
[sync] data unchanged, skipping
[sync] data unchanged, skipping
[sync] data unchanged, skipping
[sync] data unchanged, skipping
[sync] data unchanged, skipping
[sync] data unchanged, skipping
[sync] data unchanged, skipping
[sync] data unchanged, skipping
[sync] data unchanged, skipping
[sync] data unchanged, skipping
[sync] data unchanged, skipping
[sync] data unchanged, skipping
[sync] data unchanged, skipping
[sync] data unchanged, skipping
[sync] data unchanged, skipping
[sync] data unchanged, skipping
[sync] data unchanged, skipping
[sync] data unchanged, skipping
[sync] data unchanged, skipping
[sync] data unchanged, skipping
[sync] data unchanged, skipping
[sync] data unchanged, skipping
[sync] data unchanged, skipping
[sync] data unchanged, skipping
[sync] data unchanged, skipping
[sync] data unchanged, skipping
[sync] data unchanged, skipping
[sync] data unchanged, skipping
[sync] data unchanged, skipping
[sync] data unchanged, skipping
[sync] data unchanged, skipping
[sync] data unchanged, skipping
[sync] data unchanged, skipping
[sync] data unchanged, skipping
[sync] xm_chat_history size: 28447 bytes
[sync] ingest result: {"ok":true,"results":{"SPSS数据分析师_908079810845":{"isNewSession":false,"newMsgCount":0,"totalMessages":8,"canonicalChatKey":"SPSS数据分析师_908079810845"},"阿拉喵主子_1015500846697":{"isNewSession":false,"newMsgCount":1,"totalMessages":2,"canonicalChatKey":"阿拉喵主子_1015500846697"},"庐州美美椰子":{"isNewSession":true,"newMsgCount":2,"totalMessages":2,"canonicalChatKey":"庐州美美椰子"},"庐州美美椰子_910817683819":{"isNewSession":true,"newMsgCount":97,"totalMessages":97,"canonicalChatKey":"庐州美美椰子_910817683819"},"0累球0_994982452499":{"isNewSession":true,"newMsgCount":6,"totalMessages":6,"canonicalChatKey":"0累球0_994982452499"},"庐州美美椰子_994982452499":{"isNewSession":false,"newMsgCount":6,"totalMessages":6,"canonicalChatKey":"庐州美美椰子"},"码匠铺子_958625474098":{"isNewSession":false,"newMsgCount":0,"totalMessages":19,"canonicalChatKey":"码匠铺子_958625474098"},"x***2_991148214602":{"isNewSession":false,"newMsgCount":0,"totalMessages":8,"canonicalChatKey":"x***2_991148214602"},"孔明科技价格透明合同保障_991702418518":{"isNewSession":false,"newMsgCount":0,"totalMessages":7,"canonicalChatKey":"孔明科技价格透明合同保障_991702418518"},"tbNick_gj6d9_983484928356":{"isNewSession":false,"newMsgCount":0,"totalMessages":20,"canonicalChatKey":"tbNick_gj6d9_983484928356"},"x***2_908079810845":{"isNewSession":false,"newMsgCount":0,"totalMessages":8,"canonicalChatKey":"x***2_991148214602"}}}
[sync] xm_chat_history size: 28347 bytes
[sync] ingest result: {"ok":true,"results":{"SPSS数据分析师_908079810845":{"isNewSession":false,"newMsgCount":0,"totalMessages":8,"canonicalChatKey":"SPSS数据分析师_908079810845"},"阿拉喵主子_1015500846697":{"isNewSession":false,"newMsgCount":0,"totalMessages":2,"canonicalChatKey":"阿拉喵主子_1015500846697"},"庐州美美椰子":{"isNewSession":false,"newMsgCount":0,"totalMessages":1,"canonicalChatKey":"庐州美美椰子"},"庐州美美椰子_910817683819":{"isNewSession":false,"newMsgCount":0,"totalMessages":97,"canonicalChatKey":"庐州美美椰子_910817683819"},"0累球0_994982452499":{"isNewSession":false,"newMsgCount":0,"totalMessages":6,"canonicalChatKey":"0累球0_994982452499"},"庐州美美椰子_994982452499":{"isNewSession":false,"newMsgCount":0,"totalMessages":6,"canonicalChatKey":"庐州美美椰子"},"码匠铺子_958625474098":{"isNewSession":false,"newMsgCount":0,"totalMessages":19,"canonicalChatKey":"码匠铺子_958625474098"},"x***2_991148214602":{"isNewSession":false,"newMsgCount":0,"totalMessages":8,"canonicalChatKey":"x***2_991148214602"},"孔明科技价格透明合同保障_991702418518":{"isNewSession":false,"newMsgCount":0,"totalMessages":7,"canonicalChatKey":"孔明科技价格透明合同保障_991702418518"},"tbNick_gj6d9_983484928356":{"isNewSession":false,"newMsgCount":0,"totalMessages":20,"canonicalChatKey":"tbNick_gj6d9_983484928356"},"x***2_908079810845":{"isNewSession":false,"newMsgCount":0,"totalMessages":8,"canonicalChatKey":"x***2_991148214602"}}}
[sync] xm_chat_history size: 16896 bytes
[sync] ingest result: {"ok":true,"results":{"SPSS数据分析师_908079810845":{"isNewSession":false,"newMsgCount":0,"totalMessages":8,"canonicalChatKey":"SPSS数据分析师_908079810845"},"阿拉喵主子_1015500846697":{"isNewSession":false,"newMsgCount":0,"totalMessages":2,"canonicalChatKey":"阿拉喵主子_1015500846697"},"庐州美美椰子":{"isNewSession":false,"newMsgCount":0,"totalMessages":1,"canonicalChatKey":"庐州美美椰子"},"庐州美美椰子_910817683819":{"isNewSession":false,"newMsgCount":0,"totalMessages":3,"canonicalChatKey":"庐州美美椰子_910817683819"},"0累球0_994982452499":{"isNewSession":false,"newMsgCount":0,"totalMessages":6,"canonicalChatKey":"0累球0_994982452499"},"庐州美美椰子_994982452499":{"isNewSession":false,"newMsgCount":0,"totalMessages":6,"canonicalChatKey":"庐州美美椰子"},"码匠铺子_958625474098":{"isNewSession":false,"newMsgCount":0,"totalMessages":19,"canonicalChatKey":"码匠铺子_958625474098"},"x***2_991148214602":{"isNewSession":false,"newMsgCount":0,"totalMessages":8,"canonicalChatKey":"x***2_991148214602"},"孔明科技价格透明合同保障_991702418518":{"isNewSession":false,"newMsgCount":0,"totalMessages":7,"canonicalChatKey":"孔明科技价格透明合同保障_991702418518"},"tbNick_gj6d9_983484928356":{"isNewSession":false,"newMsgCount":0,"totalMessages":20,"canonicalChatKey":"tbNick_gj6d9_983484928356"},"x***2_908079810845":{"isNewSession":false,"newMsgCount":0,"totalMessages":8,"canonicalChatKey":"x***2_991148214602"}}}
[sync] xm_chat_history size: 16993 bytes
[sync] ingest result: {"ok":true,"results":{"SPSS数据分析师_908079810845":{"isNewSession":false,"newMsgCount":0,"totalMessages":8,"canonicalChatKey":"SPSS数据分析师_908079810845"},"阿拉喵主子_1015500846697":{"isNewSession":false,"newMsgCount":1,"totalMessages":3,"canonicalChatKey":"阿拉喵主子_1015500846697"},"庐州美美椰子":{"isNewSession":false,"newMsgCount":0,"totalMessages":1,"canonicalChatKey":"庐州美美椰子"},"庐州美美椰子_910817683819":{"isNewSession":false,"newMsgCount":0,"totalMessages":3,"canonicalChatKey":"庐州美美椰子_910817683819"},"0累球0_994982452499":{"isNewSession":false,"newMsgCount":0,"totalMessages":6,"canonicalChatKey":"0累球0_994982452499"},"庐州美美椰子_994982452499":{"isNewSession":false,"newMsgCount":0,"totalMessages":6,"canonicalChatKey":"庐州美美椰子"},"码匠铺子_958625474098":{"isNewSession":false,"newMsgCount":0,"totalMessages":19,"canonicalChatKey":"码匠铺子_958625474098"},"x***2_991148214602":{"isNewSession":false,"newMsgCount":0,"totalMessages":8,"canonicalChatKey":"x***2_991148214602"},"孔明科技价格透明合同保障_991702418518":{"isNewSession":false,"newMsgCount":0,"totalMessages":7,"canonicalChatKey":"孔明科技价格透明合同保障_991702418518"},"tbNick_gj6d9_983484928356":{"isNewSession":false,"newMsgCount":0,"totalMessages":20,"canonicalChatKey":"tbNick_gj6d9_983484928356"},"x***2_908079810845":{"isNewSession":false,"newMsgCount":0,"totalMessages":8,"canonicalChatKey":"x***2_991148214602"}}}
[sync] data unchanged, skipping
[sync] xm_chat_history size: 19892 bytes
[sync] ingest result: {"ok":true,"results":{"SPSS数据分析师_908079810845":{"isNewSession":false,"newMsgCount":0,"totalMessages":8,"canonicalChatKey":"SPSS数据分析师_908079810845"},"阿拉喵主子_1015500846697":{"isNewSession":false,"newMsgCount":0,"totalMessages":3,"canonicalChatKey":"阿拉喵主子_1015500846697"},"庐州美美椰子":{"isNewSession":false,"newMsgCount":0,"totalMessages":1,"canonicalChatKey":"庐州美美椰子"},"庐州美美椰子_910817683819":{"isNewSession":false,"newMsgCount":0,"totalMessages":3,"canonicalChatKey":"庐州美美椰子_910817683819"},"0累球0_994982452499":{"isNewSession":false,"newMsgCount":0,"totalMessages":6,"canonicalChatKey":"0累球0_994982452499"},"庐州美美椰子_994982452499":{"isNewSession":false,"newMsgCount":0,"totalMessages":6,"canonicalChatKey":"庐州美美椰子"},"码匠铺子_958625474098":{"isNewSession":false,"newMsgCount":0,"totalMessages":19,"canonicalChatKey":"码匠铺子_958625474098"},"x***2_991148214602":{"isNewSession":false,"newMsgCount":0,"totalMessages":8,"canonicalChatKey":"x***2_991148214602"},"孔明科技价格透明合同保障_991702418518":{"isNewSession":false,"newMsgCount":0,"totalMessages":7,"canonicalChatKey":"孔明科技价格透明合同保障_991702418518"},"tbNick_gj6d9_983484928356":{"isNewSession":false,"newMsgCount":0,"totalMessages":20,"canonicalChatKey":"tbNick_gj6d9_983484928356"},"x***2_908079810845":{"isNewSession":false,"newMsgCount":0,"totalMessages":8,"canonicalChatKey":"x***2_991148214602"},"0累球0_983484928356":{"isNewSession":false,"newMsgCount":20,"totalMessages":20,"canonicalChatKey":"0累球0_994982452499"}}}
[sync] xm_chat_history size: 20543 bytes
[sync] ingest result: {"ok":true,"results":{"SPSS数据分析师_908079810845":{"isNewSession":false,"newMsgCount":0,"totalMessages":8,"canonicalChatKey":"SPSS数据分析师_908079810845"},"阿拉喵主子_1015500846697":{"isNewSession":false,"newMsgCount":0,"totalMessages":3,"canonicalChatKey":"阿拉喵主子_1015500846697"},"庐州美美椰子":{"isNewSession":false,"newMsgCount":0,"totalMessages":1,"canonicalChatKey":"庐州美美椰子"},"庐州美美椰子_910817683819":{"isNewSession":false,"newMsgCount":0,"totalMessages":3,"canonicalChatKey":"庐州美美椰子_910817683819"},"0累球0_994982452499":{"isNewSession":false,"newMsgCount":0,"totalMessages":6,"canonicalChatKey":"0累球0_994982452499"},"庐州美美椰子_994982452499":{"isNewSession":false,"newMsgCount":0,"totalMessages":6,"canonicalChatKey":"庐州美美椰子"},"码匠铺子_958625474098":{"isNewSession":false,"newMsgCount":0,"totalMessages":19,"canonicalChatKey":"码匠铺子_958625474098"},"x***2_991148214602":{"isNewSession":false,"newMsgCount":0,"totalMessages":8,"canonicalChatKey":"x***2_991148214602"},"孔明科技价格透明合同保障_991702418518":{"isNewSession":false,"newMsgCount":0,"totalMessages":7,"canonicalChatKey":"孔明科技价格透明合同保障_991702418518"},"tbNick_gj6d9_983484928356":{"isNewSession":false,"newMsgCount":0,"totalMessages":20,"canonicalChatKey":"tbNick_gj6d9_983484928356"},"x***2_908079810845":{"isNewSession":false,"newMsgCount":0,"totalMessages":8,"canonicalChatKey":"x***2_991148214602"},"0累球0_983484928356":{"isNewSession":false,"newMsgCount":0,"totalMessages":20,"canonicalChatKey":"0累球0_994982452499"},"_1015500846697":{"isNewSession":true,"newMsgCount":3,"totalMessages":3,"canonicalChatKey":"_1015500846697"}}}
[sync] data unchanged, skipping
[sync] data unchanged, skipping
[sync] data unchanged, skipping
[sync] data unchanged, skipping
[sync] data unchanged, skipping
[sync] data unchanged, skipping
[sync] data unchanged, skipping
[sync] data unchanged, skipping
[sync] data unchanged, skipping
[sync] data unchanged, skipping
[sync] data unchanged, skipping
[sync] data unchanged, skipping
[sync] data unchanged, skipping
[sync] data unchanged, skipping
[sync] data unchanged, skipping
[sync] data unchanged, skipping
[sync] data unchanged, skipping
[sync] data unchanged, skipping
[sync] data unchanged, skipping
[sync] data unchanged, skipping
[sync] data unchanged, skipping
[sync] data unchanged, skipping
[sync] data unchanged, skipping
[sync] data unchanged, skipping
[sync] data unchanged, skipping
[sync] data unchanged, skipping
[sync] data unchanged, skipping
[sync] data unchanged, skipping
[sync] data unchanged, skipping
[sync] data unchanged, skipping
[sync] data unchanged, skipping
[sync] data unchanged, skipping
[sync] data unchanged, skipping
[sync] data unchanged, skipping
[sync] data unchanged, skipping
[sync] data unchanged, skipping
[sync] data unchanged, skipping
[sync] data unchanged, skipping
[sync] data unchanged, skipping
[sync] data unchanged, skipping
[sync] data unchanged, skipping
[sync] data unchanged, skipping
[sync] data unchanged, skipping
[sync] data unchanged, skipping
[sync] data unchanged, skipping
[sync] data unchanged, skipping
[sync] data unchanged, skipping
[sync] data unchanged, skipping
[sync] data unchanged, skipping
[sync] data unchanged, skipping
[sync] data unchanged, skipping
[sync] xm_chat_history size: 22081 bytes
[sync] ingest result: {"ok":true,"results":{"SPSS数据分析师_908079810845":{"isNewSession":false,"newMsgCount":0,"totalMessages":8,"canonicalChatKey":"SPSS数据分析师_908079810845"},"阿拉喵主子_1015500846697":{"isNewSession":false,"newMsgCount":0,"totalMessages":3,"canonicalChatKey":"阿拉喵主子_1015500846697"},"庐州美美椰子":{"isNewSession":false,"newMsgCount":0,"totalMessages":1,"canonicalChatKey":"庐州美美椰子"},"庐州美美椰子_910817683819":{"isNewSession":false,"newMsgCount":0,"totalMessages":3,"canonicalChatKey":"庐州美美椰子_910817683819"},"0累球0_994982452499":{"isNewSession":false,"newMsgCount":0,"totalMessages":6,"canonicalChatKey":"0累球0_994982452499"},"庐州美美椰子_994982452499":{"isNewSession":false,"newMsgCount":0,"totalMessages":6,"canonicalChatKey":"庐州美美椰子"},"码匠铺子_958625474098":{"isNewSession":false,"newMsgCount":0,"totalMessages":19,"canonicalChatKey":"码匠铺子_958625474098"},"x***2_991148214602":{"isNewSession":false,"newMsgCount":0,"totalMessages":8,"canonicalChatKey":"x***2_991148214602"},"孔明科技价格透明合同保障_991702418518":{"isNewSession":false,"newMsgCount":0,"totalMessages":7,"canonicalChatKey":"孔明科技价格透明合同保障_991702418518"},"tbNick_gj6d9_983484928356":{"isNewSession":false,"newMsgCount":0,"totalMessages":20,"canonicalChatKey":"tbNick_gj6d9_983484928356"},"x***2_908079810845":{"isNewSession":false,"newMsgCount":0,"totalMessages":8,"canonicalChatKey":"x***2_991148214602"},"0累球0_983484928356":{"isNewSession":false,"newMsgCount":0,"totalMessages":20,"canonicalChatKey":"0累球0_994982452499"},"_1015500846697":{"isNewSession":false,"newMsgCount":0,"totalMessages":3,"canonicalChatKey":"_1015500846697"},"庐州美美椰子_991148214602":{"isNewSession":false,"newMsgCount":8,"totalMessages":8,"canonicalChatKey":"庐州美美椰子"}}}
[sync] data unchanged, skipping
[sync] xm_chat_history is empty, skipping
[sync] xm_chat_history size: 1032 bytes
[sync] ingest result: {"ok":true,"results":{"阿拉喵主子_1015500846697":{"isNewSession":false,"newMsgCount":0,"totalMessages":3,"canonicalChatKey":"阿拉喵主子_1015500846697"}}}
[sync] data unchanged, skipping
[sync] data unchanged, skipping
[sync] data unchanged, skipping
[sync] data unchanged, skipping
[sync] xm_chat_history size: 3662 bytes
[sync] ingest result: {"ok":true,"results":{"阿拉喵主子_1015500846697":{"isNewSession":false,"newMsgCount":0,"totalMessages":3,"canonicalChatKey":"阿拉喵主子_1015500846697"},"0累球0_994982452499":{"isNewSession":false,"newMsgCount":0,"totalMessages":6,"canonicalChatKey":"0累球0_994982452499"},"庐州美美椰子_994982452499":{"isNewSession":false,"newMsgCount":6,"totalMessages":6,"canonicalChatKey":"庐州美美椰子_910817683819"}}}
[sync] data unchanged, skipping
[sync] data unchanged, skipping
[sync] data unchanged, skipping
[sync] data unchanged, skipping
[sync] data unchanged, skipping
[sync] data unchanged, skipping
[sync] data unchanged, skipping
[sync] data unchanged, skipping
[sync] data unchanged, skipping
[sync] data unchanged, skipping
[sync] data unchanged, skipping
[sync] data unchanged, skipping
[sync] data unchanged, skipping
[sync] data unchanged, skipping
[sync] data unchanged, skipping
[sync] data unchanged, skipping
[sync] data unchanged, skipping
[sync] data unchanged, skipping
[sync] data unchanged, skipping
[sync] data unchanged, skipping
[sync] data unchanged, skipping
[sync] data unchanged, skipping
[sync] data unchanged, skipping
[sync] data unchanged, skipping
[sync] data unchanged, skipping
[sync] data unchanged, skipping
[sync] data unchanged, skipping
[sync] data unchanged, skipping
[sync] data unchanged, skipping
[sync] data unchanged, skipping
[sync] data unchanged, skipping
[sync] data unchanged, skipping
[sync] data unchanged, skipping
[sync] data unchanged, skipping
[sync] data unchanged, skipping
[sync] data unchanged, skipping
[sync] data unchanged, skipping
[sync] data unchanged, skipping
[sync] data unchanged, skipping
[sync] data unchanged, skipping
[sync] data unchanged, skipping
[sync] xm_chat_history size: 4326 bytes
[sync] ingest result: {"ok":true,"results":{"阿拉喵主子_1015500846697":{"isNewSession":false,"newMsgCount":0,"totalMessages":3,"canonicalChatKey":"阿拉喵主子_1015500846697"},"0累球0_994982452499":{"isNewSession":false,"newMsgCount":0,"totalMessages":6,"canonicalChatKey":"0累球0_994982452499"},"庐州美美椰子_994982452499":{"isNewSession":false,"newMsgCount":0,"totalMessages":6,"canonicalChatKey":"庐州美美椰子_910817683819"},"庐州美美椰子":{"isNewSession":false,"newMsgCount":0,"totalMessages":1,"canonicalChatKey":"庐州美美椰子"}}}
[sync] xm_chat_history size: 5320 bytes
[sync] ingest result: {"ok":true,"results":{"阿拉喵主子_1015500846697":{"isNewSession":false,"newMsgCount":0,"totalMessages":3,"canonicalChatKey":"阿拉喵主子_1015500846697"},"0累球0_994982452499":{"isNewSession":false,"newMsgCount":0,"totalMessages":6,"canonicalChatKey":"0累球0_994982452499"},"庐州美美椰子_994982452499":{"isNewSession":false,"newMsgCount":0,"totalMessages":6,"canonicalChatKey":"庐州美美椰子_910817683819"},"庐州美美椰子":{"isNewSession":false,"newMsgCount":0,"totalMessages":1,"canonicalChatKey":"庐州美美椰子"},"庐州美美椰子_910817683819":{"isNewSession":false,"newMsgCount":0,"totalMessages":3,"canonicalChatKey":"庐州美美椰子_910817683819"}}}
[sync] xm_chat_history size: 8011 bytes
[sync] ingest result: {"ok":true,"results":{"阿拉喵主子_1015500846697":{"isNewSession":false,"newMsgCount":0,"totalMessages":3,"canonicalChatKey":"阿拉喵主子_1015500846697"},"0累球0_994982452499":{"isNewSession":false,"newMsgCount":0,"totalMessages":6,"canonicalChatKey":"0累球0_994982452499"},"庐州美美椰子_994982452499":{"isNewSession":false,"newMsgCount":0,"totalMessages":6,"canonicalChatKey":"庐州美美椰子_910817683819"},"庐州美美椰子":{"isNewSession":false,"newMsgCount":0,"totalMessages":1,"canonicalChatKey":"庐州美美椰子"},"庐州美美椰子_910817683819":{"isNewSession":false,"newMsgCount":0,"totalMessages":3,"canonicalChatKey":"庐州美美椰子_910817683819"},"码匠铺子_958625474098":{"isNewSession":false,"newMsgCount":0,"totalMessages":19,"canonicalChatKey":"码匠铺子_958625474098"}}}
[sync] xm_chat_history size: 9583 bytes
[sync] ingest result: {"ok":true,"results":{"阿拉喵主子_1015500846697":{"isNewSession":false,"newMsgCount":0,"totalMessages":3,"canonicalChatKey":"阿拉喵主子_1015500846697"},"0累球0_994982452499":{"isNewSession":false,"newMsgCount":0,"totalMessages":6,"canonicalChatKey":"0累球0_994982452499"},"庐州美美椰子_994982452499":{"isNewSession":false,"newMsgCount":0,"totalMessages":6,"canonicalChatKey":"庐州美美椰子_910817683819"},"庐州美美椰子":{"isNewSession":false,"newMsgCount":0,"totalMessages":1,"canonicalChatKey":"庐州美美椰子"},"庐州美美椰子_910817683819":{"isNewSession":false,"newMsgCount":0,"totalMessages":3,"canonicalChatKey":"庐州美美椰子_910817683819"},"码匠铺子_958625474098":{"isNewSession":false,"newMsgCount":0,"totalMessages":19,"canonicalChatKey":"码匠铺子_958625474098"},"x***2_991148214602":{"isNewSession":false,"newMsgCount":0,"totalMessages":8,"canonicalChatKey":"x***2_991148214602"}}}
[sync] data unchanged, skipping
[sync] data unchanged, skipping
[sync] data unchanged, skipping
[sync] data unchanged, skipping
[sync] data unchanged, skipping
[sync] data unchanged, skipping
[sync] data unchanged, skipping
[sync] data unchanged, skipping
[sync] data unchanged, skipping
[sync] data unchanged, skipping
[sync] data unchanged, skipping
[sync] data unchanged, skipping
[sync] data unchanged, skipping
[sync] data unchanged, skipping
[sync] data unchanged, skipping
[sync] data unchanged, skipping
[sync] data unchanged, skipping
[sync] data unchanged, skipping
[sync] data unchanged, skipping
[sync] data unchanged, skipping
[sync] data unchanged, skipping
[sync] data unchanged, skipping
[sync] data unchanged, skipping
[sync] data unchanged, skipping
[sync] data unchanged, skipping
[sync] data unchanged, skipping
[sync] data unchanged, skipping
[sync] data unchanged, skipping
[sync] data unchanged, skipping
[sync] data unchanged, skipping
[sync] data unchanged, skipping
[sync] data unchanged, skipping
[sync] data unchanged, skipping
[sync] data unchanged, skipping
[sync] data unchanged, skipping
[sync] data unchanged, skipping
[sync] data unchanged, skipping
[sync] data unchanged, skipping
[sync] data unchanged, skipping
[sync] data unchanged, skipping
[sync] data unchanged, skipping
[sync] data unchanged, skipping
[sync] data unchanged, skipping
[sync] data unchanged, skipping
[sync] data unchanged, skipping
[sync] data unchanged, skipping
[sync] data unchanged, skipping
[sync] data unchanged, skipping
[sync] data unchanged, skipping
[sync] data unchanged, skipping
[sync] data unchanged, skipping
[sync] data unchanged, skipping
[sync] data unchanged, skipping
[sync] data unchanged, skipping
[sync] data unchanged, skipping
[sync] data unchanged, skipping
[sync] data unchanged, skipping
[sync] data unchanged, skipping
[sync] data unchanged, skipping
[sync] data unchanged, skipping
[sync] data unchanged, skipping
[sync] data unchanged, skipping
[sync] data unchanged, skipping
[sync] data unchanged, skipping
[sync] data unchanged, skipping
[sync] data unchanged, skipping
[sync] data unchanged, skipping
[sync] data unchanged, skipping
[sync] data unchanged, skipping
[sync] data unchanged, skipping
[sync] data unchanged, skipping
[sync] data unchanged, skipping
[sync] data unchanged, skipping
[sync] data unchanged, skipping
[sync] data unchanged, skipping
[sync] data unchanged, skipping
[sync] data unchanged, skipping
[sync] data unchanged, skipping
[sync] data unchanged, skipping
[sync] data unchanged, skipping
[sync] data unchanged, skipping
[sync] data unchanged, skipping
[sync] data unchanged, skipping
[sync] data unchanged, skipping
[sync] data unchanged, skipping
[sync] data unchanged, skipping
[sync] data unchanged, skipping
[sync] data unchanged, skipping
[sync] data unchanged, skipping
[sync] data unchanged, skipping
[sync] data unchanged, skipping
[sync] data unchanged, skipping
[sync] data unchanged, skipping
[sync] data unchanged, skipping
[sync] data unchanged, skipping
[sync] data unchanged, skipping
[sync] data unchanged, skipping
[sync] data unchanged, skipping
[sync] data unchanged, skipping
[sync] data unchanged, skipping
[sync] data unchanged, skipping
[sync] data unchanged, skipping
[sync] data unchanged, skipping
[sync] data unchanged, skipping
[sync] data unchanged, skipping
[sync] data unchanged, skipping
[sync] data unchanged, skipping
[sync] data unchanged, skipping
[sync] data unchanged, skipping
[sync] data unchanged, skipping
[sync] data unchanged, skipping
[sync] data unchanged, skipping
[sync] data unchanged, skipping
[sync] data unchanged, skipping
[sync] data unchanged, skipping
[sync] xm_chat_history size: 9611 bytes
[sync] ingest result: {"ok":true,"results":{"阿拉喵主子_1015500846697":{"isNewSession":false,"newMsgCount":0,"totalMessages":3,"canonicalChatKey":"阿拉喵主子_1015500846697"},"0累球0_994982452499":{"isNewSession":false,"newMsgCount":0,"totalMessages":6,"canonicalChatKey":"0累球0_994982452499"},"庐州美美椰子_994982452499":{"isNewSession":false,"newMsgCount":0,"totalMessages":6,"canonicalChatKey":"庐州美美椰子_910817683819"},"庐州美美椰子":{"isNewSession":false,"newMsgCount":1,"totalMessages":1,"canonicalChatKey":"庐州美美椰子_910817683819"},"庐州美美椰子_910817683819":{"isNewSession":false,"newMsgCount":0,"totalMessages":3,"canonicalChatKey":"庐州美美椰子_910817683819"},"码匠铺子_958625474098":{"isNewSession":false,"newMsgCount":0,"totalMessages":19,"canonicalChatKey":"码匠铺子_958625474098"},"x***2_991148214602":{"isNewSession":false,"newMsgCount":0,"totalMessages":8,"canonicalChatKey":"x***2_991148214602"}}}
[sync] data unchanged, skipping
[sync] data unchanged, skipping
[sync] data unchanged, skipping
[sync] data unchanged, skipping
[sync] data unchanged, skipping
[sync] data unchanged, skipping
[sync] xm_chat_history size: 9583 bytes
[sync] ingest result: {"ok":true,"results":{"阿拉喵主子_1015500846697":{"isNewSession":false,"newMsgCount":0,"totalMessages":3,"canonicalChatKey":"阿拉喵主子_1015500846697"},"0累球0_994982452499":{"isNewSession":false,"newMsgCount":0,"totalMessages":6,"canonicalChatKey":"0累球0_994982452499"},"庐州美美椰子_994982452499":{"isNewSession":false,"newMsgCount":0,"totalMessages":6,"canonicalChatKey":"庐州美美椰子_910817683819"},"庐州美美椰子":{"isNewSession":true,"newMsgCount":1,"totalMessages":1,"canonicalChatKey":"庐州美美椰子"},"庐州美美椰子_910817683819":{"isNewSession":false,"newMsgCount":0,"totalMessages":3,"canonicalChatKey":"庐州美美椰子_910817683819"},"码匠铺子_958625474098":{"isNewSession":false,"newMsgCount":0,"totalMessages":19,"canonicalChatKey":"码匠铺子_958625474098"},"x***2_991148214602":{"isNewSession":false,"newMsgCount":0,"totalMessages":8,"canonicalChatKey":"x***2_991148214602"}}}
[sync] data unchanged, skipping
[sync] data unchanged, skipping
[sync] data unchanged, skipping
[sync] data unchanged, skipping
[sync] data unchanged, skipping
[sync] data unchanged, skipping
[sync] data unchanged, skipping
[sync] data unchanged, skipping
[sync] data unchanged, skipping
[sync] data unchanged, skipping
[sync] data unchanged, skipping
[sync] data unchanged, skipping
[sync] data unchanged, skipping
[sync] data unchanged, skipping
[sync] data unchanged, skipping
[sync] data unchanged, skipping
[sync] data unchanged, skipping
[sync] data unchanged, skipping
[sync] data unchanged, skipping
[sync] data unchanged, skipping
[sync] data unchanged, skipping
[sync] data unchanged, skipping
[sync] data unchanged, skipping
[sync] xm_chat_history size: 10150 bytes
[sync] ingest result: {"ok":true,"results":{"阿拉喵主子_1015500846697":{"isNewSession":false,"newMsgCount":0,"totalMessages":3,"canonicalChatKey":"阿拉喵主子_1015500846697"},"0累球0_994982452499":{"isNewSession":false,"newMsgCount":0,"totalMessages":6,"canonicalChatKey":"0累球0_994982452499"},"庐州美美椰子_994982452499":{"isNewSession":false,"newMsgCount":0,"totalMessages":6,"canonicalChatKey":"庐州美美椰子_910817683819"},"庐州美美椰子":{"isNewSession":false,"newMsgCount":0,"totalMessages":1,"canonicalChatKey":"庐州美美椰子"},"庐州美美椰子_910817683819":{"isNewSession":false,"newMsgCount":0,"totalMessages":3,"canonicalChatKey":"庐州美美椰子_910817683819"},"码匠铺子_958625474098":{"isNewSession":false,"newMsgCount":0,"totalMessages":19,"canonicalChatKey":"码匠铺子_958625474098"},"x***2_991148214602":{"isNewSession":false,"newMsgCount":0,"totalMessages":8,"canonicalChatKey":"x***2_991148214602"},"阿拉喵主子":{"isNewSession":false,"newMsgCount":0,"totalMessages":0,"canonicalChatKey":"阿拉喵主子","skipped":true,"reason":"empty_session","cleanedUpEmptyShell":false}}}
[sync] data unchanged, skipping
[sync] xm_chat_history size: 13335 bytes
[sync] ingest result: {"ok":true,"results":{"阿拉喵主子_1015500846697":{"isNewSession":false,"newMsgCount":0,"totalMessages":3,"canonicalChatKey":"阿拉喵主子_1015500846697"},"0累球0_994982452499":{"isNewSession":false,"newMsgCount":0,"totalMessages":6,"canonicalChatKey":"0累球0_994982452499"},"庐州美美椰子_994982452499":{"isNewSession":false,"newMsgCount":0,"totalMessages":6,"canonicalChatKey":"庐州美美椰子_910817683819"},"庐州美美椰子":{"isNewSession":false,"newMsgCount":0,"totalMessages":1,"canonicalChatKey":"庐州美美椰子"},"庐州美美椰子_910817683819":{"isNewSession":false,"newMsgCount":32,"totalMessages":32,"canonicalChatKey":"庐州美美椰子_910817683819"},"码匠铺子_958625474098":{"isNewSession":false,"newMsgCount":0,"totalMessages":19,"canonicalChatKey":"码匠铺子_958625474098"},"x***2_991148214602":{"isNewSession":false,"newMsgCount":0,"totalMessages":8,"canonicalChatKey":"x***2_991148214602"},"阿拉喵主子":{"isNewSession":false,"newMsgCount":0,"totalMessages":0,"canonicalChatKey":"阿拉喵主子","skipped":true,"reason":"empty_session","cleanedUpEmptyShell":false}}}
[sync] data unchanged, skipping
[sync] xm_chat_history size: 14784 bytes
[sync] ingest result: {"ok":true,"results":{"阿拉喵主子_1015500846697":{"isNewSession":false,"newMsgCount":0,"totalMessages":3,"canonicalChatKey":"阿拉喵主子_1015500846697"},"0累球0_994982452499":{"isNewSession":false,"newMsgCount":0,"totalMessages":6,"canonicalChatKey":"0累球0_994982452499"},"庐州美美椰子_994982452499":{"isNewSession":false,"newMsgCount":0,"totalMessages":6,"canonicalChatKey":"庐州美美椰子_910817683819"},"庐州美美椰子":{"isNewSession":false,"newMsgCount":0,"totalMessages":1,"canonicalChatKey":"庐州美美椰子"},"庐州美美椰子_910817683819":{"isNewSession":false,"newMsgCount":0,"totalMessages":32,"canonicalChatKey":"庐州美美椰子_910817683819"},"码匠铺子_958625474098":{"isNewSession":false,"newMsgCount":0,"totalMessages":19,"canonicalChatKey":"码匠铺子_958625474098"},"x***2_991148214602":{"isNewSession":false,"newMsgCount":0,"totalMessages":8,"canonicalChatKey":"x***2_991148214602"},"阿拉喵主子":{"isNewSession":false,"newMsgCount":0,"totalMessages":0,"canonicalChatKey":"阿拉喵主子","skipped":true,"reason":"empty_session","cleanedUpEmptyShell":false},"您扫码，安排专人对接_991702418518":{"isNewSession":false,"newMsgCount":0,"totalMessages":7,"canonicalChatKey":"孔明科技价格透明合同保障_991702418518"}}}
[sync] xm_chat_history size: 16237 bytes
[sync] ingest result: {"ok":true,"results":{"阿拉喵主子_1015500846697":{"isNewSession":false,"newMsgCount":0,"totalMessages":3,"canonicalChatKey":"阿拉喵主子_1015500846697"},"0累球0_994982452499":{"isNewSession":false,"newMsgCount":0,"totalMessages":6,"canonicalChatKey":"0累球0_994982452499"},"庐州美美椰子_994982452499":{"isNewSession":false,"newMsgCount":0,"totalMessages":6,"canonicalChatKey":"庐州美美椰子_910817683819"},"庐州美美椰子":{"isNewSession":false,"newMsgCount":0,"totalMessages":1,"canonicalChatKey":"庐州美美椰子"},"庐州美美椰子_910817683819":{"isNewSession":false,"newMsgCount":0,"totalMessages":32,"canonicalChatKey":"庐州美美椰子_910817683819"},"码匠铺子_958625474098":{"isNewSession":false,"newMsgCount":0,"totalMessages":19,"canonicalChatKey":"码匠铺子_958625474098"},"x***2_991148214602":{"isNewSession":false,"newMsgCount":0,"totalMessages":8,"canonicalChatKey":"x***2_991148214602"},"阿拉喵主子":{"isNewSession":false,"newMsgCount":0,"totalMessages":0,"canonicalChatKey":"阿拉喵主子","skipped":true,"reason":"empty_session","cleanedUpEmptyShell":false},"您扫码，安排专人对接_991702418518":{"isNewSession":false,"newMsgCount":0,"totalMessages":7,"canonicalChatKey":"孔明科技价格透明合同保障_991702418518"},"孔明科技价格透明合同保障_991702418518":{"isNewSession":false,"newMsgCount":0,"totalMessages":7,"canonicalChatKey":"孔明科技价格透明合同保障_991702418518"}}}
[sync] xm_chat_history size: 19162 bytes
[sync] ingest result: {"ok":true,"results":{"阿拉喵主子_1015500846697":{"isNewSession":false,"newMsgCount":0,"totalMessages":3,"canonicalChatKey":"阿拉喵主子_1015500846697"},"0累球0_994982452499":{"isNewSession":false,"newMsgCount":0,"totalMessages":6,"canonicalChatKey":"0累球0_994982452499"},"庐州美美椰子_994982452499":{"isNewSession":false,"newMsgCount":0,"totalMessages":6,"canonicalChatKey":"庐州美美椰子_910817683819"},"庐州美美椰子":{"isNewSession":false,"newMsgCount":0,"totalMessages":1,"canonicalChatKey":"庐州美美椰子"},"庐州美美椰子_910817683819":{"isNewSession":false,"newMsgCount":0,"totalMessages":32,"canonicalChatKey":"庐州美美椰子_910817683819"},"码匠铺子_958625474098":{"isNewSession":false,"newMsgCount":0,"totalMessages":19,"canonicalChatKey":"码匠铺子_958625474098"},"x***2_991148214602":{"isNewSession":false,"newMsgCount":0,"totalMessages":8,"canonicalChatKey":"x***2_991148214602"},"阿拉喵主子":{"isNewSession":false,"newMsgCount":0,"totalMessages":0,"canonicalChatKey":"阿拉喵主子","skipped":true,"reason":"empty_session","cleanedUpEmptyShell":false},"您扫码，安排专人对接_991702418518":{"isNewSession":false,"newMsgCount":0,"totalMessages":7,"canonicalChatKey":"孔明科技价格透明合同保障_991702418518"},"孔明科技价格透明合同保障_991702418518":{"isNewSession":false,"newMsgCount":0,"totalMessages":7,"canonicalChatKey":"孔明科技价格透明合同保障_991702418518"},"tbNick_gj6d9_983484928356":{"isNewSession":false,"newMsgCount":0,"totalMessages":20,"canonicalChatKey":"tbNick_gj6d9_983484928356"}}}
[sync] xm_chat_history size: 20696 bytes
[sync] ingest result: {"ok":true,"results":{"阿拉喵主子_1015500846697":{"isNewSession":false,"newMsgCount":0,"totalMessages":3,"canonicalChatKey":"阿拉喵主子_1015500846697"},"0累球0_994982452499":{"isNewSession":false,"newMsgCount":0,"totalMessages":6,"canonicalChatKey":"0累球0_994982452499"},"庐州美美椰子_994982452499":{"isNewSession":false,"newMsgCount":0,"totalMessages":6,"canonicalChatKey":"庐州美美椰子_910817683819"},"庐州美美椰子":{"isNewSession":false,"newMsgCount":0,"totalMessages":1,"canonicalChatKey":"庐州美美椰子"},"庐州美美椰子_910817683819":{"isNewSession":false,"newMsgCount":0,"totalMessages":32,"canonicalChatKey":"庐州美美椰子_910817683819"},"码匠铺子_958625474098":{"isNewSession":false,"newMsgCount":0,"totalMessages":19,"canonicalChatKey":"码匠铺子_958625474098"},"x***2_991148214602":{"isNewSession":false,"newMsgCount":0,"totalMessages":8,"canonicalChatKey":"x***2_991148214602"},"阿拉喵主子":{"isNewSession":false,"newMsgCount":0,"totalMessages":0,"canonicalChatKey":"阿拉喵主子","skipped":true,"reason":"empty_session","cleanedUpEmptyShell":false},"您扫码，安排专人对接_991702418518":{"isNewSession":false,"newMsgCount":0,"totalMessages":7,"canonicalChatKey":"孔明科技价格透明合同保障_991702418518"},"孔明科技价格透明合同保障_991702418518":{"isNewSession":false,"newMsgCount":0,"totalMessages":7,"canonicalChatKey":"孔明科技价格透明合同保障_991702418518"},"tbNick_gj6d9_983484928356":{"isNewSession":false,"newMsgCount":0,"totalMessages":20,"canonicalChatKey":"tbNick_gj6d9_983484928356"},"SPSS数据分析师_908079810845":{"isNewSession":false,"newMsgCount":0,"totalMessages":8,"canonicalChatKey":"SPSS数据分析师_908079810845"}}}
[sync] xm_chat_history size: 21826 bytes
[sync] ingest result: {"ok":true,"results":{"阿拉喵主子_1015500846697":{"isNewSession":false,"newMsgCount":0,"totalMessages":3,"canonicalChatKey":"阿拉喵主子_1015500846697"},"0累球0_994982452499":{"isNewSession":false,"newMsgCount":0,"totalMessages":6,"canonicalChatKey":"0累球0_994982452499"},"庐州美美椰子_994982452499":{"isNewSession":false,"newMsgCount":0,"totalMessages":6,"canonicalChatKey":"庐州美美椰子_910817683819"},"庐州美美椰子":{"isNewSession":false,"newMsgCount":0,"totalMessages":1,"canonicalChatKey":"庐州美美椰子"},"庐州美美椰子_910817683819":{"isNewSession":false,"newMsgCount":0,"totalMessages":32,"canonicalChatKey":"庐州美美椰子_910817683819"},"码匠铺子_958625474098":{"isNewSession":false,"newMsgCount":0,"totalMessages":19,"canonicalChatKey":"码匠铺子_958625474098"},"x***2_991148214602":{"isNewSession":false,"newMsgCount":0,"totalMessages":8,"canonicalChatKey":"x***2_991148214602"},"阿拉喵主子":{"isNewSession":false,"newMsgCount":0,"totalMessages":0,"canonicalChatKey":"阿拉喵主子","skipped":true,"reason":"empty_session","cleanedUpEmptyShell":false},"您扫码，安排专人对接_991702418518":{"isNewSession":false,"newMsgCount":0,"totalMessages":7,"canonicalChatKey":"孔明科技价格透明合同保障_991702418518"},"孔明科技价格透明合同保障_991702418518":{"isNewSession":false,"newMsgCount":0,"totalMessages":7,"canonicalChatKey":"孔明科技价格透明合同保障_991702418518"},"tbNick_gj6d9_983484928356":{"isNewSession":false,"newMsgCount":0,"totalMessages":20,"canonicalChatKey":"tbNick_gj6d9_983484928356"},"SPSS数据分析师_908079810845":{"isNewSession":false,"newMsgCount":0,"totalMessages":8,"canonicalChatKey":"SPSS数据分析师_908079810845"},"_908079810845":{"isNewSession":true,"newMsgCount":8,"totalMessages":8,"canonicalChatKey":"_908079810845"}}}
[sync] data unchanged, skipping
[sync] data unchanged, skipping
[sync] xm_chat_history size: 21858 bytes
[sync] ingest result: {"ok":true,"results":{"阿拉喵主子_1015500846697":{"isNewSession":false,"newMsgCount":0,"totalMessages":3,"canonicalChatKey":"阿拉喵主子_1015500846697"},"0累球0_994982452499":{"isNewSession":false,"newMsgCount":0,"totalMessages":6,"canonicalChatKey":"0累球0_994982452499"},"庐州美美椰子_994982452499":{"isNewSession":false,"newMsgCount":0,"totalMessages":6,"canonicalChatKey":"庐州美美椰子_910817683819"},"庐州美美椰子":{"isNewSession":false,"newMsgCount":0,"totalMessages":1,"canonicalChatKey":"庐州美美椰子"},"庐州美美椰子_910817683819":{"isNewSession":false,"newMsgCount":0,"totalMessages":32,"canonicalChatKey":"庐州美美椰子_910817683819"},"码匠铺子_958625474098":{"isNewSession":false,"newMsgCount":0,"totalMessages":19,"canonicalChatKey":"码匠铺子_958625474098"},"x***2_991148214602":{"isNewSession":false,"newMsgCount":0,"totalMessages":8,"canonicalChatKey":"x***2_991148214602"},"阿拉喵主子":{"isNewSession":false,"newMsgCount":0,"totalMessages":0,"canonicalChatKey":"阿拉喵主子","skipped":true,"reason":"empty_session","cleanedUpEmptyShell":false},"您扫码，安排专人对接_991702418518":{"isNewSession":false,"newMsgCount":0,"totalMessages":7,"canonicalChatKey":"孔明科技价格透明合同保障_991702418518"},"孔明科技价格透明合同保障_991702418518":{"isNewSession":false,"newMsgCount":0,"totalMessages":7,"canonicalChatKey":"孔明科技价格透明合同保障_991702418518"},"tbNick_gj6d9_983484928356":{"isNewSession":false,"newMsgCount":0,"totalMessages":20,"canonicalChatKey":"tbNick_gj6d9_983484928356"},"SPSS数据分析师_908079810845":{"isNewSession":false,"newMsgCount":0,"totalMessages":8,"canonicalChatKey":"SPSS数据分析师_908079810845"},"_908079810845":{"isNewSession":false,"newMsgCount":0,"totalMessages":8,"canonicalChatKey":"_908079810845"}}}
[sync] data unchanged, skipping
[sync] data unchanged, skipping
[sync] data unchanged, skipping
[sync] data unchanged, skipping
[sync] data unchanged, skipping
[sync] data unchanged, skipping
[sync] data unchanged, skipping
[sync] data unchanged, skipping
[sync] data unchanged, skipping
[sync] data unchanged, skipping
[sync] data unchanged, skipping
[sync] data unchanged, skipping
[sync] data unchanged, skipping
[sync] data unchanged, skipping
[sync] data unchanged, skipping
[sync] data unchanged, skipping
[sync] data unchanged, skipping
[sync] data unchanged, skipping
[sync] data unchanged, skipping
[sync] data unchanged, skipping
[sync] data unchanged, skipping
[sync] data unchanged, skipping
[sync] data unchanged, skipping
[sync] data unchanged, skipping
[sync] data unchanged, skipping
[sync] data unchanged, skipping
[sync] data unchanged, skipping
[sync] data unchanged, skipping
[sync] data unchanged, skipping
[sync] data unchanged, skipping
[sync] data unchanged, skipping
[sync] data unchanged, skipping
[sync] data unchanged, skipping
[sync] data unchanged, skipping
[sync] data unchanged, skipping
[sync] data unchanged, skipping
[sync] data unchanged, skipping
[sync] data unchanged, skipping
[sync] data unchanged, skipping
[sync] data unchanged, skipping
[sync] data unchanged, skipping
[sync] data unchanged, skipping
[sync] data unchanged, skipping
[sync] data unchanged, skipping
[sync] data unchanged, skipping
[sync] data unchanged, skipping
[sync] data unchanged, skipping
[sync] data unchanged, skipping
[sync] data unchanged, skipping
[sync] data unchanged, skipping
[sync] xm_chat_history size: 24657 bytes
[sync] ingest result: {"ok":true,"results":{"阿拉喵主子_1015500846697":{"isNewSession":false,"newMsgCount":0,"totalMessages":3,"canonicalChatKey":"阿拉喵主子_1015500846697"},"0累球0_994982452499":{"isNewSession":false,"newMsgCount":0,"totalMessages":6,"canonicalChatKey":"0累球0_994982452499"},"庐州美美椰子_994982452499":{"isNewSession":false,"newMsgCount":0,"totalMessages":6,"canonicalChatKey":"庐州美美椰子_910817683819"},"庐州美美椰子":{"isNewSession":false,"newMsgCount":0,"totalMessages":1,"canonicalChatKey":"庐州美美椰子"},"庐州美美椰子_910817683819":{"isNewSession":false,"newMsgCount":0,"totalMessages":32,"canonicalChatKey":"庐州美美椰子_910817683819"},"码匠铺子_958625474098":{"isNewSession":false,"newMsgCount":0,"totalMessages":19,"canonicalChatKey":"码匠铺子_958625474098"},"x***2_991148214602":{"isNewSession":false,"newMsgCount":0,"totalMessages":8,"canonicalChatKey":"x***2_991148214602"},"阿拉喵主子":{"isNewSession":false,"newMsgCount":0,"totalMessages":0,"canonicalChatKey":"阿拉喵主子","skipped":true,"reason":"empty_session","cleanedUpEmptyShell":false},"您扫码，安排专人对接_991702418518":{"isNewSession":false,"newMsgCount":0,"totalMessages":7,"canonicalChatKey":"孔明科技价格透明合同保障_991702418518"},"孔明科技价格透明合同保障_991702418518":{"isNewSession":false,"newMsgCount":0,"totalMessages":7,"canonicalChatKey":"孔明科技价格透明合同保障_991702418518"},"tbNick_gj6d9_983484928356":{"isNewSession":false,"newMsgCount":0,"totalMessages":20,"canonicalChatKey":"tbNick_gj6d9_983484928356"},"SPSS数据分析师_908079810845":{"isNewSession":false,"newMsgCount":0,"totalMessages":8,"canonicalChatKey":"SPSS数据分析师_908079810845"},"_908079810845":{"isNewSession":false,"newMsgCount":0,"totalMessages":8,"canonicalChatKey":"_908079810845"},"tbNick_gj6d9":{"isNewSession":false,"newMsgCount":20,"totalMessages":20,"canonicalChatKey":"tbNick_gj6d9_983484928356"}}}
[sync] data unchanged, skipping
[sync] data unchanged, skipping
[sync] data unchanged, skipping
[sync] xm_chat_history size: 24685 bytes
[sync] ingest result: {"ok":true,"results":{"阿拉喵主子_1015500846697":{"isNewSession":false,"newMsgCount":0,"totalMessages":3,"canonicalChatKey":"阿拉喵主子_1015500846697"},"0累球0_994982452499":{"isNewSession":false,"newMsgCount":0,"totalMessages":6,"canonicalChatKey":"0累球0_994982452499"},"庐州美美椰子_994982452499":{"isNewSession":false,"newMsgCount":0,"totalMessages":6,"canonicalChatKey":"庐州美美椰子_910817683819"},"庐州美美椰子":{"isNewSession":false,"newMsgCount":0,"totalMessages":1,"canonicalChatKey":"庐州美美椰子_910817683819"},"庐州美美椰子_910817683819":{"isNewSession":false,"newMsgCount":0,"totalMessages":32,"canonicalChatKey":"庐州美美椰子_910817683819"},"码匠铺子_958625474098":{"isNewSession":false,"newMsgCount":0,"totalMessages":19,"canonicalChatKey":"码匠铺子_958625474098"},"x***2_991148214602":{"isNewSession":false,"newMsgCount":0,"totalMessages":8,"canonicalChatKey":"x***2_991148214602"},"阿拉喵主子":{"isNewSession":false,"newMsgCount":0,"totalMessages":0,"canonicalChatKey":"阿拉喵主子","skipped":true,"reason":"empty_session","cleanedUpEmptyShell":false},"您扫码，安排专人对接_991702418518":{"isNewSession":false,"newMsgCount":0,"totalMessages":7,"canonicalChatKey":"孔明科技价格透明合同保障_991702418518"},"孔明科技价格透明合同保障_991702418518":{"isNewSession":false,"newMsgCount":0,"totalMessages":7,"canonicalChatKey":"孔明科技价格透明合同保障_991702418518"},"tbNick_gj6d9_983484928356":{"isNewSession":false,"newMsgCount":0,"totalMessages":20,"canonicalChatKey":"tbNick_gj6d9_983484928356"},"SPSS数据分析师_908079810845":{"isNewSession":false,"newMsgCount":0,"totalMessages":8,"canonicalChatKey":"SPSS数据分析师_908079810845"},"_908079810845":{"isNewSession":false,"newMsgCount":0,"totalMessages":8,"canonicalChatKey":"_908079810845"},"tbNick_gj6d9":{"isNewSession":false,"newMsgCount":0,"totalMessages":20,"canonicalChatKey":"tbNick_gj6d9_983484928356"}}}
[sync] xm_chat_history size: 25251 bytes
[sync] ingest result: {"ok":true,"results":{"阿拉喵主子_1015500846697":{"isNewSession":false,"newMsgCount":0,"totalMessages":3,"canonicalChatKey":"阿拉喵主子_1015500846697"},"0累球0_994982452499":{"isNewSession":false,"newMsgCount":0,"totalMessages":6,"canonicalChatKey":"0累球0_994982452499"},"庐州美美椰子_994982452499":{"isNewSession":false,"newMsgCount":0,"totalMessages":6,"canonicalChatKey":"庐州美美椰子_910817683819"},"庐州美美椰子":{"isNewSession":false,"newMsgCount":0,"totalMessages":1,"canonicalChatKey":"庐州美美椰子_910817683819"},"庐州美美椰子_910817683819":{"isNewSession":false,"newMsgCount":0,"totalMessages":32,"canonicalChatKey":"庐州美美椰子_910817683819"},"码匠铺子_958625474098":{"isNewSession":false,"newMsgCount":0,"totalMessages":19,"canonicalChatKey":"码匠铺子_958625474098"},"x***2_991148214602":{"isNewSession":false,"newMsgCount":0,"totalMessages":8,"canonicalChatKey":"x***2_991148214602"},"阿拉喵主子":{"isNewSession":false,"newMsgCount":0,"totalMessages":0,"canonicalChatKey":"阿拉喵主子","skipped":true,"reason":"empty_session","cleanedUpEmptyShell":false},"您扫码，安排专人对接_991702418518":{"isNewSession":false,"newMsgCount":0,"totalMessages":7,"canonicalChatKey":"孔明科技价格透明合同保障_991702418518"},"孔明科技价格透明合同保障_991702418518":{"isNewSession":false,"newMsgCount":0,"totalMessages":7,"canonicalChatKey":"孔明科技价格透明合同保障_991702418518"},"tbNick_gj6d9_983484928356":{"isNewSession":false,"newMsgCount":0,"totalMessages":20,"canonicalChatKey":"tbNick_gj6d9_983484928356"},"SPSS数据分析师_908079810845":{"isNewSession":false,"newMsgCount":0,"totalMessages":8,"canonicalChatKey":"SPSS数据分析师_908079810845"},"_908079810845":{"isNewSession":false,"newMsgCount":0,"totalMessages":8,"canonicalChatKey":"_908079810845"},"tbNick_gj6d9":{"isNewSession":false,"newMsgCount":0,"totalMessages":20,"canonicalChatKey":"tbNick_gj6d9_983484928356"},"0累球0":{"isNewSession":false,"newMsgCount":0,"totalMessages":0,"canonicalChatKey":"0累球0","skipped":true,"reason":"empty_session","cleanedUpEmptyShell":false}}}
[sync] data unchanged, skipping
[sync] data unchanged, skipping
[sync] data unchanged, skipping
[sync] xm_chat_history size: 25902 bytes
[sync] ingest result: {"ok":true,"results":{"阿拉喵主子_1015500846697":{"isNewSession":false,"newMsgCount":0,"totalMessages":3,"canonicalChatKey":"阿拉喵主子_1015500846697"},"0累球0_994982452499":{"isNewSession":false,"newMsgCount":0,"totalMessages":6,"canonicalChatKey":"0累球0_994982452499"},"庐州美美椰子_994982452499":{"isNewSession":false,"newMsgCount":0,"totalMessages":6,"canonicalChatKey":"庐州美美椰子_910817683819"},"庐州美美椰子":{"isNewSession":false,"newMsgCount":0,"totalMessages":1,"canonicalChatKey":"庐州美美椰子_910817683819"},"庐州美美椰子_910817683819":{"isNewSession":false,"newMsgCount":0,"totalMessages":32,"canonicalChatKey":"庐州美美椰子_910817683819"},"码匠铺子_958625474098":{"isNewSession":false,"newMsgCount":0,"totalMessages":19,"canonicalChatKey":"码匠铺子_958625474098"},"x***2_991148214602":{"isNewSession":false,"newMsgCount":0,"totalMessages":8,"canonicalChatKey":"x***2_991148214602"},"阿拉喵主子":{"isNewSession":false,"newMsgCount":0,"totalMessages":0,"canonicalChatKey":"阿拉喵主子","skipped":true,"reason":"empty_session","cleanedUpEmptyShell":false},"您扫码，安排专人对接_991702418518":{"isNewSession":false,"newMsgCount":0,"totalMessages":7,"canonicalChatKey":"孔明科技价格透明合同保障_991702418518"},"孔明科技价格透明合同保障_991702418518":{"isNewSession":false,"newMsgCount":0,"totalMessages":7,"canonicalChatKey":"孔明科技价格透明合同保障_991702418518"},"tbNick_gj6d9_983484928356":{"isNewSession":false,"newMsgCount":0,"totalMessages":20,"canonicalChatKey":"tbNick_gj6d9_983484928356"},"SPSS数据分析师_908079810845":{"isNewSession":false,"newMsgCount":0,"totalMessages":8,"canonicalChatKey":"SPSS数据分析师_908079810845"},"_908079810845":{"isNewSession":false,"newMsgCount":0,"totalMessages":8,"canonicalChatKey":"_908079810845"},"tbNick_gj6d9":{"isNewSession":false,"newMsgCount":0,"totalMessages":20,"canonicalChatKey":"tbNick_gj6d9_983484928356"},"0累球0":{"isNewSession":false,"newMsgCount":0,"totalMessages":0,"canonicalChatKey":"0累球0","skipped":true,"reason":"empty_session","cleanedUpEmptyShell":false},"_1015500846697":{"isNewSession":false,"newMsgCount":0,"totalMessages":3,"canonicalChatKey":"_1015500846697"}}}
[sync] data unchanged, skipping
[sync] data unchanged, skipping
[sync] data unchanged, skipping
[sync] data unchanged, skipping
[sync] xm_chat_history size: 25874 bytes
[sync] ingest result: {"ok":true,"results":{"阿拉喵主子_1015500846697":{"isNewSession":false,"newMsgCount":0,"totalMessages":3,"canonicalChatKey":"阿拉喵主子_1015500846697"},"0累球0_994982452499":{"isNewSession":false,"newMsgCount":0,"totalMessages":6,"canonicalChatKey":"0累球0_994982452499"},"庐州美美椰子_994982452499":{"isNewSession":false,"newMsgCount":0,"totalMessages":6,"canonicalChatKey":"庐州美美椰子_910817683819"},"庐州美美椰子":{"isNewSession":true,"newMsgCount":1,"totalMessages":1,"canonicalChatKey":"庐州美美椰子"},"庐州美美椰子_910817683819":{"isNewSession":false,"newMsgCount":0,"totalMessages":32,"canonicalChatKey":"庐州美美椰子_910817683819"},"码匠铺子_958625474098":{"isNewSession":false,"newMsgCount":0,"totalMessages":19,"canonicalChatKey":"码匠铺子_958625474098"},"x***2_991148214602":{"isNewSession":false,"newMsgCount":0,"totalMessages":8,"canonicalChatKey":"x***2_991148214602"},"阿拉喵主子":{"isNewSession":false,"newMsgCount":0,"totalMessages":0,"canonicalChatKey":"阿拉喵主子","skipped":true,"reason":"empty_session","cleanedUpEmptyShell":false},"您扫码，安排专人对接_991702418518":{"isNewSession":false,"newMsgCount":0,"totalMessages":7,"canonicalChatKey":"孔明科技价格透明合同保障_991702418518"},"孔明科技价格透明合同保障_991702418518":{"isNewSession":false,"newMsgCount":0,"totalMessages":7,"canonicalChatKey":"孔明科技价格透明合同保障_991702418518"},"tbNick_gj6d9_983484928356":{"isNewSession":false,"newMsgCount":0,"totalMessages":20,"canonicalChatKey":"tbNick_gj6d9_983484928356"},"SPSS数据分析师_908079810845":{"isNewSession":false,"newMsgCount":0,"totalMessages":8,"canonicalChatKey":"SPSS数据分析师_908079810845"},"_908079810845":{"isNewSession":false,"newMsgCount":0,"totalMessages":8,"canonicalChatKey":"_908079810845"},"tbNick_gj6d9":{"isNewSession":false,"newMsgCount":0,"totalMessages":20,"canonicalChatKey":"tbNick_gj6d9_983484928356"},"0累球0":{"isNewSession":false,"newMsgCount":0,"totalMessages":0,"canonicalChatKey":"0累球0","skipped":true,"reason":"empty_session","cleanedUpEmptyShell":false},"_1015500846697":{"isNewSession":false,"newMsgCount":0,"totalMessages":3,"canonicalChatKey":"_1015500846697"}}}
[sync] data unchanged, skipping
[sync] data unchanged, skipping
[sync] data unchanged, skipping
[sync] data unchanged, skipping
[sync] data unchanged, skipping
[sync] data unchanged, skipping
[sync] data unchanged, skipping
[sync] data unchanged, skipping
[sync] data unchanged, skipping
[sync] data unchanged, skipping
[sync] data unchanged, skipping
[sync] data unchanged, skipping
[sync] data unchanged, skipping
[sync] data unchanged, skipping
[sync] data unchanged, skipping
[sync] data unchanged, skipping
[sync] data unchanged, skipping
[sync] data unchanged, skipping
[sync] data unchanged, skipping
[sync] data unchanged, skipping
[sync] data unchanged, skipping
[sync] data unchanged, skipping
[sync] data unchanged, skipping
[sync] data unchanged, skipping
[sync] data unchanged, skipping
[sync] data unchanged, skipping
[sync] data unchanged, skipping
[sync] data unchanged, skipping
[sync] data unchanged, skipping
[sync] data unchanged, skipping
[sync] data unchanged, skipping
[sync] data unchanged, skipping
[sync] data unchanged, skipping
[sync] data unchanged, skipping
[sync] data unchanged, skipping
[sync] data unchanged, skipping
[sync] data unchanged, skipping
[sync] data unchanged, skipping
[sync] xm_chat_history size: 29297 bytes
[sync] ingest result: {"ok":true,"results":{"阿拉喵主子_1015500846697":{"isNewSession":false,"newMsgCount":0,"totalMessages":3,"canonicalChatKey":"阿拉喵主子_1015500846697"},"0累球0_994982452499":{"isNewSession":false,"newMsgCount":0,"totalMessages":6,"canonicalChatKey":"0累球0_994982452499"},"庐州美美椰子_994982452499":{"isNewSession":false,"newMsgCount":0,"totalMessages":6,"canonicalChatKey":"庐州美美椰子_910817683819"},"庐州美美椰子":{"isNewSession":false,"newMsgCount":0,"totalMessages":32,"canonicalChatKey":"庐州美美椰子_910817683819"},"庐州美美椰子_910817683819":{"isNewSession":false,"newMsgCount":0,"totalMessages":32,"canonicalChatKey":"庐州美美椰子_910817683819"},"码匠铺子_958625474098":{"isNewSession":false,"newMsgCount":0,"totalMessages":19,"canonicalChatKey":"码匠铺子_958625474098"},"x***2_991148214602":{"isNewSession":false,"newMsgCount":0,"totalMessages":8,"canonicalChatKey":"x***2_991148214602"},"阿拉喵主子":{"isNewSession":false,"newMsgCount":0,"totalMessages":0,"canonicalChatKey":"阿拉喵主子","skipped":true,"reason":"empty_session","cleanedUpEmptyShell":false},"您扫码，安排专人对接_991702418518":{"isNewSession":false,"newMsgCount":0,"totalMessages":7,"canonicalChatKey":"孔明科技价格透明合同保障_991702418518"},"孔明科技价格透明合同保障_991702418518":{"isNewSession":false,"newMsgCount":0,"totalMessages":7,"canonicalChatKey":"孔明科技价格透明合同保障_991702418518"},"tbNick_gj6d9_983484928356":{"isNewSession":false,"newMsgCount":0,"totalMessages":20,"canonicalChatKey":"tbNick_gj6d9_983484928356"},"SPSS数据分析师_908079810845":{"isNewSession":false,"newMsgCount":0,"totalMessages":8,"canonicalChatKey":"SPSS数据分析师_908079810845"},"_908079810845":{"isNewSession":false,"newMsgCount":0,"totalMessages":8,"canonicalChatKey":"_908079810845"},"tbNick_gj6d9":{"isNewSession":false,"newMsgCount":0,"totalMessages":20,"canonicalChatKey":"tbNick_gj6d9_983484928356"},"0累球0":{"isNewSession":false,"newMsgCount":0,"totalMessages":0,"canonicalChatKey":"0累球0","skipped":true,"reason":"empty_session","cleanedUpEmptyShell":false},"_1015500846697":{"isNewSession":false,"newMsgCount":0,"totalMessages":3,"canonicalChatKey":"_1015500846697"}}}
[sync] data unchanged, skipping
[sync] data unchanged, skipping
[sync] data unchanged, skipping
[sync] data unchanged, skipping
[sync] data unchanged, skipping
[sync] data unchanged, skipping
[sync] data unchanged, skipping
[sync] xm_chat_history size: 25874 bytes
[sync] ingest result: {"ok":true,"results":{"阿拉喵主子_1015500846697":{"isNewSession":false,"newMsgCount":0,"totalMessages":3,"canonicalChatKey":"阿拉喵主子_1015500846697"},"0累球0_994982452499":{"isNewSession":false,"newMsgCount":0,"totalMessages":6,"canonicalChatKey":"0累球0_994982452499"},"庐州美美椰子_994982452499":{"isNewSession":false,"newMsgCount":0,"totalMessages":6,"canonicalChatKey":"庐州美美椰子_910817683819"},"庐州美美椰子":{"isNewSession":true,"newMsgCount":1,"totalMessages":1,"canonicalChatKey":"庐州美美椰子"},"庐州美美椰子_910817683819":{"isNewSession":false,"newMsgCount":0,"totalMessages":32,"canonicalChatKey":"庐州美美椰子_910817683819"},"码匠铺子_958625474098":{"isNewSession":false,"newMsgCount":0,"totalMessages":19,"canonicalChatKey":"码匠铺子_958625474098"},"x***2_991148214602":{"isNewSession":false,"newMsgCount":0,"totalMessages":8,"canonicalChatKey":"x***2_991148214602"},"阿拉喵主子":{"isNewSession":false,"newMsgCount":0,"totalMessages":0,"canonicalChatKey":"阿拉喵主子","skipped":true,"reason":"empty_session","cleanedUpEmptyShell":false},"您扫码，安排专人对接_991702418518":{"isNewSession":false,"newMsgCount":0,"totalMessages":7,"canonicalChatKey":"孔明科技价格透明合同保障_991702418518"},"孔明科技价格透明合同保障_991702418518":{"isNewSession":false,"newMsgCount":0,"totalMessages":7,"canonicalChatKey":"孔明科技价格透明合同保障_991702418518"},"tbNick_gj6d9_983484928356":{"isNewSession":false,"newMsgCount":0,"totalMessages":20,"canonicalChatKey":"tbNick_gj6d9_983484928356"},"SPSS数据分析师_908079810845":{"isNewSession":false,"newMsgCount":0,"totalMessages":8,"canonicalChatKey":"SPSS数据分析师_908079810845"},"_908079810845":{"isNewSession":false,"newMsgCount":0,"totalMessages":8,"canonicalChatKey":"_908079810845"},"tbNick_gj6d9":{"isNewSession":false,"newMsgCount":0,"totalMessages":20,"canonicalChatKey":"tbNick_gj6d9_983484928356"},"0累球0":{"isNewSession":false,"newMsgCount":0,"totalMessages":0,"canonicalChatKey":"0累球0","skipped":true,"reason":"empty_session","cleanedUpEmptyShell":false},"_1015500846697":{"isNewSession":false,"newMsgCount":0,"totalMessages":3,"canonicalChatKey":"_1015500846697"}}}
[sync] data unchanged, skipping
[sync] data unchanged, skipping
[sync] data unchanged, skipping
[sync] data unchanged, skipping
[sync] data unchanged, skipping
[sync] data unchanged, skipping
[sync] data unchanged, skipping
[sync] data unchanged, skipping
[sync] data unchanged, skipping
[sync] data unchanged, skipping
[sync] data unchanged, skipping
[sync] data unchanged, skipping
[sync] data unchanged, skipping
[sync] data unchanged, skipping
[sync] data unchanged, skipping
[sync] data unchanged, skipping
[sync] data unchanged, skipping
[sync] data unchanged, skipping
[sync] data unchanged, skipping
[sync] data unchanged, skipping
[sync] data unchanged, skipping
[sync] data unchanged, skipping
[sync] data unchanged, skipping
[sync] data unchanged, skipping
[sync] data unchanged, skipping
[sync] data unchanged, skipping
[sync] data unchanged, skipping
[sync] data unchanged, skipping
[sync] data unchanged, skipping
[sync] data unchanged, skipping
[sync] data unchanged, skipping
[sync] data unchanged, skipping
[sync] data unchanged, skipping
[sync] data unchanged, skipping
[sync] data unchanged, skipping
[sync] data unchanged, skipping
[sync] data unchanged, skipping
[sync] data unchanged, skipping
[sync] data unchanged, skipping
[sync] data unchanged, skipping
[sync] xm_chat_history size: 25902 bytes
[sync] ingest result: {"ok":true,"results":{"阿拉喵主子_1015500846697":{"isNewSession":false,"newMsgCount":0,"totalMessages":3,"canonicalChatKey":"阿拉喵主子_1015500846697"},"0累球0_994982452499":{"isNewSession":false,"newMsgCount":0,"totalMessages":6,"canonicalChatKey":"0累球0_994982452499"},"庐州美美椰子_994982452499":{"isNewSession":false,"newMsgCount":0,"totalMessages":6,"canonicalChatKey":"庐州美美椰子_910817683819"},"庐州美美椰子":{"isNewSession":false,"newMsgCount":0,"totalMessages":1,"canonicalChatKey":"庐州美美椰子_910817683819"},"庐州美美椰子_910817683819":{"isNewSession":false,"newMsgCount":0,"totalMessages":32,"canonicalChatKey":"庐州美美椰子_910817683819"},"码匠铺子_958625474098":{"isNewSession":false,"newMsgCount":0,"totalMessages":19,"canonicalChatKey":"码匠铺子_958625474098"},"x***2_991148214602":{"isNewSession":false,"newMsgCount":0,"totalMessages":8,"canonicalChatKey":"x***2_991148214602"},"阿拉喵主子":{"isNewSession":false,"newMsgCount":0,"totalMessages":0,"canonicalChatKey":"阿拉喵主子","skipped":true,"reason":"empty_session","cleanedUpEmptyShell":false},"您扫码，安排专人对接_991702418518":{"isNewSession":false,"newMsgCount":0,"totalMessages":7,"canonicalChatKey":"孔明科技价格透明合同保障_991702418518"},"孔明科技价格透明合同保障_991702418518":{"isNewSession":false,"newMsgCount":0,"totalMessages":7,"canonicalChatKey":"孔明科技价格透明合同保障_991702418518"},"tbNick_gj6d9_983484928356":{"isNewSession":false,"newMsgCount":0,"totalMessages":20,"canonicalChatKey":"tbNick_gj6d9_983484928356"},"SPSS数据分析师_908079810845":{"isNewSession":false,"newMsgCount":0,"totalMessages":8,"canonicalChatKey":"SPSS数据分析师_908079810845"},"_908079810845":{"isNewSession":false,"newMsgCount":0,"totalMessages":8,"canonicalChatKey":"_908079810845"},"tbNick_gj6d9":{"isNewSession":false,"newMsgCount":0,"totalMessages":20,"canonicalChatKey":"tbNick_gj6d9_983484928356"},"0累球0":{"isNewSession":false,"newMsgCount":0,"totalMessages":0,"canonicalChatKey":"0累球0","skipped":true,"reason":"empty_session","cleanedUpEmptyShell":false},"_1015500846697":{"isNewSession":false,"newMsgCount":0,"totalMessages":3,"canonicalChatKey":"_1015500846697"}}}
[sync] data unchanged, skipping
[sync] data unchanged, skipping
[sync] data unchanged, skipping
[sync] data unchanged, skipping
[sync] data unchanged, skipping
[sync] data unchanged, skipping
[sync] data unchanged, skipping
[sync] data unchanged, skipping
[sync] xm_chat_history size: 25874 bytes
[sync] ingest result: {"ok":true,"results":{"阿拉喵主子_1015500846697":{"isNewSession":false,"newMsgCount":0,"totalMessages":3,"canonicalChatKey":"阿拉喵主子_1015500846697"},"0累球0_994982452499":{"isNewSession":false,"newMsgCount":0,"totalMessages":6,"canonicalChatKey":"0累球0_994982452499"},"庐州美美椰子_994982452499":{"isNewSession":false,"newMsgCount":0,"totalMessages":6,"canonicalChatKey":"庐州美美椰子_910817683819"},"庐州美美椰子":{"isNewSession":true,"newMsgCount":1,"totalMessages":1,"canonicalChatKey":"庐州美美椰子"},"庐州美美椰子_910817683819":{"isNewSession":false,"newMsgCount":0,"totalMessages":32,"canonicalChatKey":"庐州美美椰子_910817683819"},"码匠铺子_958625474098":{"isNewSession":false,"newMsgCount":0,"totalMessages":19,"canonicalChatKey":"码匠铺子_958625474098"},"x***2_991148214602":{"isNewSession":false,"newMsgCount":0,"totalMessages":8,"canonicalChatKey":"x***2_991148214602"},"阿拉喵主子":{"isNewSession":false,"newMsgCount":0,"totalMessages":0,"canonicalChatKey":"阿拉喵主子","skipped":true,"reason":"empty_session","cleanedUpEmptyShell":false},"您扫码，安排专人对接_991702418518":{"isNewSession":false,"newMsgCount":0,"totalMessages":7,"canonicalChatKey":"孔明科技价格透明合同保障_991702418518"},"孔明科技价格透明合同保障_991702418518":{"isNewSession":false,"newMsgCount":0,"totalMessages":7,"canonicalChatKey":"孔明科技价格透明合同保障_991702418518"},"tbNick_gj6d9_983484928356":{"isNewSession":false,"newMsgCount":0,"totalMessages":20,"canonicalChatKey":"tbNick_gj6d9_983484928356"},"SPSS数据分析师_908079810845":{"isNewSession":false,"newMsgCount":0,"totalMessages":8,"canonicalChatKey":"SPSS数据分析师_908079810845"},"_908079810845":{"isNewSession":false,"newMsgCount":0,"totalMessages":8,"canonicalChatKey":"_908079810845"},"tbNick_gj6d9":{"isNewSession":false,"newMsgCount":0,"totalMessages":20,"canonicalChatKey":"tbNick_gj6d9_983484928356"},"0累球0":{"isNewSession":false,"newMsgCount":0,"totalMessages":0,"canonicalChatKey":"0累球0","skipped":true,"reason":"empty_session","cleanedUpEmptyShell":false},"_1015500846697":{"isNewSession":false,"newMsgCount":0,"totalMessages":3,"canonicalChatKey":"_1015500846697"}}}
[sync] data unchanged, skipping
[sync] data unchanged, skipping
[sync] data unchanged, skipping
[sync] data unchanged, skipping
[2026/3/28 18:49:14] [client] browser heartbeat 失败: fetch failed
[sync] data unchanged, skipping
[sync] data unchanged, skipping
[sync] data unchanged, skipping
[sync] data unchanged, skipping
[sync] data unchanged, skipping
[sync] data unchanged, skipping
[sync] data unchanged, skipping
[sync] data unchanged, skipping
[sync] data unchanged, skipping
[sync] data unchanged, skipping
[sync] data unchanged, skipping
[sync] data unchanged, skipping
[sync] data unchanged, skipping
[sync] data unchanged, skipping
[sync] data unchanged, skipping
[sync] data unchanged, skipping
[sync] data unchanged, skipping
[sync] data unchanged, skipping
[sync] data unchanged, skipping
[sync] data unchanged, skipping
[sync] data unchanged, skipping
[sync] data unchanged, skipping
[sync] data unchanged, skipping
[sync] data unchanged, skipping
[sync] data unchanged, skipping
[sync] data unchanged, skipping
[sync] data unchanged, skipping
[sync] data unchanged, skipping
[sync] data unchanged, skipping
[sync] data unchanged, skipping
[sync] data unchanged, skipping
[sync] data unchanged, skipping
[sync] data unchanged, skipping
[sync] data unchanged, skipping
[sync] data unchanged, skipping
[sync] data unchanged, skipping
[sync] data unchanged, skipping
[sync] data unchanged, skipping
[sync] data unchanged, skipping
[sync] data unchanged, skipping
[sync] data unchanged, skipping
[sync] data unchanged, skipping
[sync] data unchanged, skipping
[sync] data unchanged, skipping
[sync] data unchanged, skipping
[sync] data unchanged, skipping
[sync] data unchanged, skipping
[sync] data unchanged, skipping
[sync] data unchanged, skipping
[sync] data unchanged, skipping
[sync] data unchanged, skipping
[sync] data unchanged, skipping
[sync] data unchanged, skipping
[sync] data unchanged, skipping
[sync] data unchanged, skipping
[sync] data unchanged, skipping
[sync] data unchanged, skipping
[sync] data unchanged, skipping
[sync] data unchanged, skipping
[sync] data unchanged, skipping
[sync] data unchanged, skipping
[sync] data unchanged, skipping
[sync] data unchanged, skipping
[sync] data unchanged, skipping
[sync] data unchanged, skipping
[sync] data unchanged, skipping
[sync] data unchanged, skipping
[sync] data unchanged, skipping
[sync] data unchanged, skipping
[sync] data unchanged, skipping
[sync] data unchanged, skipping
[sync] data unchanged, skipping
[sync] data unchanged, skipping
[sync] data unchanged, skipping
[sync] data unchanged, skipping
[sync] data unchanged, skipping
[sync] data unchanged, skipping
[sync] data unchanged, skipping
[sync] data unchanged, skipping
[sync] data unchanged, skipping
[sync] data unchanged, skipping
[sync] data unchanged, skipping
[sync] data unchanged, skipping
[sync] data unchanged, skipping
[sync] data unchanged, skipping
[sync] data unchanged, skipping
[sync] data unchanged, skipping
[sync] data unchanged, skipping
[sync] data unchanged, skipping
[sync] data unchanged, skipping
[sync] data unchanged, skipping
[sync] data unchanged, skipping
[sync] xm_chat_history size: 26033 bytes
[sync] ingest result: {"ok":true,"results":{"阿拉喵主子_1015500846697":{"isNewSession":false,"newMsgCount":1,"totalMessages":4,"canonicalChatKey":"阿拉喵主子_1015500846697"},"0累球0_994982452499":{"isNewSession":false,"newMsgCount":0,"totalMessages":6,"canonicalChatKey":"0累球0_994982452499"},"庐州美美椰子_994982452499":{"isNewSession":false,"newMsgCount":0,"totalMessages":6,"canonicalChatKey":"庐州美美椰子_910817683819"},"庐州美美椰子":{"isNewSession":false,"newMsgCount":0,"totalMessages":1,"canonicalChatKey":"庐州美美椰子"},"庐州美美椰子_910817683819":{"isNewSession":false,"newMsgCount":0,"totalMessages":32,"canonicalChatKey":"庐州美美椰子_910817683819"},"码匠铺子_958625474098":{"isNewSession":false,"newMsgCount":0,"totalMessages":19,"canonicalChatKey":"码匠铺子_958625474098"},"x***2_991148214602":{"isNewSession":false,"newMsgCount":0,"totalMessages":8,"canonicalChatKey":"x***2_991148214602"},"阿拉喵主子":{"isNewSession":false,"newMsgCount":0,"totalMessages":0,"canonicalChatKey":"阿拉喵主子","skipped":true,"reason":"empty_session","cleanedUpEmptyShell":false},"您扫码，安排专人对接_991702418518":{"isNewSession":false,"newMsgCount":0,"totalMessages":7,"canonicalChatKey":"孔明科技价格透明合同保障_991702418518"},"孔明科技价格透明合同保障_991702418518":{"isNewSession":false,"newMsgCount":0,"totalMessages":7,"canonicalChatKey":"孔明科技价格透明合同保障_991702418518"},"tbNick_gj6d9_983484928356":{"isNewSession":false,"newMsgCount":0,"totalMessages":20,"canonicalChatKey":"tbNick_gj6d9_983484928356"},"SPSS数据分析师_908079810845":{"isNewSession":false,"newMsgCount":0,"totalMessages":8,"canonicalChatKey":"SPSS数据分析师_908079810845"},"_908079810845":{"isNewSession":false,"newMsgCount":0,"totalMessages":8,"canonicalChatKey":"_908079810845"},"tbNick_gj6d9":{"isNewSession":false,"newMsgCount":0,"totalMessages":20,"canonicalChatKey":"tbNick_gj6d9_983484928356"},"0累球0":{"isNewSession":false,"newMsgCount":0,"totalMessages":0,"canonicalChatKey":"0累球0","skipped":true,"reason":"empty_session","cleanedUpEmptyShell":false},"_1015500846697":{"isNewSession":false,"newMsgCount":0,"totalMessages":3,"canonicalChatKey":"_1015500846697"}}}
[sync] data unchanged, skipping
[sync] xm_chat_history size: 26135 bytes
[sync] ingest result: {"ok":true,"results":{"阿拉喵主子_1015500846697":{"isNewSession":false,"newMsgCount":1,"totalMessages":5,"canonicalChatKey":"阿拉喵主子_1015500846697"},"0累球0_994982452499":{"isNewSession":false,"newMsgCount":0,"totalMessages":6,"canonicalChatKey":"0累球0_994982452499"},"庐州美美椰子_994982452499":{"isNewSession":false,"newMsgCount":0,"totalMessages":6,"canonicalChatKey":"庐州美美椰子_910817683819"},"庐州美美椰子":{"isNewSession":false,"newMsgCount":0,"totalMessages":1,"canonicalChatKey":"庐州美美椰子"},"庐州美美椰子_910817683819":{"isNewSession":false,"newMsgCount":0,"totalMessages":32,"canonicalChatKey":"庐州美美椰子_910817683819"},"码匠铺子_958625474098":{"isNewSession":false,"newMsgCount":0,"totalMessages":19,"canonicalChatKey":"码匠铺子_958625474098"},"x***2_991148214602":{"isNewSession":false,"newMsgCount":0,"totalMessages":8,"canonicalChatKey":"x***2_991148214602"},"阿拉喵主子":{"isNewSession":false,"newMsgCount":0,"totalMessages":0,"canonicalChatKey":"阿拉喵主子","skipped":true,"reason":"empty_session","cleanedUpEmptyShell":false},"您扫码，安排专人对接_991702418518":{"isNewSession":false,"newMsgCount":0,"totalMessages":7,"canonicalChatKey":"孔明科技价格透明合同保障_991702418518"},"孔明科技价格透明合同保障_991702418518":{"isNewSession":false,"newMsgCount":0,"totalMessages":7,"canonicalChatKey":"孔明科技价格透明合同保障_991702418518"},"tbNick_gj6d9_983484928356":{"isNewSession":false,"newMsgCount":0,"totalMessages":20,"canonicalChatKey":"tbNick_gj6d9_983484928356"},"SPSS数据分析师_908079810845":{"isNewSession":false,"newMsgCount":0,"totalMessages":8,"canonicalChatKey":"SPSS数据分析师_908079810845"},"_908079810845":{"isNewSession":false,"newMsgCount":0,"totalMessages":8,"canonicalChatKey":"_908079810845"},"tbNick_gj6d9":{"isNewSession":false,"newMsgCount":0,"totalMessages":20,"canonicalChatKey":"tbNick_gj6d9_983484928356"},"0累球0":{"isNewSession":false,"newMsgCount":0,"totalMessages":0,"canonicalChatKey":"0累球0","skipped":true,"reason":"empty_session","cleanedUpEmptyShell":false},"_1015500846697":{"isNewSession":false,"newMsgCount":0,"totalMessages":3,"canonicalChatKey":"_1015500846697"}}}
[sync] data unchanged, skipping
[sync] data unchanged, skipping
[sync] data unchanged, skipping
[sync] data unchanged, skipping
[sync] data unchanged, skipping
[sync] data unchanged, skipping
[sync] data unchanged, skipping
[sync] data unchanged, skipping
[sync] data unchanged, skipping
[sync] data unchanged, skipping
[sync] data unchanged, skipping
[sync] data unchanged, skipping
[sync] data unchanged, skipping
[sync] data unchanged, skipping
[sync] data unchanged, skipping
[sync] data unchanged, skipping
[sync] data unchanged, skipping
[sync] data unchanged, skipping
[sync] data unchanged, skipping
[sync] data unchanged, skipping
[sync] data unchanged, skipping
[sync] data unchanged, skipping
[sync] data unchanged, skipping
[sync] data unchanged, skipping
[sync] data unchanged, skipping
[sync] data unchanged, skipping
[sync] data unchanged, skipping
[sync] data unchanged, skipping
[sync] data unchanged, skipping
[sync] data unchanged, skipping
[sync] data unchanged, skipping
[sync] data unchanged, skipping
[sync] data unchanged, skipping
[sync] data unchanged, skipping
[sync] data unchanged, skipping
[sync] data unchanged, skipping
[sync] data unchanged, skipping
[sync] data unchanged, skipping
[sync] data unchanged, skipping
[sync] data unchanged, skipping
[sync] data unchanged, skipping
[sync] data unchanged, skipping
[sync] data unchanged, skipping
[sync] data unchanged, skipping
[sync] data unchanged, skipping
[sync] data unchanged, skipping
[sync] data unchanged, skipping
[sync] data unchanged, skipping
[sync] data unchanged, skipping
[sync] data unchanged, skipping
[sync] data unchanged, skipping
[sync] data unchanged, skipping
[sync] data unchanged, skipping
[sync] data unchanged, skipping
[sync] data unchanged, skipping
[sync] data unchanged, skipping
[sync] data unchanged, skipping
[sync] data unchanged, skipping
[sync] data unchanged, skipping
[sync] data unchanged, skipping
[sync] data unchanged, skipping
[sync] data unchanged, skipping
[sync] data unchanged, skipping
[sync] data unchanged, skipping
[sync] data unchanged, skipping
[sync] data unchanged, skipping
[sync] data unchanged, skipping
[sync] data unchanged, skipping
[sync] data unchanged, skipping
[sync] data unchanged, skipping
[sync] data unchanged, skipping
[sync] data unchanged, skipping
[sync] data unchanged, skipping
[sync] data unchanged, skipping
[sync] data unchanged, skipping
[sync] data unchanged, skipping
[sync] data unchanged, skipping
[sync] data unchanged, skipping
[sync] data unchanged, skipping
[sync] data unchanged, skipping
[sync] data unchanged, skipping
[sync] data unchanged, skipping
[sync] data unchanged, skipping
[sync] data unchanged, skipping
[sync] data unchanged, skipping
[sync] data unchanged, skipping
[sync] data unchanged, skipping
[sync] data unchanged, skipping
[sync] data unchanged, skipping
[sync] data unchanged, skipping
[sync] data unchanged, skipping
[sync] data unchanged, skipping
[sync] data unchanged, skipping
[sync] data unchanged, skipping
[sync] data unchanged, skipping
[sync] data unchanged, skipping
[sync] data unchanged, skipping
[sync] data unchanged, skipping
[sync] data unchanged, skipping
[sync] data unchanged, skipping
[sync] data unchanged, skipping
[sync] data unchanged, skipping
[sync] data unchanged, skipping
[sync] data unchanged, skipping
[sync] data unchanged, skipping
[sync] data unchanged, skipping
[sync] data unchanged, skipping
[sync] data unchanged, skipping
[sync] data unchanged, skipping
[sync] data unchanged, skipping
[sync] data unchanged, skipping
[sync] data unchanged, skipping
[sync] data unchanged, skipping
[sync] data unchanged, skipping
[sync] data unchanged, skipping
[sync] data unchanged, skipping
[sync] data unchanged, skipping
[sync] data unchanged, skipping
[sync] data unchanged, skipping
[sync] data unchanged, skipping
[sync] data unchanged, skipping
[sync] data unchanged, skipping
[sync] data unchanged, skipping
[sync] data unchanged, skipping
[sync] data unchanged, skipping
[sync] data unchanged, skipping
[sync] data unchanged, skipping
[sync] data unchanged, skipping
[sync] data unchanged, skipping
[sync] data unchanged, skipping
[sync] data unchanged, skipping
[sync] data unchanged, skipping
[sync] data unchanged, skipping
[sync] data unchanged, skipping
[sync] xm_chat_history size: 29558 bytes
[sync] ingest result: {"ok":true,"results":{"阿拉喵主子_1015500846697":{"isNewSession":false,"newMsgCount":0,"totalMessages":5,"canonicalChatKey":"阿拉喵主子_1015500846697"},"0累球0_994982452499":{"isNewSession":false,"newMsgCount":0,"totalMessages":6,"canonicalChatKey":"0累球0_994982452499"},"庐州美美椰子_994982452499":{"isNewSession":false,"newMsgCount":0,"totalMessages":6,"canonicalChatKey":"庐州美美椰子_910817683819"},"庐州美美椰子":{"isNewSession":false,"newMsgCount":0,"totalMessages":32,"canonicalChatKey":"庐州美美椰子_910817683819"},"庐州美美椰子_910817683819":{"isNewSession":false,"newMsgCount":0,"totalMessages":32,"canonicalChatKey":"庐州美美椰子_910817683819"},"码匠铺子_958625474098":{"isNewSession":false,"newMsgCount":0,"totalMessages":19,"canonicalChatKey":"码匠铺子_958625474098"},"x***2_991148214602":{"isNewSession":false,"newMsgCount":0,"totalMessages":8,"canonicalChatKey":"x***2_991148214602"},"阿拉喵主子":{"isNewSession":false,"newMsgCount":0,"totalMessages":0,"canonicalChatKey":"阿拉喵主子","skipped":true,"reason":"empty_session","cleanedUpEmptyShell":false},"您扫码，安排专人对接_991702418518":{"isNewSession":false,"newMsgCount":0,"totalMessages":7,"canonicalChatKey":"孔明科技价格透明合同保障_991702418518"},"孔明科技价格透明合同保障_991702418518":{"isNewSession":false,"newMsgCount":0,"totalMessages":7,"canonicalChatKey":"孔明科技价格透明合同保障_991702418518"},"tbNick_gj6d9_983484928356":{"isNewSession":false,"newMsgCount":0,"totalMessages":20,"canonicalChatKey":"tbNick_gj6d9_983484928356"},"SPSS数据分析师_908079810845":{"isNewSession":false,"newMsgCount":0,"totalMessages":8,"canonicalChatKey":"SPSS数据分析师_908079810845"},"_908079810845":{"isNewSession":false,"newMsgCount":0,"totalMessages":8,"canonicalChatKey":"_908079810845"},"tbNick_gj6d9":{"isNewSession":false,"newMsgCount":0,"totalMessages":20,"canonicalChatKey":"tbNick_gj6d9_983484928356"},"0累球0":{"isNewSession":false,"newMsgCount":0,"totalMessages":0,"canonicalChatKey":"0累球0","skipped":true,"reason":"empty_session","cleanedUpEmptyShell":false},"_1015500846697":{"isNewSession":false,"newMsgCount":0,"totalMessages":3,"canonicalChatKey":"_1015500846697"}}}
[sync] xm_chat_history size: 30027 bytes
[sync] ingest result: {"ok":true,"results":{"阿拉喵主子_1015500846697":{"isNewSession":false,"newMsgCount":1,"totalMessages":6,"canonicalChatKey":"阿拉喵主子_1015500846697"},"0累球0_994982452499":{"isNewSession":false,"newMsgCount":0,"totalMessages":6,"canonicalChatKey":"0累球0_994982452499"},"庐州美美椰子_994982452499":{"isNewSession":false,"newMsgCount":0,"totalMessages":6,"canonicalChatKey":"庐州美美椰子_910817683819"},"庐州美美椰子":{"isNewSession":false,"newMsgCount":0,"totalMessages":32,"canonicalChatKey":"庐州美美椰子_910817683819"},"庐州美美椰子_910817683819":{"isNewSession":false,"newMsgCount":0,"totalMessages":32,"canonicalChatKey":"庐州美美椰子_910817683819"},"码匠铺子_958625474098":{"isNewSession":false,"newMsgCount":0,"totalMessages":19,"canonicalChatKey":"码匠铺子_958625474098"},"x***2_991148214602":{"isNewSession":false,"newMsgCount":0,"totalMessages":8,"canonicalChatKey":"x***2_991148214602"},"阿拉喵主子":{"isNewSession":false,"newMsgCount":0,"totalMessages":0,"canonicalChatKey":"阿拉喵主子","skipped":true,"reason":"empty_session","cleanedUpEmptyShell":false},"您扫码，安排专人对接_991702418518":{"isNewSession":false,"newMsgCount":0,"totalMessages":7,"canonicalChatKey":"孔明科技价格透明合同保障_991702418518"},"孔明科技价格透明合同保障_991702418518":{"isNewSession":false,"newMsgCount":0,"totalMessages":7,"canonicalChatKey":"孔明科技价格透明合同保障_991702418518"},"tbNick_gj6d9_983484928356":{"isNewSession":false,"newMsgCount":0,"totalMessages":20,"canonicalChatKey":"tbNick_gj6d9_983484928356"},"SPSS数据分析师_908079810845":{"isNewSession":false,"newMsgCount":0,"totalMessages":8,"canonicalChatKey":"SPSS数据分析师_908079810845"},"_908079810845":{"isNewSession":false,"newMsgCount":0,"totalMessages":8,"canonicalChatKey":"_908079810845"},"tbNick_gj6d9":{"isNewSession":false,"newMsgCount":0,"totalMessages":20,"canonicalChatKey":"tbNick_gj6d9_983484928356"},"0累球0":{"isNewSession":false,"newMsgCount":0,"totalMessages":0,"canonicalChatKey":"0累球0","skipped":true,"reason":"empty_session","cleanedUpEmptyShell":false},"_1015500846697":{"isNewSession":false,"newMsgCount":3,"totalMessages":6,"canonicalChatKey":"_1015500846697"}}}
[sync] data unchanged, skipping
[sync] data unchanged, skipping
[sync] data unchanged, skipping
[sync] data unchanged, skipping
[sync] data unchanged, skipping
[sync] data unchanged, skipping
[sync] xm_chat_history size: 26604 bytes
[sync] ingest result: {"ok":true,"results":{"阿拉喵主子_1015500846697":{"isNewSession":false,"newMsgCount":0,"totalMessages":6,"canonicalChatKey":"阿拉喵主子_1015500846697"},"0累球0_994982452499":{"isNewSession":false,"newMsgCount":0,"totalMessages":6,"canonicalChatKey":"0累球0_994982452499"},"庐州美美椰子_994982452499":{"isNewSession":false,"newMsgCount":0,"totalMessages":6,"canonicalChatKey":"庐州美美椰子_910817683819"},"庐州美美椰子":{"isNewSession":true,"newMsgCount":1,"totalMessages":1,"canonicalChatKey":"庐州美美椰子"},"庐州美美椰子_910817683819":{"isNewSession":false,"newMsgCount":0,"totalMessages":32,"canonicalChatKey":"庐州美美椰子_910817683819"},"码匠铺子_958625474098":{"isNewSession":false,"newMsgCount":0,"totalMessages":19,"canonicalChatKey":"码匠铺子_958625474098"},"x***2_991148214602":{"isNewSession":false,"newMsgCount":0,"totalMessages":8,"canonicalChatKey":"x***2_991148214602"},"阿拉喵主子":{"isNewSession":false,"newMsgCount":0,"totalMessages":0,"canonicalChatKey":"阿拉喵主子","skipped":true,"reason":"empty_session","cleanedUpEmptyShell":false},"您扫码，安排专人对接_991702418518":{"isNewSession":false,"newMsgCount":0,"totalMessages":7,"canonicalChatKey":"孔明科技价格透明合同保障_991702418518"},"孔明科技价格透明合同保障_991702418518":{"isNewSession":false,"newMsgCount":0,"totalMessages":7,"canonicalChatKey":"孔明科技价格透明合同保障_991702418518"},"tbNick_gj6d9_983484928356":{"isNewSession":false,"newMsgCount":0,"totalMessages":20,"canonicalChatKey":"tbNick_gj6d9_983484928356"},"SPSS数据分析师_908079810845":{"isNewSession":false,"newMsgCount":0,"totalMessages":8,"canonicalChatKey":"SPSS数据分析师_908079810845"},"_908079810845":{"isNewSession":false,"newMsgCount":0,"totalMessages":8,"canonicalChatKey":"_908079810845"},"tbNick_gj6d9":{"isNewSession":false,"newMsgCount":0,"totalMessages":20,"canonicalChatKey":"tbNick_gj6d9_983484928356"},"0累球0":{"isNewSession":false,"newMsgCount":0,"totalMessages":0,"canonicalChatKey":"0累球0","skipped":true,"reason":"empty_session","cleanedUpEmptyShell":false},"_1015500846697":{"isNewSession":false,"newMsgCount":0,"totalMessages":6,"canonicalChatKey":"_1015500846697"}}}
[sync] xm_chat_history size: 30027 bytes
[sync] ingest result: {"ok":true,"results":{"阿拉喵主子_1015500846697":{"isNewSession":false,"newMsgCount":0,"totalMessages":6,"canonicalChatKey":"阿拉喵主子_1015500846697"},"0累球0_994982452499":{"isNewSession":false,"newMsgCount":0,"totalMessages":6,"canonicalChatKey":"0累球0_994982452499"},"庐州美美椰子_994982452499":{"isNewSession":false,"newMsgCount":0,"totalMessages":6,"canonicalChatKey":"庐州美美椰子_910817683819"},"庐州美美椰子":{"isNewSession":false,"newMsgCount":0,"totalMessages":32,"canonicalChatKey":"庐州美美椰子_910817683819"},"庐州美美椰子_910817683819":{"isNewSession":false,"newMsgCount":0,"totalMessages":32,"canonicalChatKey":"庐州美美椰子_910817683819"},"码匠铺子_958625474098":{"isNewSession":false,"newMsgCount":0,"totalMessages":19,"canonicalChatKey":"码匠铺子_958625474098"},"x***2_991148214602":{"isNewSession":false,"newMsgCount":0,"totalMessages":8,"canonicalChatKey":"x***2_991148214602"},"阿拉喵主子":{"isNewSession":false,"newMsgCount":0,"totalMessages":0,"canonicalChatKey":"阿拉喵主子","skipped":true,"reason":"empty_session","cleanedUpEmptyShell":false},"您扫码，安排专人对接_991702418518":{"isNewSession":false,"newMsgCount":0,"totalMessages":7,"canonicalChatKey":"孔明科技价格透明合同保障_991702418518"},"孔明科技价格透明合同保障_991702418518":{"isNewSession":false,"newMsgCount":0,"totalMessages":7,"canonicalChatKey":"孔明科技价格透明合同保障_991702418518"},"tbNick_gj6d9_983484928356":{"isNewSession":false,"newMsgCount":0,"totalMessages":20,"canonicalChatKey":"tbNick_gj6d9_983484928356"},"SPSS数据分析师_908079810845":{"isNewSession":false,"newMsgCount":0,"totalMessages":8,"canonicalChatKey":"SPSS数据分析师_908079810845"},"_908079810845":{"isNewSession":false,"newMsgCount":0,"totalMessages":8,"canonicalChatKey":"_908079810845"},"tbNick_gj6d9":{"isNewSession":false,"newMsgCount":0,"totalMessages":20,"canonicalChatKey":"tbNick_gj6d9_983484928356"},"0累球0":{"isNewSession":false,"newMsgCount":0,"totalMessages":0,"canonicalChatKey":"0累球0","skipped":true,"reason":"empty_session","cleanedUpEmptyShell":false},"_1015500846697":{"isNewSession":false,"newMsgCount":0,"totalMessages":6,"canonicalChatKey":"_1015500846697"}}}
[sync] data unchanged, skipping
[sync] data unchanged, skipping
[sync] data unchanged, skipping
[sync] data unchanged, skipping
[sync] xm_chat_history size: 30035 bytes
[sync] ingest result: {"ok":true,"results":{"阿拉喵主子_1015500846697":{"isNewSession":false,"newMsgCount":0,"totalMessages":6,"canonicalChatKey":"阿拉喵主子_1015500846697"},"0累球0_994982452499":{"isNewSession":false,"newMsgCount":0,"totalMessages":6,"canonicalChatKey":"0累球0_994982452499"},"庐州美美椰子_994982452499":{"isNewSession":false,"newMsgCount":0,"totalMessages":6,"canonicalChatKey":"庐州美美椰子_910817683819"},"庐州美美椰子":{"isNewSession":false,"newMsgCount":0,"totalMessages":32,"canonicalChatKey":"庐州美美椰子_910817683819"},"庐州美美椰子_910817683819":{"isNewSession":false,"newMsgCount":0,"totalMessages":32,"canonicalChatKey":"庐州美美椰子_910817683819"},"码匠铺子_958625474098":{"isNewSession":false,"newMsgCount":0,"totalMessages":19,"canonicalChatKey":"码匠铺子_958625474098"},"x***2_991148214602":{"isNewSession":false,"newMsgCount":0,"totalMessages":8,"canonicalChatKey":"x***2_991148214602"},"阿拉喵主子":{"isNewSession":false,"newMsgCount":0,"totalMessages":0,"canonicalChatKey":"阿拉喵主子","skipped":true,"reason":"empty_session","cleanedUpEmptyShell":false},"您扫码，安排专人对接_991702418518":{"isNewSession":false,"newMsgCount":0,"totalMessages":7,"canonicalChatKey":"孔明科技价格透明合同保障_991702418518"},"孔明科技价格透明合同保障_991702418518":{"isNewSession":false,"newMsgCount":0,"totalMessages":7,"canonicalChatKey":"孔明科技价格透明合同保障_991702418518"},"tbNick_gj6d9_983484928356":{"isNewSession":false,"newMsgCount":0,"totalMessages":20,"canonicalChatKey":"tbNick_gj6d9_983484928356"},"SPSS数据分析师_908079810845":{"isNewSession":false,"newMsgCount":0,"totalMessages":8,"canonicalChatKey":"SPSS数据分析师_908079810845"},"_908079810845":{"isNewSession":false,"newMsgCount":0,"totalMessages":8,"canonicalChatKey":"_908079810845"},"tbNick_gj6d9":{"isNewSession":false,"newMsgCount":0,"totalMessages":20,"canonicalChatKey":"tbNick_gj6d9_983484928356"},"0累球0":{"isNewSession":false,"newMsgCount":0,"totalMessages":0,"canonicalChatKey":"0累球0","skipped":true,"reason":"empty_session","cleanedUpEmptyShell":false},"_1015500846697":{"isNewSession":false,"newMsgCount":0,"totalMessages":6,"canonicalChatKey":"_1015500846697"}}}
[sync] data unchanged, skipping
[sync] xm_chat_history size: 26612 bytes
[sync] ingest result: {"ok":true,"results":{"阿拉喵主子_1015500846697":{"isNewSession":false,"newMsgCount":0,"totalMessages":6,"canonicalChatKey":"阿拉喵主子_1015500846697"},"0累球0_994982452499":{"isNewSession":false,"newMsgCount":0,"totalMessages":6,"canonicalChatKey":"0累球0_994982452499"},"庐州美美椰子_994982452499":{"isNewSession":false,"newMsgCount":0,"totalMessages":6,"canonicalChatKey":"庐州美美椰子_910817683819"},"庐州美美椰子":{"isNewSession":true,"newMsgCount":1,"totalMessages":1,"canonicalChatKey":"庐州美美椰子"},"庐州美美椰子_910817683819":{"isNewSession":false,"newMsgCount":0,"totalMessages":32,"canonicalChatKey":"庐州美美椰子_910817683819"},"码匠铺子_958625474098":{"isNewSession":false,"newMsgCount":0,"totalMessages":19,"canonicalChatKey":"码匠铺子_958625474098"},"x***2_991148214602":{"isNewSession":false,"newMsgCount":0,"totalMessages":8,"canonicalChatKey":"x***2_991148214602"},"阿拉喵主子":{"isNewSession":false,"newMsgCount":0,"totalMessages":0,"canonicalChatKey":"阿拉喵主子","skipped":true,"reason":"empty_session","cleanedUpEmptyShell":false},"您扫码，安排专人对接_991702418518":{"isNewSession":false,"newMsgCount":0,"totalMessages":7,"canonicalChatKey":"孔明科技价格透明合同保障_991702418518"},"孔明科技价格透明合同保障_991702418518":{"isNewSession":false,"newMsgCount":0,"totalMessages":7,"canonicalChatKey":"孔明科技价格透明合同保障_991702418518"},"tbNick_gj6d9_983484928356":{"isNewSession":false,"newMsgCount":0,"totalMessages":20,"canonicalChatKey":"tbNick_gj6d9_983484928356"},"SPSS数据分析师_908079810845":{"isNewSession":false,"newMsgCount":0,"totalMessages":8,"canonicalChatKey":"SPSS数据分析师_908079810845"},"_908079810845":{"isNewSession":false,"newMsgCount":0,"totalMessages":8,"canonicalChatKey":"_908079810845"},"tbNick_gj6d9":{"isNewSession":false,"newMsgCount":0,"totalMessages":20,"canonicalChatKey":"tbNick_gj6d9_983484928356"},"0累球0":{"isNewSession":false,"newMsgCount":0,"totalMessages":0,"canonicalChatKey":"0累球0","skipped":true,"reason":"empty_session","cleanedUpEmptyShell":false},"_1015500846697":{"isNewSession":false,"newMsgCount":0,"totalMessages":6,"canonicalChatKey":"_1015500846697"}}}
[sync] data unchanged, skipping
[sync] data unchanged, skipping
[sync] data unchanged, skipping
[sync] data unchanged, skipping
[sync] data unchanged, skipping
[sync] data unchanged, skipping
[sync] data unchanged, skipping
[sync] data unchanged, skipping
[sync] data unchanged, skipping
[sync] data unchanged, skipping
[sync] data unchanged, skipping
[sync] data unchanged, skipping
[sync] data unchanged, skipping
[sync] data unchanged, skipping
[sync] data unchanged, skipping
[sync] data unchanged, skipping
[sync] xm_chat_history size: 26709 bytes
[sync] ingest result: {"ok":true,"results":{"阿拉喵主子_1015500846697":{"isNewSession":false,"newMsgCount":1,"totalMessages":7,"canonicalChatKey":"阿拉喵主子_1015500846697"},"0累球0_994982452499":{"isNewSession":false,"newMsgCount":0,"totalMessages":6,"canonicalChatKey":"0累球0_994982452499"},"庐州美美椰子_994982452499":{"isNewSession":false,"newMsgCount":0,"totalMessages":6,"canonicalChatKey":"庐州美美椰子_910817683819"},"庐州美美椰子":{"isNewSession":false,"newMsgCount":0,"totalMessages":1,"canonicalChatKey":"庐州美美椰子"},"庐州美美椰子_910817683819":{"isNewSession":false,"newMsgCount":0,"totalMessages":32,"canonicalChatKey":"庐州美美椰子_910817683819"},"码匠铺子_958625474098":{"isNewSession":false,"newMsgCount":0,"totalMessages":19,"canonicalChatKey":"码匠铺子_958625474098"},"x***2_991148214602":{"isNewSession":false,"newMsgCount":0,"totalMessages":8,"canonicalChatKey":"x***2_991148214602"},"阿拉喵主子":{"isNewSession":false,"newMsgCount":0,"totalMessages":0,"canonicalChatKey":"阿拉喵主子","skipped":true,"reason":"empty_session","cleanedUpEmptyShell":false},"您扫码，安排专人对接_991702418518":{"isNewSession":false,"newMsgCount":0,"totalMessages":7,"canonicalChatKey":"孔明科技价格透明合同保障_991702418518"},"孔明科技价格透明合同保障_991702418518":{"isNewSession":false,"newMsgCount":0,"totalMessages":7,"canonicalChatKey":"孔明科技价格透明合同保障_991702418518"},"tbNick_gj6d9_983484928356":{"isNewSession":false,"newMsgCount":0,"totalMessages":20,"canonicalChatKey":"tbNick_gj6d9_983484928356"},"SPSS数据分析师_908079810845":{"isNewSession":false,"newMsgCount":0,"totalMessages":8,"canonicalChatKey":"SPSS数据分析师_908079810845"},"_908079810845":{"isNewSession":false,"newMsgCount":0,"totalMessages":8,"canonicalChatKey":"_908079810845"},"tbNick_gj6d9":{"isNewSession":false,"newMsgCount":0,"totalMessages":20,"canonicalChatKey":"tbNick_gj6d9_983484928356"},"0累球0":{"isNewSession":false,"newMsgCount":0,"totalMessages":0,"canonicalChatKey":"0累球0","skipped":true,"reason":"empty_session","cleanedUpEmptyShell":false},"_1015500846697":{"isNewSession":true,"newMsgCount":6,"totalMessages":6,"canonicalChatKey":"_1015500846697"}}}
[sync] data unchanged, skipping
[sync] data unchanged, skipping
[sync] data unchanged, skipping
[sync] data unchanged, skipping
[sync] xm_chat_history size: 26868 bytes
[sync] ingest result: {"ok":true,"results":{"阿拉喵主子_1015500846697":{"isNewSession":false,"newMsgCount":1,"totalMessages":8,"canonicalChatKey":"阿拉喵主子_1015500846697"},"0累球0_994982452499":{"isNewSession":false,"newMsgCount":0,"totalMessages":6,"canonicalChatKey":"0累球0_994982452499"},"庐州美美椰子_994982452499":{"isNewSession":false,"newMsgCount":0,"totalMessages":6,"canonicalChatKey":"庐州美美椰子_910817683819"},"庐州美美椰子":{"isNewSession":false,"newMsgCount":0,"totalMessages":1,"canonicalChatKey":"庐州美美椰子"},"庐州美美椰子_910817683819":{"isNewSession":false,"newMsgCount":0,"totalMessages":32,"canonicalChatKey":"庐州美美椰子_910817683819"},"码匠铺子_958625474098":{"isNewSession":false,"newMsgCount":0,"totalMessages":19,"canonicalChatKey":"码匠铺子_958625474098"},"x***2_991148214602":{"isNewSession":false,"newMsgCount":0,"totalMessages":8,"canonicalChatKey":"x***2_991148214602"},"阿拉喵主子":{"isNewSession":false,"newMsgCount":0,"totalMessages":0,"canonicalChatKey":"阿拉喵主子","skipped":true,"reason":"empty_session","cleanedUpEmptyShell":false},"您扫码，安排专人对接_991702418518":{"isNewSession":false,"newMsgCount":0,"totalMessages":7,"canonicalChatKey":"孔明科技价格透明合同保障_991702418518"},"孔明科技价格透明合同保障_991702418518":{"isNewSession":false,"newMsgCount":0,"totalMessages":7,"canonicalChatKey":"孔明科技价格透明合同保障_991702418518"},"tbNick_gj6d9_983484928356":{"isNewSession":false,"newMsgCount":0,"totalMessages":20,"canonicalChatKey":"tbNick_gj6d9_983484928356"},"SPSS数据分析师_908079810845":{"isNewSession":false,"newMsgCount":0,"totalMessages":8,"canonicalChatKey":"SPSS数据分析师_908079810845"},"_908079810845":{"isNewSession":false,"newMsgCount":0,"totalMessages":8,"canonicalChatKey":"_908079810845"},"tbNick_gj6d9":{"isNewSession":false,"newMsgCount":0,"totalMessages":20,"canonicalChatKey":"tbNick_gj6d9_983484928356"},"0累球0":{"isNewSession":false,"newMsgCount":0,"totalMessages":0,"canonicalChatKey":"0累球0","skipped":true,"reason":"empty_session","cleanedUpEmptyShell":false},"_1015500846697":{"isNewSession":false,"newMsgCount":0,"totalMessages":6,"canonicalChatKey":"_1015500846697"}}}
[sync] xm_chat_history size: 27124 bytes
[sync] ingest result: {"ok":true,"results":{"阿拉喵主子_1015500846697":{"isNewSession":false,"newMsgCount":0,"totalMessages":8,"canonicalChatKey":"阿拉喵主子_1015500846697"},"0累球0_994982452499":{"isNewSession":false,"newMsgCount":0,"totalMessages":6,"canonicalChatKey":"0累球0_994982452499"},"庐州美美椰子_994982452499":{"isNewSession":false,"newMsgCount":0,"totalMessages":6,"canonicalChatKey":"庐州美美椰子_910817683819"},"庐州美美椰子":{"isNewSession":false,"newMsgCount":0,"totalMessages":1,"canonicalChatKey":"庐州美美椰子"},"庐州美美椰子_910817683819":{"isNewSession":false,"newMsgCount":0,"totalMessages":32,"canonicalChatKey":"庐州美美椰子_910817683819"},"码匠铺子_958625474098":{"isNewSession":false,"newMsgCount":0,"totalMessages":19,"canonicalChatKey":"码匠铺子_958625474098"},"x***2_991148214602":{"isNewSession":false,"newMsgCount":0,"totalMessages":8,"canonicalChatKey":"x***2_991148214602"},"阿拉喵主子":{"isNewSession":false,"newMsgCount":0,"totalMessages":0,"canonicalChatKey":"阿拉喵主子","skipped":true,"reason":"empty_session","cleanedUpEmptyShell":false},"您扫码，安排专人对接_991702418518":{"isNewSession":false,"newMsgCount":0,"totalMessages":7,"canonicalChatKey":"孔明科技价格透明合同保障_991702418518"},"孔明科技价格透明合同保障_991702418518":{"isNewSession":false,"newMsgCount":0,"totalMessages":7,"canonicalChatKey":"孔明科技价格透明合同保障_991702418518"},"tbNick_gj6d9_983484928356":{"isNewSession":false,"newMsgCount":0,"totalMessages":20,"canonicalChatKey":"tbNick_gj6d9_983484928356"},"SPSS数据分析师_908079810845":{"isNewSession":false,"newMsgCount":0,"totalMessages":8,"canonicalChatKey":"SPSS数据分析师_908079810845"},"_908079810845":{"isNewSession":false,"newMsgCount":0,"totalMessages":8,"canonicalChatKey":"_908079810845"},"tbNick_gj6d9":{"isNewSession":false,"newMsgCount":0,"totalMessages":20,"canonicalChatKey":"tbNick_gj6d9_983484928356"},"0累球0":{"isNewSession":false,"newMsgCount":0,"totalMessages":0,"canonicalChatKey":"0累球0","skipped":true,"reason":"empty_session","cleanedUpEmptyShell":false},"_1015500846697":{"isNewSession":false,"newMsgCount":2,"totalMessages":8,"canonicalChatKey":"_1015500846697"}}}
[sync] data unchanged, skipping
[sync] data unchanged, skipping
[sync] data unchanged, skipping
[sync] data unchanged, skipping
[sync] data unchanged, skipping
[sync] data unchanged, skipping
[sync] data unchanged, skipping
[sync] data unchanged, skipping
[sync] data unchanged, skipping
[sync] data unchanged, skipping
[sync] data unchanged, skipping
[sync] data unchanged, skipping
[sync] data unchanged, skipping
[sync] data unchanged, skipping
[sync] data unchanged, skipping
[sync] data unchanged, skipping
[sync] data unchanged, skipping
[sync] data unchanged, skipping
[sync] data unchanged, skipping
[sync] xm_chat_history size: 28187 bytes
[sync] ingest result: {"ok":true,"results":{"阿拉喵主子_1015500846697":{"isNewSession":false,"newMsgCount":0,"totalMessages":8,"canonicalChatKey":"阿拉喵主子_1015500846697"},"0累球0_994982452499":{"isNewSession":false,"newMsgCount":0,"totalMessages":6,"canonicalChatKey":"0累球0_994982452499"},"庐州美美椰子_994982452499":{"isNewSession":false,"newMsgCount":0,"totalMessages":6,"canonicalChatKey":"庐州美美椰子_910817683819"},"庐州美美椰子":{"isNewSession":false,"newMsgCount":0,"totalMessages":1,"canonicalChatKey":"庐州美美椰子"},"庐州美美椰子_910817683819":{"isNewSession":false,"newMsgCount":0,"totalMessages":32,"canonicalChatKey":"庐州美美椰子_910817683819"},"码匠铺子_958625474098":{"isNewSession":false,"newMsgCount":0,"totalMessages":19,"canonicalChatKey":"码匠铺子_958625474098"},"x***2_991148214602":{"isNewSession":false,"newMsgCount":0,"totalMessages":8,"canonicalChatKey":"x***2_991148214602"},"阿拉喵主子":{"isNewSession":false,"newMsgCount":0,"totalMessages":0,"canonicalChatKey":"阿拉喵主子","skipped":true,"reason":"empty_session","cleanedUpEmptyShell":false},"您扫码，安排专人对接_991702418518":{"isNewSession":false,"newMsgCount":0,"totalMessages":7,"canonicalChatKey":"孔明科技价格透明合同保障_991702418518"},"孔明科技价格透明合同保障_991702418518":{"isNewSession":false,"newMsgCount":0,"totalMessages":7,"canonicalChatKey":"孔明科技价格透明合同保障_991702418518"},"tbNick_gj6d9_983484928356":{"isNewSession":false,"newMsgCount":0,"totalMessages":20,"canonicalChatKey":"tbNick_gj6d9_983484928356"},"SPSS数据分析师_908079810845":{"isNewSession":false,"newMsgCount":0,"totalMessages":8,"canonicalChatKey":"SPSS数据分析师_908079810845"},"_908079810845":{"isNewSession":false,"newMsgCount":0,"totalMessages":8,"canonicalChatKey":"_908079810845"},"tbNick_gj6d9":{"isNewSession":false,"newMsgCount":0,"totalMessages":20,"canonicalChatKey":"tbNick_gj6d9_983484928356"},"0累球0":{"isNewSession":false,"newMsgCount":0,"totalMessages":0,"canonicalChatKey":"0累球0","skipped":true,"reason":"empty_session","cleanedUpEmptyShell":false},"_1015500846697":{"isNewSession":false,"newMsgCount":0,"totalMessages":8,"canonicalChatKey":"_1015500846697"},"_991702418518":{"isNewSession":true,"newMsgCount":7,"totalMessages":7,"canonicalChatKey":"_991702418518"}}}
[sync] data unchanged, skipping
[sync] xm_chat_history size: 28187 bytes
[sync] ingest result: {"ok":true,"results":{"阿拉喵主子_1015500846697":{"isNewSession":false,"newMsgCount":0,"totalMessages":8,"canonicalChatKey":"阿拉喵主子_1015500846697"},"0累球0_994982452499":{"isNewSession":false,"newMsgCount":0,"totalMessages":6,"canonicalChatKey":"0累球0_994982452499"},"庐州美美椰子_994982452499":{"isNewSession":false,"newMsgCount":0,"totalMessages":6,"canonicalChatKey":"庐州美美椰子_910817683819"},"庐州美美椰子":{"isNewSession":false,"newMsgCount":0,"totalMessages":1,"canonicalChatKey":"庐州美美椰子"},"庐州美美椰子_910817683819":{"isNewSession":false,"newMsgCount":0,"totalMessages":32,"canonicalChatKey":"庐州美美椰子_910817683819"},"码匠铺子_958625474098":{"isNewSession":false,"newMsgCount":0,"totalMessages":19,"canonicalChatKey":"码匠铺子_958625474098"},"x***2_991148214602":{"isNewSession":false,"newMsgCount":0,"totalMessages":8,"canonicalChatKey":"x***2_991148214602"},"阿拉喵主子":{"isNewSession":false,"newMsgCount":0,"totalMessages":0,"canonicalChatKey":"阿拉喵主子","skipped":true,"reason":"empty_session","cleanedUpEmptyShell":false},"您扫码，安排专人对接_991702418518":{"isNewSession":false,"newMsgCount":0,"totalMessages":7,"canonicalChatKey":"孔明科技价格透明合同保障_991702418518"},"孔明科技价格透明合同保障_991702418518":{"isNewSession":false,"newMsgCount":0,"totalMessages":7,"canonicalChatKey":"孔明科技价格透明合同保障_991702418518"},"tbNick_gj6d9_983484928356":{"isNewSession":false,"newMsgCount":0,"totalMessages":20,"canonicalChatKey":"tbNick_gj6d9_983484928356"},"SPSS数据分析师_908079810845":{"isNewSession":false,"newMsgCount":0,"totalMessages":8,"canonicalChatKey":"SPSS数据分析师_908079810845"},"_908079810845":{"isNewSession":false,"newMsgCount":0,"totalMessages":8,"canonicalChatKey":"_908079810845"},"tbNick_gj6d9":{"isNewSession":false,"newMsgCount":0,"totalMessages":20,"canonicalChatKey":"tbNick_gj6d9_983484928356"},"0累球0":{"isNewSession":false,"newMsgCount":0,"totalMessages":0,"canonicalChatKey":"0累球0","skipped":true,"reason":"empty_session","cleanedUpEmptyShell":false},"_1015500846697":{"isNewSession":false,"newMsgCount":0,"totalMessages":8,"canonicalChatKey":"_1015500846697"},"_991702418518":{"isNewSession":false,"newMsgCount":0,"totalMessages":7,"canonicalChatKey":"_991702418518"}}}
[sync] data unchanged, skipping
[sync] data unchanged, skipping
[sync] data unchanged, skipping
[sync] data unchanged, skipping
[sync] data unchanged, skipping
[sync] data unchanged, skipping
[sync] data unchanged, skipping
[sync] data unchanged, skipping
[sync] data unchanged, skipping
[sync] data unchanged, skipping
[sync] data unchanged, skipping
[sync] data unchanged, skipping
[sync] data unchanged, skipping
[sync] data unchanged, skipping
[sync] data unchanged, skipping
[sync] data unchanged, skipping
[sync] data unchanged, skipping
[sync] data unchanged, skipping
[sync] data unchanged, skipping
[sync] data unchanged, skipping
[sync] xm_chat_history size: 28346 bytes
[sync] ingest result: {"ok":true,"results":{"阿拉喵主子_1015500846697":{"isNewSession":false,"newMsgCount":1,"totalMessages":9,"canonicalChatKey":"阿拉喵主子_1015500846697"},"0累球0_994982452499":{"isNewSession":false,"newMsgCount":0,"totalMessages":6,"canonicalChatKey":"0累球0_994982452499"},"庐州美美椰子_994982452499":{"isNewSession":false,"newMsgCount":0,"totalMessages":6,"canonicalChatKey":"庐州美美椰子_910817683819"},"庐州美美椰子":{"isNewSession":false,"newMsgCount":0,"totalMessages":1,"canonicalChatKey":"庐州美美椰子"},"庐州美美椰子_910817683819":{"isNewSession":false,"newMsgCount":0,"totalMessages":32,"canonicalChatKey":"庐州美美椰子_910817683819"},"码匠铺子_958625474098":{"isNewSession":false,"newMsgCount":0,"totalMessages":19,"canonicalChatKey":"码匠铺子_958625474098"},"x***2_991148214602":{"isNewSession":false,"newMsgCount":0,"totalMessages":8,"canonicalChatKey":"x***2_991148214602"},"阿拉喵主子":{"isNewSession":false,"newMsgCount":0,"totalMessages":0,"canonicalChatKey":"阿拉喵主子","skipped":true,"reason":"empty_session","cleanedUpEmptyShell":false},"您扫码，安排专人对接_991702418518":{"isNewSession":false,"newMsgCount":0,"totalMessages":7,"canonicalChatKey":"孔明科技价格透明合同保障_991702418518"},"孔明科技价格透明合同保障_991702418518":{"isNewSession":false,"newMsgCount":0,"totalMessages":7,"canonicalChatKey":"孔明科技价格透明合同保障_991702418518"},"tbNick_gj6d9_983484928356":{"isNewSession":false,"newMsgCount":0,"totalMessages":20,"canonicalChatKey":"tbNick_gj6d9_983484928356"},"SPSS数据分析师_908079810845":{"isNewSession":false,"newMsgCount":0,"totalMessages":8,"canonicalChatKey":"SPSS数据分析师_908079810845"},"_908079810845":{"isNewSession":false,"newMsgCount":0,"totalMessages":8,"canonicalChatKey":"_908079810845"},"tbNick_gj6d9":{"isNewSession":false,"newMsgCount":0,"totalMessages":20,"canonicalChatKey":"tbNick_gj6d9_983484928356"},"0累球0":{"isNewSession":false,"newMsgCount":0,"totalMessages":0,"canonicalChatKey":"0累球0","skipped":true,"reason":"empty_session","cleanedUpEmptyShell":false},"_1015500846697":{"isNewSession":false,"newMsgCount":0,"totalMessages":8,"canonicalChatKey":"_1015500846697"},"_991702418518":{"isNewSession":false,"newMsgCount":0,"totalMessages":7,"canonicalChatKey":"_991702418518"}}}
[sync] data unchanged, skipping
[sync] data unchanged, skipping
[sync] data unchanged, skipping
[sync] data unchanged, skipping
[sync] data unchanged, skipping
[sync] xm_chat_history size: 28505 bytes
[sync] ingest result: {"ok":true,"results":{"阿拉喵主子_1015500846697":{"isNewSession":false,"newMsgCount":1,"totalMessages":10,"canonicalChatKey":"阿拉喵主子_1015500846697"},"0累球0_994982452499":{"isNewSession":false,"newMsgCount":0,"totalMessages":6,"canonicalChatKey":"0累球0_994982452499"},"庐州美美椰子_994982452499":{"isNewSession":false,"newMsgCount":0,"totalMessages":6,"canonicalChatKey":"庐州美美椰子_910817683819"},"庐州美美椰子":{"isNewSession":false,"newMsgCount":0,"totalMessages":1,"canonicalChatKey":"庐州美美椰子"},"庐州美美椰子_910817683819":{"isNewSession":false,"newMsgCount":0,"totalMessages":32,"canonicalChatKey":"庐州美美椰子_910817683819"},"码匠铺子_958625474098":{"isNewSession":false,"newMsgCount":0,"totalMessages":19,"canonicalChatKey":"码匠铺子_958625474098"},"x***2_991148214602":{"isNewSession":false,"newMsgCount":0,"totalMessages":8,"canonicalChatKey":"x***2_991148214602"},"阿拉喵主子":{"isNewSession":false,"newMsgCount":0,"totalMessages":0,"canonicalChatKey":"阿拉喵主子","skipped":true,"reason":"empty_session","cleanedUpEmptyShell":false},"您扫码，安排专人对接_991702418518":{"isNewSession":false,"newMsgCount":0,"totalMessages":7,"canonicalChatKey":"孔明科技价格透明合同保障_991702418518"},"孔明科技价格透明合同保障_991702418518":{"isNewSession":false,"newMsgCount":0,"totalMessages":7,"canonicalChatKey":"孔明科技价格透明合同保障_991702418518"},"tbNick_gj6d9_983484928356":{"isNewSession":false,"newMsgCount":0,"totalMessages":20,"canonicalChatKey":"tbNick_gj6d9_983484928356"},"SPSS数据分析师_908079810845":{"isNewSession":false,"newMsgCount":0,"totalMessages":8,"canonicalChatKey":"SPSS数据分析师_908079810845"},"_908079810845":{"isNewSession":false,"newMsgCount":0,"totalMessages":8,"canonicalChatKey":"_908079810845"},"tbNick_gj6d9":{"isNewSession":false,"newMsgCount":0,"totalMessages":20,"canonicalChatKey":"tbNick_gj6d9_983484928356"},"0累球0":{"isNewSession":false,"newMsgCount":0,"totalMessages":0,"canonicalChatKey":"0累球0","skipped":true,"reason":"empty_session","cleanedUpEmptyShell":false},"_1015500846697":{"isNewSession":false,"newMsgCount":0,"totalMessages":8,"canonicalChatKey":"_1015500846697"},"_991702418518":{"isNewSession":false,"newMsgCount":0,"totalMessages":7,"canonicalChatKey":"_991702418518"}}}
[sync] data unchanged, skipping
[sync] data unchanged, skipping
[sync] data unchanged, skipping
[sync] data unchanged, skipping
[sync] data unchanged, skipping
[sync] data unchanged, skipping
[sync] data unchanged, skipping
[sync] data unchanged, skipping
[sync] data unchanged, skipping
[sync] data unchanged, skipping
[sync] data unchanged, skipping
[sync] data unchanged, skipping
[sync] data unchanged, skipping
[sync] data unchanged, skipping
[sync] data unchanged, skipping
[sync] data unchanged, skipping
[sync] data unchanged, skipping
[sync] data unchanged, skipping
[sync] data unchanged, skipping
[sync] data unchanged, skipping
[sync] data unchanged, skipping
[sync] data unchanged, skipping
[sync] data unchanged, skipping
[sync] data unchanged, skipping
[sync] data unchanged, skipping
[sync] data unchanged, skipping
[sync] data unchanged, skipping
[sync] data unchanged, skipping
[sync] data unchanged, skipping
[sync] data unchanged, skipping
[sync] data unchanged, skipping
[sync] data unchanged, skipping
[sync] data unchanged, skipping
[sync] data unchanged, skipping
[sync] data unchanged, skipping
[sync] data unchanged, skipping
[sync] data unchanged, skipping
[sync] data unchanged, skipping
[sync] data unchanged, skipping
[sync] data unchanged, skipping
[sync] data unchanged, skipping
[sync] data unchanged, skipping
[sync] data unchanged, skipping
[sync] data unchanged, skipping
[sync] data unchanged, skipping
[sync] data unchanged, skipping
[sync] data unchanged, skipping
[sync] data unchanged, skipping
[sync] data unchanged, skipping
[sync] data unchanged, skipping
[sync] data unchanged, skipping
[sync] data unchanged, skipping
[sync] data unchanged, skipping
[sync] data unchanged, skipping
[sync] data unchanged, skipping
[sync] data unchanged, skipping
[sync] data unchanged, skipping
[sync] data unchanged, skipping
[sync] data unchanged, skipping
[sync] data unchanged, skipping
[sync] data unchanged, skipping
[sync] data unchanged, skipping
[sync] data unchanged, skipping
[sync] data unchanged, skipping
[sync] data unchanged, skipping
[sync] data unchanged, skipping
[sync] data unchanged, skipping
[sync] data unchanged, skipping
[sync] xm_chat_history size: 28664 bytes
[sync] ingest result: {"ok":true,"results":{"阿拉喵主子_1015500846697":{"isNewSession":false,"newMsgCount":1,"totalMessages":11,"canonicalChatKey":"阿拉喵主子_1015500846697"},"0累球0_994982452499":{"isNewSession":false,"newMsgCount":0,"totalMessages":6,"canonicalChatKey":"0累球0_994982452499"},"庐州美美椰子_994982452499":{"isNewSession":false,"newMsgCount":0,"totalMessages":6,"canonicalChatKey":"庐州美美椰子_910817683819"},"庐州美美椰子":{"isNewSession":false,"newMsgCount":0,"totalMessages":1,"canonicalChatKey":"庐州美美椰子"},"庐州美美椰子_910817683819":{"isNewSession":false,"newMsgCount":0,"totalMessages":32,"canonicalChatKey":"庐州美美椰子_910817683819"},"码匠铺子_958625474098":{"isNewSession":false,"newMsgCount":0,"totalMessages":19,"canonicalChatKey":"码匠铺子_958625474098"},"x***2_991148214602":{"isNewSession":false,"newMsgCount":0,"totalMessages":8,"canonicalChatKey":"x***2_991148214602"},"阿拉喵主子":{"isNewSession":false,"newMsgCount":0,"totalMessages":0,"canonicalChatKey":"阿拉喵主子","skipped":true,"reason":"empty_session","cleanedUpEmptyShell":false},"您扫码，安排专人对接_991702418518":{"isNewSession":false,"newMsgCount":0,"totalMessages":7,"canonicalChatKey":"孔明科技价格透明合同保障_991702418518"},"孔明科技价格透明合同保障_991702418518":{"isNewSession":false,"newMsgCount":0,"totalMessages":7,"canonicalChatKey":"孔明科技价格透明合同保障_991702418518"},"tbNick_gj6d9_983484928356":{"isNewSession":false,"newMsgCount":0,"totalMessages":20,"canonicalChatKey":"tbNick_gj6d9_983484928356"},"SPSS数据分析师_908079810845":{"isNewSession":false,"newMsgCount":0,"totalMessages":8,"canonicalChatKey":"SPSS数据分析师_908079810845"},"_908079810845":{"isNewSession":false,"newMsgCount":0,"totalMessages":8,"canonicalChatKey":"_908079810845"},"tbNick_gj6d9":{"isNewSession":false,"newMsgCount":0,"totalMessages":20,"canonicalChatKey":"tbNick_gj6d9_983484928356"},"0累球0":{"isNewSession":false,"newMsgCount":0,"totalMessages":0,"canonicalChatKey":"0累球0","skipped":true,"reason":"empty_session","cleanedUpEmptyShell":false},"_1015500846697":{"isNewSession":false,"newMsgCount":0,"totalMessages":8,"canonicalChatKey":"_1015500846697"},"_991702418518":{"isNewSession":false,"newMsgCount":0,"totalMessages":7,"canonicalChatKey":"_991702418518"}}}
[sync] xm_chat_history size: 29804 bytes
[sync] ingest result: {"ok":true,"results":{"阿拉喵主子_1015500846697":{"isNewSession":false,"newMsgCount":1,"totalMessages":12,"canonicalChatKey":"阿拉喵主子_1015500846697"},"0累球0_994982452499":{"isNewSession":false,"newMsgCount":0,"totalMessages":6,"canonicalChatKey":"0累球0_994982452499"},"庐州美美椰子_994982452499":{"isNewSession":false,"newMsgCount":0,"totalMessages":6,"canonicalChatKey":"庐州美美椰子_910817683819"},"庐州美美椰子":{"isNewSession":false,"newMsgCount":0,"totalMessages":1,"canonicalChatKey":"庐州美美椰子"},"庐州美美椰子_910817683819":{"isNewSession":false,"newMsgCount":0,"totalMessages":32,"canonicalChatKey":"庐州美美椰子_910817683819"},"码匠铺子_958625474098":{"isNewSession":false,"newMsgCount":0,"totalMessages":19,"canonicalChatKey":"码匠铺子_958625474098"},"x***2_991148214602":{"isNewSession":false,"newMsgCount":0,"totalMessages":8,"canonicalChatKey":"x***2_991148214602"},"阿拉喵主子":{"isNewSession":false,"newMsgCount":0,"totalMessages":0,"canonicalChatKey":"阿拉喵主子","skipped":true,"reason":"empty_session","cleanedUpEmptyShell":false},"您扫码，安排专人对接_991702418518":{"isNewSession":false,"newMsgCount":0,"totalMessages":7,"canonicalChatKey":"孔明科技价格透明合同保障_991702418518"},"孔明科技价格透明合同保障_991702418518":{"isNewSession":false,"newMsgCount":0,"totalMessages":7,"canonicalChatKey":"孔明科技价格透明合同保障_991702418518"},"tbNick_gj6d9_983484928356":{"isNewSession":false,"newMsgCount":0,"totalMessages":20,"canonicalChatKey":"tbNick_gj6d9_983484928356"},"SPSS数据分析师_908079810845":{"isNewSession":false,"newMsgCount":0,"totalMessages":8,"canonicalChatKey":"SPSS数据分析师_908079810845"},"_908079810845":{"isNewSession":false,"newMsgCount":0,"totalMessages":8,"canonicalChatKey":"_908079810845"},"tbNick_gj6d9":{"isNewSession":false,"newMsgCount":0,"totalMessages":20,"canonicalChatKey":"tbNick_gj6d9_983484928356"},"0累球0":{"isNewSession":false,"newMsgCount":0,"totalMessages":0,"canonicalChatKey":"0累球0","skipped":true,"reason":"empty_session","cleanedUpEmptyShell":false},"_1015500846697":{"isNewSession":false,"newMsgCount":0,"totalMessages":8,"canonicalChatKey":"_1015500846697"},"_991702418518":{"isNewSession":false,"newMsgCount":0,"totalMessages":7,"canonicalChatKey":"_991702418518"},"阿拉喵主子_910817683819":{"isNewSession":false,"newMsgCount":3,"totalMessages":3,"canonicalChatKey":"阿拉喵主子_1015500846697"}}}
[sync] data unchanged, skipping
[sync] data unchanged, skipping
[sync] data unchanged, skipping
[sync] data unchanged, skipping
[sync] data unchanged, skipping
[sync] data unchanged, skipping
[sync] data unchanged, skipping
[sync] xm_chat_history size: 26587 bytes
[sync] ingest result: {"ok":true,"results":{"阿拉喵主子_1015500846697":{"isNewSession":false,"newMsgCount":0,"totalMessages":12,"canonicalChatKey":"阿拉喵主子_1015500846697"},"0累球0_994982452499":{"isNewSession":false,"newMsgCount":0,"totalMessages":6,"canonicalChatKey":"0累球0_994982452499"},"庐州美美椰子_994982452499":{"isNewSession":false,"newMsgCount":0,"totalMessages":6,"canonicalChatKey":"庐州美美椰子_910817683819"},"庐州美美椰子":{"isNewSession":false,"newMsgCount":0,"totalMessages":1,"canonicalChatKey":"庐州美美椰子"},"庐州美美椰子_910817683819":{"isNewSession":false,"newMsgCount":0,"totalMessages":3,"canonicalChatKey":"庐州美美椰子_910817683819"},"码匠铺子_958625474098":{"isNewSession":false,"newMsgCount":0,"totalMessages":19,"canonicalChatKey":"码匠铺子_958625474098"},"x***2_991148214602":{"isNewSession":false,"newMsgCount":0,"totalMessages":8,"canonicalChatKey":"x***2_991148214602"},"阿拉喵主子":{"isNewSession":false,"newMsgCount":0,"totalMessages":0,"canonicalChatKey":"阿拉喵主子","skipped":true,"reason":"empty_session","cleanedUpEmptyShell":false},"您扫码，安排专人对接_991702418518":{"isNewSession":false,"newMsgCount":0,"totalMessages":7,"canonicalChatKey":"孔明科技价格透明合同保障_991702418518"},"孔明科技价格透明合同保障_991702418518":{"isNewSession":false,"newMsgCount":0,"totalMessages":7,"canonicalChatKey":"孔明科技价格透明合同保障_991702418518"},"tbNick_gj6d9_983484928356":{"isNewSession":false,"newMsgCount":0,"totalMessages":20,"canonicalChatKey":"tbNick_gj6d9_983484928356"},"SPSS数据分析师_908079810845":{"isNewSession":false,"newMsgCount":0,"totalMessages":8,"canonicalChatKey":"SPSS数据分析师_908079810845"},"_908079810845":{"isNewSession":false,"newMsgCount":0,"totalMessages":8,"canonicalChatKey":"_908079810845"},"tbNick_gj6d9":{"isNewSession":false,"newMsgCount":0,"totalMessages":20,"canonicalChatKey":"tbNick_gj6d9_983484928356"},"0累球0":{"isNewSession":false,"newMsgCount":0,"totalMessages":0,"canonicalChatKey":"0累球0","skipped":true,"reason":"empty_session","cleanedUpEmptyShell":false},"_1015500846697":{"isNewSession":false,"newMsgCount":0,"totalMessages":8,"canonicalChatKey":"_1015500846697"},"_991702418518":{"isNewSession":false,"newMsgCount":0,"totalMessages":7,"canonicalChatKey":"_991702418518"},"阿拉喵主子_910817683819":{"isNewSession":false,"newMsgCount":0,"totalMessages":3,"canonicalChatKey":"阿拉喵主子_1015500846697"}}}
[sync] data unchanged, skipping
[sync] data unchanged, skipping
[sync] data unchanged, skipping
[sync] data unchanged, skipping
[sync] xm_chat_history size: 26746 bytes
[sync] ingest result: {"ok":true,"results":{"阿拉喵主子_1015500846697":{"isNewSession":false,"newMsgCount":13,"totalMessages":13,"canonicalChatKey":"阿拉喵主子_1015500846697"},"0累球0_994982452499":{"isNewSession":false,"newMsgCount":0,"totalMessages":6,"canonicalChatKey":"0累球0_994982452499"},"庐州美美椰子_994982452499":{"isNewSession":false,"newMsgCount":0,"totalMessages":6,"canonicalChatKey":"庐州美美椰子_910817683819"},"庐州美美椰子":{"isNewSession":false,"newMsgCount":0,"totalMessages":1,"canonicalChatKey":"庐州美美椰子"},"庐州美美椰子_910817683819":{"isNewSession":false,"newMsgCount":0,"totalMessages":3,"canonicalChatKey":"庐州美美椰子_910817683819"},"码匠铺子_958625474098":{"isNewSession":false,"newMsgCount":0,"totalMessages":19,"canonicalChatKey":"码匠铺子_958625474098"},"x***2_991148214602":{"isNewSession":false,"newMsgCount":0,"totalMessages":8,"canonicalChatKey":"x***2_991148214602"},"阿拉喵主子":{"isNewSession":false,"newMsgCount":0,"totalMessages":0,"canonicalChatKey":"阿拉喵主子","skipped":true,"reason":"empty_session","cleanedUpEmptyShell":false},"您扫码，安排专人对接_991702418518":{"isNewSession":false,"newMsgCount":0,"totalMessages":7,"canonicalChatKey":"孔明科技价格透明合同保障_991702418518"},"孔明科技价格透明合同保障_991702418518":{"isNewSession":false,"newMsgCount":0,"totalMessages":7,"canonicalChatKey":"孔明科技价格透明合同保障_991702418518"},"tbNick_gj6d9_983484928356":{"isNewSession":false,"newMsgCount":0,"totalMessages":20,"canonicalChatKey":"tbNick_gj6d9_983484928356"},"SPSS数据分析师_908079810845":{"isNewSession":false,"newMsgCount":0,"totalMessages":8,"canonicalChatKey":"SPSS数据分析师_908079810845"},"_908079810845":{"isNewSession":false,"newMsgCount":0,"totalMessages":8,"canonicalChatKey":"_908079810845"},"tbNick_gj6d9":{"isNewSession":false,"newMsgCount":0,"totalMessages":20,"canonicalChatKey":"tbNick_gj6d9_983484928356"},"0累球0":{"isNewSession":false,"newMsgCount":0,"totalMessages":0,"canonicalChatKey":"0累球0","skipped":true,"reason":"empty_session","cleanedUpEmptyShell":false},"_1015500846697":{"isNewSession":false,"newMsgCount":0,"totalMessages":8,"canonicalChatKey":"_1015500846697"},"_991702418518":{"isNewSession":false,"newMsgCount":0,"totalMessages":7,"canonicalChatKey":"_991702418518"},"阿拉喵主子_910817683819":{"isNewSession":false,"newMsgCount":0,"totalMessages":3,"canonicalChatKey":"阿拉喵主子_1015500846697"}}}
[sync] data unchanged, skipping
[sync] data unchanged, skipping
[sync] data unchanged, skipping
[sync] data unchanged, skipping
[sync] data unchanged, skipping
[sync] data unchanged, skipping
[sync] data unchanged, skipping
[sync] data unchanged, skipping
[sync] xm_chat_history size: 26905 bytes
[sync] ingest result: {"ok":true,"results":{"阿拉喵主子_1015500846697":{"isNewSession":false,"newMsgCount":1,"totalMessages":14,"canonicalChatKey":"阿拉喵主子_1015500846697"},"0累球0_994982452499":{"isNewSession":false,"newMsgCount":0,"totalMessages":6,"canonicalChatKey":"0累球0_994982452499"},"庐州美美椰子_994982452499":{"isNewSession":false,"newMsgCount":0,"totalMessages":6,"canonicalChatKey":"庐州美美椰子_910817683819"},"庐州美美椰子":{"isNewSession":false,"newMsgCount":0,"totalMessages":1,"canonicalChatKey":"庐州美美椰子"},"庐州美美椰子_910817683819":{"isNewSession":false,"newMsgCount":0,"totalMessages":3,"canonicalChatKey":"庐州美美椰子_910817683819"},"码匠铺子_958625474098":{"isNewSession":false,"newMsgCount":0,"totalMessages":19,"canonicalChatKey":"码匠铺子_958625474098"},"x***2_991148214602":{"isNewSession":false,"newMsgCount":0,"totalMessages":8,"canonicalChatKey":"x***2_991148214602"},"阿拉喵主子":{"isNewSession":false,"newMsgCount":0,"totalMessages":0,"canonicalChatKey":"阿拉喵主子","skipped":true,"reason":"empty_session","cleanedUpEmptyShell":false},"您扫码，安排专人对接_991702418518":{"isNewSession":false,"newMsgCount":0,"totalMessages":7,"canonicalChatKey":"孔明科技价格透明合同保障_991702418518"},"孔明科技价格透明合同保障_991702418518":{"isNewSession":false,"newMsgCount":0,"totalMessages":7,"canonicalChatKey":"孔明科技价格透明合同保障_991702418518"},"tbNick_gj6d9_983484928356":{"isNewSession":false,"newMsgCount":0,"totalMessages":20,"canonicalChatKey":"tbNick_gj6d9_983484928356"},"SPSS数据分析师_908079810845":{"isNewSession":false,"newMsgCount":0,"totalMessages":8,"canonicalChatKey":"SPSS数据分析师_908079810845"},"_908079810845":{"isNewSession":false,"newMsgCount":0,"totalMessages":8,"canonicalChatKey":"_908079810845"},"tbNick_gj6d9":{"isNewSession":false,"newMsgCount":0,"totalMessages":20,"canonicalChatKey":"tbNick_gj6d9_983484928356"},"0累球0":{"isNewSession":false,"newMsgCount":0,"totalMessages":0,"canonicalChatKey":"0累球0","skipped":true,"reason":"empty_session","cleanedUpEmptyShell":false},"_1015500846697":{"isNewSession":false,"newMsgCount":0,"totalMessages":8,"canonicalChatKey":"_1015500846697"},"_991702418518":{"isNewSession":false,"newMsgCount":0,"totalMessages":7,"canonicalChatKey":"_991702418518"},"阿拉喵主子_910817683819":{"isNewSession":false,"newMsgCount":0,"totalMessages":3,"canonicalChatKey":"阿拉喵主子_1015500846697"}}}
[sync] data unchanged, skipping
[sync] data unchanged, skipping
[sync] data unchanged, skipping
[sync] data unchanged, skipping
[sync] data unchanged, skipping
[sync] data unchanged, skipping
[sync] data unchanged, skipping
[sync] data unchanged, skipping
[sync] data unchanged, skipping
[sync] data unchanged, skipping
[sync] data unchanged, skipping
[sync] data unchanged, skipping
[sync] data unchanged, skipping
[sync] data unchanged, skipping
[sync] data unchanged, skipping
[sync] data unchanged, skipping
[sync] data unchanged, skipping
[sync] data unchanged, skipping
[sync] data unchanged, skipping
[sync] data unchanged, skipping
[sync] data unchanged, skipping
[sync] data unchanged, skipping
[sync] data unchanged, skipping
[sync] data unchanged, skipping
[sync] data unchanged, skipping
[sync] data unchanged, skipping
[sync] data unchanged, skipping
[sync] data unchanged, skipping
[sync] data unchanged, skipping
[sync] data unchanged, skipping
[sync] data unchanged, skipping
[sync] data unchanged, skipping
[sync] data unchanged, skipping
[sync] data unchanged, skipping
[sync] data unchanged, skipping
[sync] data unchanged, skipping
[sync] data unchanged, skipping
[sync] data unchanged, skipping
[sync] data unchanged, skipping
[sync] data unchanged, skipping
[sync] data unchanged, skipping
[sync] data unchanged, skipping
[sync] data unchanged, skipping
[sync] data unchanged, skipping
[sync] data unchanged, skipping
[sync] data unchanged, skipping
[sync] data unchanged, skipping
[sync] data unchanged, skipping
[sync] data unchanged, skipping
[sync] data unchanged, skipping
[sync] data unchanged, skipping
[sync] data unchanged, skipping
[sync] data unchanged, skipping
[sync] data unchanged, skipping
[sync] data unchanged, skipping
[sync] data unchanged, skipping
[sync] data unchanged, skipping
[sync] data unchanged, skipping
[sync] data unchanged, skipping
[sync] data unchanged, skipping
[sync] data unchanged, skipping
[sync] data unchanged, skipping
[sync] data unchanged, skipping
[sync] data unchanged, skipping
[sync] data unchanged, skipping
[sync] data unchanged, skipping
[sync] data unchanged, skipping
[sync] data unchanged, skipping
[sync] data unchanged, skipping
[sync] data unchanged, skipping
[sync] data unchanged, skipping
[sync] xm_chat_history size: 2607 bytes
[sync] ingest result: {"ok":true,"results":{"阿拉喵主子_1015500846697":{"isNewSession":false,"newMsgCount":0,"totalMessages":14,"canonicalChatKey":"阿拉喵主子_1015500846697"}}}
[sync] data unchanged, skipping
[sync] xm_chat_history size: 3271 bytes
[sync] ingest result: {"ok":true,"results":{"阿拉喵主子_1015500846697":{"isNewSession":false,"newMsgCount":0,"totalMessages":14,"canonicalChatKey":"阿拉喵主子_1015500846697"},"庐州美美椰子":{"isNewSession":false,"newMsgCount":0,"totalMessages":1,"canonicalChatKey":"庐州美美椰子"}}}
[sync] xm_chat_history size: 5569 bytes
[sync] ingest result: {"ok":true,"results":{"阿拉喵主子_1015500846697":{"isNewSession":false,"newMsgCount":0,"totalMessages":14,"canonicalChatKey":"阿拉喵主子_1015500846697"},"庐州美美椰子":{"isNewSession":false,"newMsgCount":0,"totalMessages":1,"canonicalChatKey":"庐州美美椰子"},"庐州美美椰子_910817683819":{"isNewSession":false,"newMsgCount":0,"totalMessages":3,"canonicalChatKey":"庐州美美椰子_910817683819"},"0累球0_994982452499":{"isNewSession":false,"newMsgCount":0,"totalMessages":6,"canonicalChatKey":"0累球0_994982452499"}}}
[sync] data unchanged, skipping
[sync] xm_chat_history size: 9832 bytes
[sync] ingest result: {"ok":true,"results":{"阿拉喵主子_1015500846697":{"isNewSession":false,"newMsgCount":0,"totalMessages":14,"canonicalChatKey":"阿拉喵主子_1015500846697"},"庐州美美椰子":{"isNewSession":false,"newMsgCount":0,"totalMessages":1,"canonicalChatKey":"庐州美美椰子"},"庐州美美椰子_910817683819":{"isNewSession":false,"newMsgCount":0,"totalMessages":3,"canonicalChatKey":"庐州美美椰子_910817683819"},"0累球0_994982452499":{"isNewSession":false,"newMsgCount":0,"totalMessages":6,"canonicalChatKey":"0累球0_994982452499"},"码匠铺子_958625474098":{"isNewSession":false,"newMsgCount":0,"totalMessages":19,"canonicalChatKey":"码匠铺子_958625474098"},"x***2_991148214602":{"isNewSession":false,"newMsgCount":0,"totalMessages":8,"canonicalChatKey":"x***2_991148214602"}}}
[sync] data unchanged, skipping
[sync] data unchanged, skipping
[sync] data unchanged, skipping
[sync] data unchanged, skipping
[sync] data unchanged, skipping
[sync] data unchanged, skipping
[sync] data unchanged, skipping
[sync] data unchanged, skipping
[sync] data unchanged, skipping
[sync] data unchanged, skipping
[sync] data unchanged, skipping
[sync] data unchanged, skipping
[sync] data unchanged, skipping
[sync] data unchanged, skipping
[sync] data unchanged, skipping
[sync] data unchanged, skipping
[sync] data unchanged, skipping
[sync] data unchanged, skipping
[sync] data unchanged, skipping
[sync] data unchanged, skipping
[sync] data unchanged, skipping
[sync] data unchanged, skipping
[sync] data unchanged, skipping
[sync] data unchanged, skipping
[sync] data unchanged, skipping
[sync] data unchanged, skipping
[sync] data unchanged, skipping
[sync] data unchanged, skipping
[sync] data unchanged, skipping
[sync] data unchanged, skipping
[sync] data unchanged, skipping
[sync] data unchanged, skipping
[sync] data unchanged, skipping
[sync] data unchanged, skipping
[sync] data unchanged, skipping
[sync] data unchanged, skipping
[sync] data unchanged, skipping
[sync] data unchanged, skipping
[sync] data unchanged, skipping
[sync] data unchanged, skipping
[sync] data unchanged, skipping
[sync] data unchanged, skipping
[sync] data unchanged, skipping
[sync] data unchanged, skipping
[sync] data unchanged, skipping
[sync] data unchanged, skipping
[sync] data unchanged, skipping
[sync] data unchanged, skipping
[sync] data unchanged, skipping
[sync] data unchanged, skipping
[sync] data unchanged, skipping
[sync] data unchanged, skipping
[sync] data unchanged, skipping
[sync] data unchanged, skipping
[sync] data unchanged, skipping
[sync] data unchanged, skipping
[sync] data unchanged, skipping
[sync] data unchanged, skipping
[sync] data unchanged, skipping
[sync] data unchanged, skipping
[sync] data unchanged, skipping
[sync] data unchanged, skipping
[sync] data unchanged, skipping
[sync] data unchanged, skipping
[sync] data unchanged, skipping
[sync] data unchanged, skipping
[sync] data unchanged, skipping
[sync] data unchanged, skipping
[sync] data unchanged, skipping
[sync] data unchanged, skipping
[sync] data unchanged, skipping
[sync] data unchanged, skipping
[sync] data unchanged, skipping
[sync] data unchanged, skipping
[sync] data unchanged, skipping
[sync] data unchanged, skipping
[sync] data unchanged, skipping
[sync] data unchanged, skipping
[sync] data unchanged, skipping
[sync] data unchanged, skipping
[sync] data unchanged, skipping
[sync] data unchanged, skipping
[sync] data unchanged, skipping
[sync] data unchanged, skipping
[sync] data unchanged, skipping
[sync] data unchanged, skipping
[sync] data unchanged, skipping
[sync] data unchanged, skipping
[sync] data unchanged, skipping
[sync] data unchanged, skipping
[sync] data unchanged, skipping
[sync] data unchanged, skipping
[sync] data unchanged, skipping
[sync] data unchanged, skipping
[sync] data unchanged, skipping
[sync] data unchanged, skipping
[sync] data unchanged, skipping
[sync] data unchanged, skipping
[sync] data unchanged, skipping
[sync] data unchanged, skipping
[sync] data unchanged, skipping
[sync] data unchanged, skipping
[sync] data unchanged, skipping
[sync] data unchanged, skipping
[sync] data unchanged, skipping
[sync] data unchanged, skipping
[sync] data unchanged, skipping
[sync] data unchanged, skipping
[sync] data unchanged, skipping
[sync] data unchanged, skipping
[sync] data unchanged, skipping
[sync] data unchanged, skipping
[sync] data unchanged, skipping
[sync] data unchanged, skipping
[sync] data unchanged, skipping
[sync] data unchanged, skipping
[sync] data unchanged, skipping
[sync] data unchanged, skipping
[sync] data unchanged, skipping
[sync] data unchanged, skipping
[sync] data unchanged, skipping
[sync] data unchanged, skipping
[sync] data unchanged, skipping
[sync] data unchanged, skipping
[sync] data unchanged, skipping
[sync] data unchanged, skipping
[sync] data unchanged, skipping
[sync] data unchanged, skipping
[sync] data unchanged, skipping
[sync] data unchanged, skipping
[sync] data unchanged, skipping
[sync] data unchanged, skipping
[sync] data unchanged, skipping
[sync] data unchanged, skipping
[sync] data unchanged, skipping
[sync] data unchanged, skipping
[sync] data unchanged, skipping
[sync] data unchanged, skipping
[sync] data unchanged, skipping
[sync] data unchanged, skipping
[sync] data unchanged, skipping
[sync] data unchanged, skipping
[sync] data unchanged, skipping
[sync] data unchanged, skipping
[sync] data unchanged, skipping
[sync] data unchanged, skipping
[sync] data unchanged, skipping
[sync] data unchanged, skipping
[sync] data unchanged, skipping
[sync] data unchanged, skipping
[sync] data unchanged, skipping
[sync] data unchanged, skipping
[sync] data unchanged, skipping
[sync] data unchanged, skipping
[sync] data unchanged, skipping
[sync] data unchanged, skipping
[sync] xm_chat_history size: 10607 bytes
[sync] ingest result: {"ok":true,"results":{"阿拉喵主子_1015500846697":{"isNewSession":false,"newMsgCount":0,"totalMessages":14,"canonicalChatKey":"阿拉喵主子_1015500846697"},"庐州美美椰子":{"isNewSession":false,"newMsgCount":0,"totalMessages":1,"canonicalChatKey":"庐州美美椰子"},"庐州美美椰子_910817683819":{"isNewSession":false,"newMsgCount":0,"totalMessages":3,"canonicalChatKey":"庐州美美椰子_910817683819"},"0累球0_994982452499":{"isNewSession":false,"newMsgCount":0,"totalMessages":6,"canonicalChatKey":"0累球0_994982452499"},"码匠铺子_958625474098":{"isNewSession":false,"newMsgCount":0,"totalMessages":19,"canonicalChatKey":"码匠铺子_958625474098"},"x***2_991148214602":{"isNewSession":false,"newMsgCount":0,"totalMessages":8,"canonicalChatKey":"x***2_991148214602"},"在吗_1030658100776":{"isNewSession":true,"newMsgCount":1,"totalMessages":1,"canonicalChatKey":"在吗_1030658100776"}}}
[sync] xm_chat_history size: 11388 bytes
[sync] ingest result: {"ok":true,"results":{"阿拉喵主子_1015500846697":{"isNewSession":false,"newMsgCount":0,"totalMessages":14,"canonicalChatKey":"阿拉喵主子_1015500846697"},"庐州美美椰子":{"isNewSession":false,"newMsgCount":0,"totalMessages":1,"canonicalChatKey":"庐州美美椰子"},"庐州美美椰子_910817683819":{"isNewSession":false,"newMsgCount":0,"totalMessages":3,"canonicalChatKey":"庐州美美椰子_910817683819"},"0累球0_994982452499":{"isNewSession":false,"newMsgCount":0,"totalMessages":6,"canonicalChatKey":"0累球0_994982452499"},"码匠铺子_958625474098":{"isNewSession":false,"newMsgCount":0,"totalMessages":19,"canonicalChatKey":"码匠铺子_958625474098"},"x***2_991148214602":{"isNewSession":false,"newMsgCount":0,"totalMessages":8,"canonicalChatKey":"x***2_991148214602"},"在吗_1030658100776":{"isNewSession":false,"newMsgCount":0,"totalMessages":1,"canonicalChatKey":"在吗_1030658100776"},"你的头真大_1030658100776":{"isNewSession":false,"newMsgCount":0,"totalMessages":1,"canonicalChatKey":"在吗_1030658100776"}}}
[sync] data unchanged, skipping
[sync] data unchanged, skipping
[sync] data unchanged, skipping
[sync] data unchanged, skipping
[sync] xm_chat_history size: 11489 bytes
[sync] ingest result: {"ok":true,"results":{"阿拉喵主子_1015500846697":{"isNewSession":false,"newMsgCount":0,"totalMessages":14,"canonicalChatKey":"阿拉喵主子_1015500846697"},"庐州美美椰子":{"isNewSession":false,"newMsgCount":0,"totalMessages":1,"canonicalChatKey":"庐州美美椰子"},"庐州美美椰子_910817683819":{"isNewSession":false,"newMsgCount":0,"totalMessages":3,"canonicalChatKey":"庐州美美椰子_910817683819"},"0累球0_994982452499":{"isNewSession":false,"newMsgCount":0,"totalMessages":6,"canonicalChatKey":"0累球0_994982452499"},"码匠铺子_958625474098":{"isNewSession":false,"newMsgCount":0,"totalMessages":19,"canonicalChatKey":"码匠铺子_958625474098"},"x***2_991148214602":{"isNewSession":false,"newMsgCount":0,"totalMessages":8,"canonicalChatKey":"x***2_991148214602"},"在吗_1030658100776":{"isNewSession":false,"newMsgCount":0,"totalMessages":1,"canonicalChatKey":"在吗_1030658100776"},"你的头真大_1030658100776":{"isNewSession":false,"newMsgCount":1,"totalMessages":2,"canonicalChatKey":"在吗_1030658100776"}}}
[sync] data unchanged, skipping
[sync] data unchanged, skipping
[sync] data unchanged, skipping
[sync] xm_chat_history size: 11585 bytes
[sync] ingest result: {"ok":true,"results":{"阿拉喵主子_1015500846697":{"isNewSession":false,"newMsgCount":0,"totalMessages":14,"canonicalChatKey":"阿拉喵主子_1015500846697"},"庐州美美椰子":{"isNewSession":false,"newMsgCount":0,"totalMessages":1,"canonicalChatKey":"庐州美美椰子"},"庐州美美椰子_910817683819":{"isNewSession":false,"newMsgCount":0,"totalMessages":3,"canonicalChatKey":"庐州美美椰子_910817683819"},"0累球0_994982452499":{"isNewSession":false,"newMsgCount":0,"totalMessages":6,"canonicalChatKey":"0累球0_994982452499"},"码匠铺子_958625474098":{"isNewSession":false,"newMsgCount":0,"totalMessages":19,"canonicalChatKey":"码匠铺子_958625474098"},"x***2_991148214602":{"isNewSession":false,"newMsgCount":0,"totalMessages":8,"canonicalChatKey":"x***2_991148214602"},"在吗_1030658100776":{"isNewSession":false,"newMsgCount":0,"totalMessages":1,"canonicalChatKey":"在吗_1030658100776"},"你的头真大_1030658100776":{"isNewSession":false,"newMsgCount":1,"totalMessages":3,"canonicalChatKey":"在吗_1030658100776"}}}
[sync] data unchanged, skipping
[sync] data unchanged, skipping
[sync] data unchanged, skipping
[sync] data unchanged, skipping
[sync] data unchanged, skipping
[sync] data unchanged, skipping
[sync] data unchanged, skipping
[sync] data unchanged, skipping
[sync] data unchanged, skipping
[sync] data unchanged, skipping
[sync] data unchanged, skipping
[sync] data unchanged, skipping
[sync] data unchanged, skipping
[sync] data unchanged, skipping
[sync] data unchanged, skipping
[sync] data unchanged, skipping
[sync] data unchanged, skipping
[sync] data unchanged, skipping
[sync] data unchanged, skipping
[sync] data unchanged, skipping
[sync] data unchanged, skipping
[sync] data unchanged, skipping
[sync] data unchanged, skipping
[sync] data unchanged, skipping
[sync] data unchanged, skipping
[sync] data unchanged, skipping
[sync] data unchanged, skipping
[sync] data unchanged, skipping
[sync] data unchanged, skipping
[sync] data unchanged, skipping
[sync] data unchanged, skipping
[sync] data unchanged, skipping
[sync] data unchanged, skipping
[sync] data unchanged, skipping
[sync] data unchanged, skipping
[sync] data unchanged, skipping
[sync] data unchanged, skipping
[sync] xm_chat_history size: 11575 bytes
[sync] ingest result: {"ok":true,"results":{"阿拉喵主子_1015500846697":{"isNewSession":false,"newMsgCount":0,"totalMessages":14,"canonicalChatKey":"阿拉喵主子_1015500846697"},"庐州美美椰子":{"isNewSession":false,"newMsgCount":0,"totalMessages":1,"canonicalChatKey":"庐州美美椰子"},"庐州美美椰子_910817683819":{"isNewSession":false,"newMsgCount":0,"totalMessages":3,"canonicalChatKey":"庐州美美椰子_910817683819"},"0累球0_994982452499":{"isNewSession":false,"newMsgCount":0,"totalMessages":6,"canonicalChatKey":"0累球0_994982452499"},"码匠铺子_958625474098":{"isNewSession":false,"newMsgCount":0,"totalMessages":19,"canonicalChatKey":"码匠铺子_958625474098"},"x***2_991148214602":{"isNewSession":false,"newMsgCount":0,"totalMessages":8,"canonicalChatKey":"x***2_991148214602"},"在吗_1030658100776":{"isNewSession":false,"newMsgCount":0,"totalMessages":1,"canonicalChatKey":"在吗_1030658100776"},"你的头真大_1030658100776":{"isNewSession":false,"newMsgCount":0,"totalMessages":3,"canonicalChatKey":"在吗_1030658100776"}}}
[sync] xm_chat_history size: 11585 bytes
[sync] ingest result: {"ok":true,"results":{"阿拉喵主子_1015500846697":{"isNewSession":false,"newMsgCount":0,"totalMessages":14,"canonicalChatKey":"阿拉喵主子_1015500846697"},"庐州美美椰子":{"isNewSession":false,"newMsgCount":0,"totalMessages":1,"canonicalChatKey":"庐州美美椰子"},"庐州美美椰子_910817683819":{"isNewSession":false,"newMsgCount":0,"totalMessages":3,"canonicalChatKey":"庐州美美椰子_910817683819"},"0累球0_994982452499":{"isNewSession":false,"newMsgCount":0,"totalMessages":6,"canonicalChatKey":"0累球0_994982452499"},"码匠铺子_958625474098":{"isNewSession":false,"newMsgCount":0,"totalMessages":19,"canonicalChatKey":"码匠铺子_958625474098"},"x***2_991148214602":{"isNewSession":false,"newMsgCount":0,"totalMessages":8,"canonicalChatKey":"x***2_991148214602"},"在吗_1030658100776":{"isNewSession":false,"newMsgCount":0,"totalMessages":1,"canonicalChatKey":"在吗_1030658100776"},"你的头真大_1030658100776":{"isNewSession":false,"newMsgCount":0,"totalMessages":3,"canonicalChatKey":"在吗_1030658100776"}}}
[sync] data unchanged, skipping
[sync] data unchanged, skipping
[sync] data unchanged, skipping
[sync] data unchanged, skipping
[sync] data unchanged, skipping
[sync] data unchanged, skipping
[sync] data unchanged, skipping
[sync] data unchanged, skipping
[sync] data unchanged, skipping
[sync] data unchanged, skipping
[sync] data unchanged, skipping
[sync] data unchanged, skipping
[sync] data unchanged, skipping
[sync] data unchanged, skipping
[sync] data unchanged, skipping
[sync] data unchanged, skipping
[sync] data unchanged, skipping
[sync] data unchanged, skipping
[sync] data unchanged, skipping
[sync] data unchanged, skipping
[sync] data unchanged, skipping
[sync] data unchanged, skipping
[sync] data unchanged, skipping
[sync] data unchanged, skipping
[sync] data unchanged, skipping
[sync] data unchanged, skipping
[sync] data unchanged, skipping
[sync] data unchanged, skipping
[sync] data unchanged, skipping
[sync] data unchanged, skipping
[sync] data unchanged, skipping
[sync] data unchanged, skipping
[sync] data unchanged, skipping
[sync] data unchanged, skipping
[sync] data unchanged, skipping
[sync] data unchanged, skipping
[sync] data unchanged, skipping
[sync] data unchanged, skipping
[sync] data unchanged, skipping
[sync] data unchanged, skipping
[sync] data unchanged, skipping
[sync] data unchanged, skipping
[sync] data unchanged, skipping
[sync] data unchanged, skipping
[sync] data unchanged, skipping
[sync] data unchanged, skipping
[sync] data unchanged, skipping
[sync] data unchanged, skipping
[sync] data unchanged, skipping
[sync] data unchanged, skipping
[sync] data unchanged, skipping
[sync] data unchanged, skipping
[sync] data unchanged, skipping
[sync] data unchanged, skipping
[sync] data unchanged, skipping
[sync] data unchanged, skipping
[sync] data unchanged, skipping
[sync] data unchanged, skipping
[sync] data unchanged, skipping
[sync] data unchanged, skipping
[sync] data unchanged, skipping
[sync] data unchanged, skipping
[sync] data unchanged, skipping
[sync] data unchanged, skipping
[sync] data unchanged, skipping
[sync] data unchanged, skipping
[sync] data unchanged, skipping
[sync] data unchanged, skipping
[sync] data unchanged, skipping
[sync] data unchanged, skipping
[sync] data unchanged, skipping
[sync] data unchanged, skipping
[sync] data unchanged, skipping
[sync] data unchanged, skipping
[sync] data unchanged, skipping
[sync] data unchanged, skipping
[sync] data unchanged, skipping
[sync] data unchanged, skipping
[sync] data unchanged, skipping
[sync] data unchanged, skipping
[sync] data unchanged, skipping
[sync] data unchanged, skipping
[sync] data unchanged, skipping
[sync] data unchanged, skipping
[sync] data unchanged, skipping
[sync] data unchanged, skipping
[sync] data unchanged, skipping
[sync] data unchanged, skipping
[sync] data unchanged, skipping
[sync] data unchanged, skipping
[sync] data unchanged, skipping
[sync] data unchanged, skipping
[sync] data unchanged, skipping
[sync] data unchanged, skipping
[sync] xm_chat_history size: 11684 bytes
[sync] ingest result: {"ok":true,"results":{"阿拉喵主子_1015500846697":{"isNewSession":false,"newMsgCount":0,"totalMessages":14,"canonicalChatKey":"阿拉喵主子_1015500846697"},"庐州美美椰子":{"isNewSession":false,"newMsgCount":0,"totalMessages":1,"canonicalChatKey":"庐州美美椰子"},"庐州美美椰子_910817683819":{"isNewSession":false,"newMsgCount":0,"totalMessages":3,"canonicalChatKey":"庐州美美椰子_910817683819"},"0累球0_994982452499":{"isNewSession":false,"newMsgCount":0,"totalMessages":6,"canonicalChatKey":"0累球0_994982452499"},"码匠铺子_958625474098":{"isNewSession":false,"newMsgCount":0,"totalMessages":19,"canonicalChatKey":"码匠铺子_958625474098"},"x***2_991148214602":{"isNewSession":false,"newMsgCount":0,"totalMessages":8,"canonicalChatKey":"x***2_991148214602"},"在吗_1030658100776":{"isNewSession":false,"newMsgCount":0,"totalMessages":1,"canonicalChatKey":"在吗_1030658100776"},"你的头真大_1030658100776":{"isNewSession":false,"newMsgCount":1,"totalMessages":4,"canonicalChatKey":"在吗_1030658100776"}}}
[sync] data unchanged, skipping
[sync] data unchanged, skipping
[sync] data unchanged, skipping
[sync] xm_chat_history size: 11843 bytes
[sync] ingest result: {"ok":true,"results":{"阿拉喵主子_1015500846697":{"isNewSession":false,"newMsgCount":0,"totalMessages":14,"canonicalChatKey":"阿拉喵主子_1015500846697"},"庐州美美椰子":{"isNewSession":false,"newMsgCount":0,"totalMessages":1,"canonicalChatKey":"庐州美美椰子"},"庐州美美椰子_910817683819":{"isNewSession":false,"newMsgCount":0,"totalMessages":3,"canonicalChatKey":"庐州美美椰子_910817683819"},"0累球0_994982452499":{"isNewSession":false,"newMsgCount":0,"totalMessages":6,"canonicalChatKey":"0累球0_994982452499"},"码匠铺子_958625474098":{"isNewSession":false,"newMsgCount":0,"totalMessages":19,"canonicalChatKey":"码匠铺子_958625474098"},"x***2_991148214602":{"isNewSession":false,"newMsgCount":0,"totalMessages":8,"canonicalChatKey":"x***2_991148214602"},"在吗_1030658100776":{"isNewSession":false,"newMsgCount":0,"totalMessages":1,"canonicalChatKey":"在吗_1030658100776"},"你的头真大_1030658100776":{"isNewSession":false,"newMsgCount":1,"totalMessages":5,"canonicalChatKey":"在吗_1030658100776"}}}
[sync] data unchanged, skipping
[sync] data unchanged, skipping
[sync] data unchanged, skipping
[sync] xm_chat_history size: 12424 bytes
[sync] ingest result: {"ok":true,"results":{"阿拉喵主子_1015500846697":{"isNewSession":false,"newMsgCount":0,"totalMessages":14,"canonicalChatKey":"阿拉喵主子_1015500846697"},"庐州美美椰子":{"isNewSession":false,"newMsgCount":0,"totalMessages":1,"canonicalChatKey":"庐州美美椰子"},"庐州美美椰子_910817683819":{"isNewSession":false,"newMsgCount":0,"totalMessages":3,"canonicalChatKey":"庐州美美椰子_910817683819"},"0累球0_994982452499":{"isNewSession":false,"newMsgCount":0,"totalMessages":6,"canonicalChatKey":"0累球0_994982452499"},"码匠铺子_958625474098":{"isNewSession":false,"newMsgCount":0,"totalMessages":19,"canonicalChatKey":"码匠铺子_958625474098"},"x***2_991148214602":{"isNewSession":false,"newMsgCount":0,"totalMessages":8,"canonicalChatKey":"x***2_991148214602"},"在吗_1030658100776":{"isNewSession":false,"newMsgCount":0,"totalMessages":1,"canonicalChatKey":"在吗_1030658100776"},"你的头真大_1030658100776":{"isNewSession":false,"newMsgCount":0,"totalMessages":5,"canonicalChatKey":"在吗_1030658100776"},"你的头真大":{"isNewSession":false,"newMsgCount":0,"totalMessages":0,"canonicalChatKey":"你的头真大","skipped":true,"reason":"empty_session","cleanedUpEmptyShell":false}}}
[sync] data unchanged, skipping
[sync] xm_chat_history size: 12522 bytes
[sync] ingest result: {"ok":true,"results":{"阿拉喵主子_1015500846697":{"isNewSession":false,"newMsgCount":0,"totalMessages":14,"canonicalChatKey":"阿拉喵主子_1015500846697"},"庐州美美椰子":{"isNewSession":false,"newMsgCount":0,"totalMessages":1,"canonicalChatKey":"庐州美美椰子"},"庐州美美椰子_910817683819":{"isNewSession":false,"newMsgCount":0,"totalMessages":3,"canonicalChatKey":"庐州美美椰子_910817683819"},"0累球0_994982452499":{"isNewSession":false,"newMsgCount":0,"totalMessages":6,"canonicalChatKey":"0累球0_994982452499"},"码匠铺子_958625474098":{"isNewSession":false,"newMsgCount":0,"totalMessages":19,"canonicalChatKey":"码匠铺子_958625474098"},"x***2_991148214602":{"isNewSession":false,"newMsgCount":0,"totalMessages":8,"canonicalChatKey":"x***2_991148214602"},"在吗_1030658100776":{"isNewSession":false,"newMsgCount":0,"totalMessages":1,"canonicalChatKey":"在吗_1030658100776"},"你的头真大_1030658100776":{"isNewSession":false,"newMsgCount":1,"totalMessages":6,"canonicalChatKey":"在吗_1030658100776"},"你的头真大":{"isNewSession":false,"newMsgCount":0,"totalMessages":0,"canonicalChatKey":"你的头真大","skipped":true,"reason":"empty_session","cleanedUpEmptyShell":false}}}
[sync] data unchanged, skipping
[sync] xm_chat_history size: 12620 bytes
[sync] ingest result: {"ok":true,"results":{"阿拉喵主子_1015500846697":{"isNewSession":false,"newMsgCount":0,"totalMessages":14,"canonicalChatKey":"阿拉喵主子_1015500846697"},"庐州美美椰子":{"isNewSession":false,"newMsgCount":0,"totalMessages":1,"canonicalChatKey":"庐州美美椰子"},"庐州美美椰子_910817683819":{"isNewSession":false,"newMsgCount":0,"totalMessages":3,"canonicalChatKey":"庐州美美椰子_910817683819"},"0累球0_994982452499":{"isNewSession":false,"newMsgCount":0,"totalMessages":6,"canonicalChatKey":"0累球0_994982452499"},"码匠铺子_958625474098":{"isNewSession":false,"newMsgCount":0,"totalMessages":19,"canonicalChatKey":"码匠铺子_958625474098"},"x***2_991148214602":{"isNewSession":false,"newMsgCount":0,"totalMessages":8,"canonicalChatKey":"x***2_991148214602"},"在吗_1030658100776":{"isNewSession":false,"newMsgCount":0,"totalMessages":1,"canonicalChatKey":"在吗_1030658100776"},"你的头真大_1030658100776":{"isNewSession":false,"newMsgCount":1,"totalMessages":7,"canonicalChatKey":"在吗_1030658100776"},"你的头真大":{"isNewSession":false,"newMsgCount":0,"totalMessages":0,"canonicalChatKey":"你的头真大","skipped":true,"reason":"empty_session","cleanedUpEmptyShell":false}}}
[sync] data unchanged, skipping
[sync] data unchanged, skipping
[sync] data unchanged, skipping
[sync] data unchanged, skipping
[sync] data unchanged, skipping
[sync] xm_chat_history size: 12779 bytes
[sync] ingest result: {"ok":true,"results":{"阿拉喵主子_1015500846697":{"isNewSession":false,"newMsgCount":0,"totalMessages":14,"canonicalChatKey":"阿拉喵主子_1015500846697"},"庐州美美椰子":{"isNewSession":false,"newMsgCount":0,"totalMessages":1,"canonicalChatKey":"庐州美美椰子"},"庐州美美椰子_910817683819":{"isNewSession":false,"newMsgCount":0,"totalMessages":3,"canonicalChatKey":"庐州美美椰子_910817683819"},"0累球0_994982452499":{"isNewSession":false,"newMsgCount":0,"totalMessages":6,"canonicalChatKey":"0累球0_994982452499"},"码匠铺子_958625474098":{"isNewSession":false,"newMsgCount":0,"totalMessages":19,"canonicalChatKey":"码匠铺子_958625474098"},"x***2_991148214602":{"isNewSession":false,"newMsgCount":0,"totalMessages":8,"canonicalChatKey":"x***2_991148214602"},"在吗_1030658100776":{"isNewSession":false,"newMsgCount":0,"totalMessages":1,"canonicalChatKey":"在吗_1030658100776"},"你的头真大_1030658100776":{"isNewSession":false,"newMsgCount":1,"totalMessages":8,"canonicalChatKey":"在吗_1030658100776"},"你的头真大":{"isNewSession":false,"newMsgCount":0,"totalMessages":0,"canonicalChatKey":"你的头真大","skipped":true,"reason":"empty_session","cleanedUpEmptyShell":false}}}
[sync] data unchanged, skipping
[sync] data unchanged, skipping
[sync] data unchanged, skipping
[sync] data unchanged, skipping
[sync] data unchanged, skipping
[sync] data unchanged, skipping
[sync] data unchanged, skipping
[sync] data unchanged, skipping
[sync] data unchanged, skipping
[sync] data unchanged, skipping
[sync] data unchanged, skipping
[sync] xm_chat_history size: 12879 bytes
[sync] ingest result: {"ok":true,"results":{"阿拉喵主子_1015500846697":{"isNewSession":false,"newMsgCount":1,"totalMessages":15,"canonicalChatKey":"阿拉喵主子_1015500846697"},"庐州美美椰子":{"isNewSession":false,"newMsgCount":0,"totalMessages":1,"canonicalChatKey":"庐州美美椰子"},"庐州美美椰子_910817683819":{"isNewSession":false,"newMsgCount":0,"totalMessages":3,"canonicalChatKey":"庐州美美椰子_910817683819"},"0累球0_994982452499":{"isNewSession":false,"newMsgCount":0,"totalMessages":6,"canonicalChatKey":"0累球0_994982452499"},"码匠铺子_958625474098":{"isNewSession":false,"newMsgCount":0,"totalMessages":19,"canonicalChatKey":"码匠铺子_958625474098"},"x***2_991148214602":{"isNewSession":false,"newMsgCount":0,"totalMessages":8,"canonicalChatKey":"x***2_991148214602"},"在吗_1030658100776":{"isNewSession":false,"newMsgCount":0,"totalMessages":1,"canonicalChatKey":"在吗_1030658100776"},"你的头真大_1030658100776":{"isNewSession":false,"newMsgCount":0,"totalMessages":8,"canonicalChatKey":"在吗_1030658100776"},"你的头真大":{"isNewSession":false,"newMsgCount":0,"totalMessages":0,"canonicalChatKey":"你的头真大","skipped":true,"reason":"empty_session","cleanedUpEmptyShell":false}}}
[sync] data unchanged, skipping
[sync] data unchanged, skipping
[sync] data unchanged, skipping
[sync] xm_chat_history size: 13038 bytes
[sync] ingest result: {"ok":true,"results":{"阿拉喵主子_1015500846697":{"isNewSession":false,"newMsgCount":1,"totalMessages":16,"canonicalChatKey":"阿拉喵主子_1015500846697"},"庐州美美椰子":{"isNewSession":false,"newMsgCount":0,"totalMessages":1,"canonicalChatKey":"庐州美美椰子"},"庐州美美椰子_910817683819":{"isNewSession":false,"newMsgCount":0,"totalMessages":3,"canonicalChatKey":"庐州美美椰子_910817683819"},"0累球0_994982452499":{"isNewSession":false,"newMsgCount":0,"totalMessages":6,"canonicalChatKey":"0累球0_994982452499"},"码匠铺子_958625474098":{"isNewSession":false,"newMsgCount":0,"totalMessages":19,"canonicalChatKey":"码匠铺子_958625474098"},"x***2_991148214602":{"isNewSession":false,"newMsgCount":0,"totalMessages":8,"canonicalChatKey":"x***2_991148214602"},"在吗_1030658100776":{"isNewSession":false,"newMsgCount":0,"totalMessages":1,"canonicalChatKey":"在吗_1030658100776"},"你的头真大_1030658100776":{"isNewSession":false,"newMsgCount":0,"totalMessages":8,"canonicalChatKey":"在吗_1030658100776"},"你的头真大":{"isNewSession":false,"newMsgCount":0,"totalMessages":0,"canonicalChatKey":"你的头真大","skipped":true,"reason":"empty_session","cleanedUpEmptyShell":false}}}
[sync] data unchanged, skipping
[sync] data unchanged, skipping
[sync] data unchanged, skipping
[sync] data unchanged, skipping
[sync] data unchanged, skipping
[sync] data unchanged, skipping
[sync] data unchanged, skipping
[sync] data unchanged, skipping
[sync] error: goofish.com/im tab not found
[sync] data unchanged, skipping
[sync] xm_chat_history size: 13605 bytes
[sync] ingest result: {"ok":true,"results":{"阿拉喵主子_1015500846697":{"isNewSession":false,"newMsgCount":0,"totalMessages":16,"canonicalChatKey":"阿拉喵主子_1015500846697"},"庐州美美椰子":{"isNewSession":false,"newMsgCount":0,"totalMessages":1,"canonicalChatKey":"庐州美美椰子"},"庐州美美椰子_910817683819":{"isNewSession":false,"newMsgCount":0,"totalMessages":3,"canonicalChatKey":"庐州美美椰子_910817683819"},"0累球0_994982452499":{"isNewSession":false,"newMsgCount":0,"totalMessages":6,"canonicalChatKey":"0累球0_994982452499"},"码匠铺子_958625474098":{"isNewSession":false,"newMsgCount":0,"totalMessages":19,"canonicalChatKey":"码匠铺子_958625474098"},"x***2_991148214602":{"isNewSession":false,"newMsgCount":0,"totalMessages":8,"canonicalChatKey":"x***2_991148214602"},"在吗_1030658100776":{"isNewSession":false,"newMsgCount":0,"totalMessages":1,"canonicalChatKey":"在吗_1030658100776"},"你的头真大_1030658100776":{"isNewSession":false,"newMsgCount":0,"totalMessages":8,"canonicalChatKey":"在吗_1030658100776"},"你的头真大":{"isNewSession":false,"newMsgCount":0,"totalMessages":0,"canonicalChatKey":"你的头真大","skipped":true,"reason":"empty_session","cleanedUpEmptyShell":false},"阿拉喵主子":{"isNewSession":false,"newMsgCount":0,"totalMessages":0,"canonicalChatKey":"阿拉喵主子","skipped":true,"reason":"empty_session","cleanedUpEmptyShell":false}}}
[sync] data unchanged, skipping
[sync] xm_chat_history size: 13864 bytes
[sync] ingest result: {"ok":true,"results":{"阿拉喵主子_1015500846697":{"isNewSession":false,"newMsgCount":0,"totalMessages":16,"canonicalChatKey":"阿拉喵主子_1015500846697"},"庐州美美椰子":{"isNewSession":false,"newMsgCount":0,"totalMessages":1,"canonicalChatKey":"庐州美美椰子"},"庐州美美椰子_910817683819":{"isNewSession":false,"newMsgCount":0,"totalMessages":3,"canonicalChatKey":"庐州美美椰子_910817683819"},"0累球0_994982452499":{"isNewSession":false,"newMsgCount":0,"totalMessages":6,"canonicalChatKey":"0累球0_994982452499"},"码匠铺子_958625474098":{"isNewSession":false,"newMsgCount":0,"totalMessages":19,"canonicalChatKey":"码匠铺子_958625474098"},"x***2_991148214602":{"isNewSession":false,"newMsgCount":0,"totalMessages":8,"canonicalChatKey":"x***2_991148214602"},"在吗_1030658100776":{"isNewSession":false,"newMsgCount":0,"totalMessages":1,"canonicalChatKey":"在吗_1030658100776"},"你的头真大_1030658100776":{"isNewSession":false,"newMsgCount":2,"totalMessages":10,"canonicalChatKey":"在吗_1030658100776"},"你的头真大":{"isNewSession":false,"newMsgCount":0,"totalMessages":0,"canonicalChatKey":"你的头真大","skipped":true,"reason":"empty_session","cleanedUpEmptyShell":false},"阿拉喵主子":{"isNewSession":false,"newMsgCount":0,"totalMessages":0,"canonicalChatKey":"阿拉喵主子","skipped":true,"reason":"empty_session","cleanedUpEmptyShell":false}}}
[sync] data unchanged, skipping
[sync] data unchanged, skipping
[sync] data unchanged, skipping
[sync] data unchanged, skipping
[sync] data unchanged, skipping
[sync] data unchanged, skipping
[sync] data unchanged, skipping
[sync] data unchanged, skipping
[sync] data unchanged, skipping
[sync] data unchanged, skipping
[sync] data unchanged, skipping
[sync] data unchanged, skipping
[sync] data unchanged, skipping
[sync] data unchanged, skipping
[sync] data unchanged, skipping
[sync] data unchanged, skipping
[sync] data unchanged, skipping
[sync] data unchanged, skipping
[sync] data unchanged, skipping
[sync] data unchanged, skipping
[sync] data unchanged, skipping
[sync] data unchanged, skipping
[sync] data unchanged, skipping
[sync] data unchanged, skipping
[sync] data unchanged, skipping
[sync] data unchanged, skipping
[sync] data unchanged, skipping
[sync] data unchanged, skipping
[sync] data unchanged, skipping
[sync] data unchanged, skipping
[sync] data unchanged, skipping
[sync] data unchanged, skipping
[sync] data unchanged, skipping
[sync] data unchanged, skipping
[sync] data unchanged, skipping
[sync] data unchanged, skipping
[sync] data unchanged, skipping
[sync] data unchanged, skipping
[sync] data unchanged, skipping
[sync] data unchanged, skipping
[sync] data unchanged, skipping
[sync] data unchanged, skipping
[sync] data unchanged, skipping
[sync] data unchanged, skipping
[sync] data unchanged, skipping
[sync] data unchanged, skipping
[sync] data unchanged, skipping
[sync] data unchanged, skipping
[sync] data unchanged, skipping
[sync] data unchanged, skipping
[sync] data unchanged, skipping
[sync] data unchanged, skipping
[sync] data unchanged, skipping
[sync] data unchanged, skipping
[sync] data unchanged, skipping
[sync] data unchanged, skipping
[sync] data unchanged, skipping
[sync] data unchanged, skipping
[sync] data unchanged, skipping
[sync] xm_chat_history size: 13961 bytes
[sync] ingest result: {"ok":true,"results":{"阿拉喵主子_1015500846697":{"isNewSession":false,"newMsgCount":0,"totalMessages":16,"canonicalChatKey":"阿拉喵主子_1015500846697"},"庐州美美椰子":{"isNewSession":false,"newMsgCount":0,"totalMessages":1,"canonicalChatKey":"庐州美美椰子"},"庐州美美椰子_910817683819":{"isNewSession":false,"newMsgCount":0,"totalMessages":3,"canonicalChatKey":"庐州美美椰子_910817683819"},"0累球0_994982452499":{"isNewSession":false,"newMsgCount":0,"totalMessages":6,"canonicalChatKey":"0累球0_994982452499"},"码匠铺子_958625474098":{"isNewSession":false,"newMsgCount":0,"totalMessages":19,"canonicalChatKey":"码匠铺子_958625474098"},"x***2_991148214602":{"isNewSession":false,"newMsgCount":0,"totalMessages":8,"canonicalChatKey":"x***2_991148214602"},"在吗_1030658100776":{"isNewSession":false,"newMsgCount":0,"totalMessages":1,"canonicalChatKey":"在吗_1030658100776"},"你的头真大_1030658100776":{"isNewSession":false,"newMsgCount":1,"totalMessages":11,"canonicalChatKey":"在吗_1030658100776"},"你的头真大":{"isNewSession":false,"newMsgCount":0,"totalMessages":0,"canonicalChatKey":"你的头真大","skipped":true,"reason":"empty_session","cleanedUpEmptyShell":false},"阿拉喵主子":{"isNewSession":false,"newMsgCount":0,"totalMessages":0,"canonicalChatKey":"阿拉喵主子","skipped":true,"reason":"empty_session","cleanedUpEmptyShell":false}}}
[sync] data unchanged, skipping
[sync] xm_chat_history size: 14120 bytes
[sync] ingest result: {"ok":true,"results":{"阿拉喵主子_1015500846697":{"isNewSession":false,"newMsgCount":0,"totalMessages":16,"canonicalChatKey":"阿拉喵主子_1015500846697"},"庐州美美椰子":{"isNewSession":false,"newMsgCount":0,"totalMessages":1,"canonicalChatKey":"庐州美美椰子"},"庐州美美椰子_910817683819":{"isNewSession":false,"newMsgCount":0,"totalMessages":3,"canonicalChatKey":"庐州美美椰子_910817683819"},"0累球0_994982452499":{"isNewSession":false,"newMsgCount":0,"totalMessages":6,"canonicalChatKey":"0累球0_994982452499"},"码匠铺子_958625474098":{"isNewSession":false,"newMsgCount":0,"totalMessages":19,"canonicalChatKey":"码匠铺子_958625474098"},"x***2_991148214602":{"isNewSession":false,"newMsgCount":0,"totalMessages":8,"canonicalChatKey":"x***2_991148214602"},"在吗_1030658100776":{"isNewSession":false,"newMsgCount":0,"totalMessages":1,"canonicalChatKey":"在吗_1030658100776"},"你的头真大_1030658100776":{"isNewSession":false,"newMsgCount":1,"totalMessages":12,"canonicalChatKey":"在吗_1030658100776"},"你的头真大":{"isNewSession":false,"newMsgCount":0,"totalMessages":0,"canonicalChatKey":"你的头真大","skipped":true,"reason":"empty_session","cleanedUpEmptyShell":false},"阿拉喵主子":{"isNewSession":false,"newMsgCount":0,"totalMessages":0,"canonicalChatKey":"阿拉喵主子","skipped":true,"reason":"empty_session","cleanedUpEmptyShell":false}}}
[sync] data unchanged, skipping
[sync] data unchanged, skipping
[sync] data unchanged, skipping
[sync] xm_chat_history size: 14219 bytes
[sync] ingest result: {"ok":true,"results":{"阿拉喵主子_1015500846697":{"isNewSession":false,"newMsgCount":0,"totalMessages":16,"canonicalChatKey":"阿拉喵主子_1015500846697"},"庐州美美椰子":{"isNewSession":false,"newMsgCount":0,"totalMessages":1,"canonicalChatKey":"庐州美美椰子"},"庐州美美椰子_910817683819":{"isNewSession":false,"newMsgCount":0,"totalMessages":3,"canonicalChatKey":"庐州美美椰子_910817683819"},"0累球0_994982452499":{"isNewSession":false,"newMsgCount":0,"totalMessages":6,"canonicalChatKey":"0累球0_994982452499"},"码匠铺子_958625474098":{"isNewSession":false,"newMsgCount":0,"totalMessages":19,"canonicalChatKey":"码匠铺子_958625474098"},"x***2_991148214602":{"isNewSession":false,"newMsgCount":0,"totalMessages":8,"canonicalChatKey":"x***2_991148214602"},"在吗_1030658100776":{"isNewSession":false,"newMsgCount":0,"totalMessages":1,"canonicalChatKey":"在吗_1030658100776"},"你的头真大_1030658100776":{"isNewSession":false,"newMsgCount":1,"totalMessages":13,"canonicalChatKey":"在吗_1030658100776"},"你的头真大":{"isNewSession":false,"newMsgCount":0,"totalMessages":0,"canonicalChatKey":"你的头真大","skipped":true,"reason":"empty_session","cleanedUpEmptyShell":false},"阿拉喵主子":{"isNewSession":false,"newMsgCount":0,"totalMessages":0,"canonicalChatKey":"阿拉喵主子","skipped":true,"reason":"empty_session","cleanedUpEmptyShell":false}}}
[sync] data unchanged, skipping
[sync] data unchanged, skipping
[sync] data unchanged, skipping
[sync] data unchanged, skipping
[sync] data unchanged, skipping
[sync] data unchanged, skipping
[sync] data unchanged, skipping
[sync] data unchanged, skipping
[sync] data unchanged, skipping
[sync] data unchanged, skipping
[sync] data unchanged, skipping
[sync] data unchanged, skipping
[sync] data unchanged, skipping
[sync] data unchanged, skipping
[sync] data unchanged, skipping
[sync] data unchanged, skipping
[sync] data unchanged, skipping
[sync] data unchanged, skipping
[sync] data unchanged, skipping
[sync] data unchanged, skipping
[sync] data unchanged, skipping
[sync] data unchanged, skipping
[sync] data unchanged, skipping
[sync] data unchanged, skipping
[sync] data unchanged, skipping
[sync] data unchanged, skipping
[2026/3/28 20:07:07] [client] browser heartbeat 失败: fetch failed
[sync] data unchanged, skipping
[sync] data unchanged, skipping
[sync] data unchanged, skipping
[sync] data unchanged, skipping
[sync] data unchanged, skipping
[sync] data unchanged, skipping
[sync] data unchanged, skipping
[sync] xm_chat_history size: 14316 bytes
[sync] ingest result: {"ok":true,"results":{"阿拉喵主子_1015500846697":{"isNewSession":false,"newMsgCount":0,"totalMessages":16,"canonicalChatKey":"阿拉喵主子_1015500846697"},"庐州美美椰子":{"isNewSession":false,"newMsgCount":0,"totalMessages":1,"canonicalChatKey":"庐州美美椰子"},"庐州美美椰子_910817683819":{"isNewSession":false,"newMsgCount":0,"totalMessages":3,"canonicalChatKey":"庐州美美椰子_910817683819"},"0累球0_994982452499":{"isNewSession":false,"newMsgCount":0,"totalMessages":6,"canonicalChatKey":"0累球0_994982452499"},"码匠铺子_958625474098":{"isNewSession":false,"newMsgCount":0,"totalMessages":19,"canonicalChatKey":"码匠铺子_958625474098"},"x***2_991148214602":{"isNewSession":false,"newMsgCount":0,"totalMessages":8,"canonicalChatKey":"x***2_991148214602"},"在吗_1030658100776":{"isNewSession":false,"newMsgCount":0,"totalMessages":1,"canonicalChatKey":"在吗_1030658100776"},"你的头真大_1030658100776":{"isNewSession":false,"newMsgCount":1,"totalMessages":14,"canonicalChatKey":"在吗_1030658100776"},"你的头真大":{"isNewSession":false,"newMsgCount":0,"totalMessages":0,"canonicalChatKey":"你的头真大","skipped":true,"reason":"empty_session","cleanedUpEmptyShell":false},"阿拉喵主子":{"isNewSession":false,"newMsgCount":0,"totalMessages":0,"canonicalChatKey":"阿拉喵主子","skipped":true,"reason":"empty_session","cleanedUpEmptyShell":false}}}
[sync] data unchanged, skipping
[sync] data unchanged, skipping
[sync] data unchanged, skipping
[sync] xm_chat_history size: 14475 bytes
[sync] ingest result: {"ok":true,"results":{"阿拉喵主子_1015500846697":{"isNewSession":false,"newMsgCount":0,"totalMessages":16,"canonicalChatKey":"阿拉喵主子_1015500846697"},"庐州美美椰子":{"isNewSession":false,"newMsgCount":0,"totalMessages":1,"canonicalChatKey":"庐州美美椰子"},"庐州美美椰子_910817683819":{"isNewSession":false,"newMsgCount":0,"totalMessages":3,"canonicalChatKey":"庐州美美椰子_910817683819"},"0累球0_994982452499":{"isNewSession":false,"newMsgCount":0,"totalMessages":6,"canonicalChatKey":"0累球0_994982452499"},"码匠铺子_958625474098":{"isNewSession":false,"newMsgCount":0,"totalMessages":19,"canonicalChatKey":"码匠铺子_958625474098"},"x***2_991148214602":{"isNewSession":false,"newMsgCount":0,"totalMessages":8,"canonicalChatKey":"x***2_991148214602"},"在吗_1030658100776":{"isNewSession":false,"newMsgCount":0,"totalMessages":1,"canonicalChatKey":"在吗_1030658100776"},"你的头真大_1030658100776":{"isNewSession":false,"newMsgCount":1,"totalMessages":15,"canonicalChatKey":"在吗_1030658100776"},"你的头真大":{"isNewSession":false,"newMsgCount":0,"totalMessages":0,"canonicalChatKey":"你的头真大","skipped":true,"reason":"empty_session","cleanedUpEmptyShell":false},"阿拉喵主子":{"isNewSession":false,"newMsgCount":0,"totalMessages":0,"canonicalChatKey":"阿拉喵主子","skipped":true,"reason":"empty_session","cleanedUpEmptyShell":false}}}
[sync] data unchanged, skipping
[sync] data unchanged, skipping
[sync] data unchanged, skipping
[sync] data unchanged, skipping
[sync] data unchanged, skipping
[sync] data unchanged, skipping
[sync] data unchanged, skipping
[sync] data unchanged, skipping
[sync] data unchanged, skipping
[sync] data unchanged, skipping
[sync] data unchanged, skipping
[sync] data unchanged, skipping
[sync] data unchanged, skipping
[sync] data unchanged, skipping
[sync] data unchanged, skipping
[sync] data unchanged, skipping
[sync] data unchanged, skipping
[sync] data unchanged, skipping
[sync] data unchanged, skipping
[sync] data unchanged, skipping
[sync] data unchanged, skipping
[sync] data unchanged, skipping
[sync] data unchanged, skipping
[sync] data unchanged, skipping
[sync] data unchanged, skipping
[sync] data unchanged, skipping
[sync] data unchanged, skipping
[sync] data unchanged, skipping
[sync] data unchanged, skipping
[sync] data unchanged, skipping
[sync] data unchanged, skipping
[sync] data unchanged, skipping
[sync] data unchanged, skipping
[sync] data unchanged, skipping
[sync] data unchanged, skipping
[sync] data unchanged, skipping
[sync] data unchanged, skipping
[sync] data unchanged, skipping
[sync] data unchanged, skipping
[sync] data unchanged, skipping
[sync] data unchanged, skipping
[sync] data unchanged, skipping
[sync] data unchanged, skipping
[sync] data unchanged, skipping
[sync] data unchanged, skipping
[sync] data unchanged, skipping
[sync] data unchanged, skipping
[sync] data unchanged, skipping
[sync] data unchanged, skipping
[sync] data unchanged, skipping
[sync] data unchanged, skipping
[sync] data unchanged, skipping
[sync] data unchanged, skipping
[sync] data unchanged, skipping
[sync] data unchanged, skipping
[sync] data unchanged, skipping
[sync] data unchanged, skipping
[sync] data unchanged, skipping
[sync] data unchanged, skipping
[sync] data unchanged, skipping
[sync] data unchanged, skipping
[sync] data unchanged, skipping
[sync] data unchanged, skipping
[sync] data unchanged, skipping
[sync] data unchanged, skipping
[sync] data unchanged, skipping
[sync] data unchanged, skipping
[sync] data unchanged, skipping
[sync] data unchanged, skipping
[sync] data unchanged, skipping
[sync] data unchanged, skipping
[sync] data unchanged, skipping
[sync] data unchanged, skipping
[sync] data unchanged, skipping
[sync] data unchanged, skipping
[sync] data unchanged, skipping
[sync] data unchanged, skipping
[sync] data unchanged, skipping
[sync] data unchanged, skipping
[sync] data unchanged, skipping
[sync] data unchanged, skipping
[sync] data unchanged, skipping
[sync] data unchanged, skipping
[sync] data unchanged, skipping
[sync] data unchanged, skipping
[sync] data unchanged, skipping
[sync] data unchanged, skipping
[sync] data unchanged, skipping
[sync] data unchanged, skipping
[sync] data unchanged, skipping
[sync] data unchanged, skipping
[sync] data unchanged, skipping
[sync] data unchanged, skipping
[sync] data unchanged, skipping
[sync] data unchanged, skipping
[sync] data unchanged, skipping
[sync] data unchanged, skipping
[sync] data unchanged, skipping
[sync] data unchanged, skipping
[sync] data unchanged, skipping
[sync] data unchanged, skipping
[sync] data unchanged, skipping
[sync] data unchanged, skipping
[sync] data unchanged, skipping
[sync] data unchanged, skipping
[sync] data unchanged, skipping
[sync] data unchanged, skipping
[sync] data unchanged, skipping
[sync] data unchanged, skipping
[sync] data unchanged, skipping
[sync] data unchanged, skipping
[sync] data unchanged, skipping
[sync] data unchanged, skipping
[sync] data unchanged, skipping
[sync] data unchanged, skipping
[sync] data unchanged, skipping
[sync] data unchanged, skipping
[sync] data unchanged, skipping
[sync] data unchanged, skipping
[sync] data unchanged, skipping
[sync] data unchanged, skipping
[sync] data unchanged, skipping
[sync] data unchanged, skipping
[sync] data unchanged, skipping
[sync] data unchanged, skipping
[sync] data unchanged, skipping
[sync] data unchanged, skipping
[sync] data unchanged, skipping
[sync] data unchanged, skipping
[sync] data unchanged, skipping
[sync] data unchanged, skipping
[sync] data unchanged, skipping
[sync] data unchanged, skipping
[sync] data unchanged, skipping
[sync] data unchanged, skipping
[sync] data unchanged, skipping
[sync] data unchanged, skipping
[sync] data unchanged, skipping
[sync] data unchanged, skipping
[sync] data unchanged, skipping
[sync] data unchanged, skipping
[sync] data unchanged, skipping
[sync] data unchanged, skipping
[sync] data unchanged, skipping
[sync] data unchanged, skipping
[sync] data unchanged, skipping
[sync] data unchanged, skipping
[sync] data unchanged, skipping
[sync] data unchanged, skipping
[sync] data unchanged, skipping
[sync] data unchanged, skipping
[sync] xm_chat_history size: 14572 bytes
[sync] ingest result: {"ok":true,"results":{"阿拉喵主子_1015500846697":{"isNewSession":false,"newMsgCount":0,"totalMessages":16,"canonicalChatKey":"阿拉喵主子_1015500846697"},"庐州美美椰子":{"isNewSession":false,"newMsgCount":0,"totalMessages":1,"canonicalChatKey":"庐州美美椰子"},"庐州美美椰子_910817683819":{"isNewSession":false,"newMsgCount":0,"totalMessages":3,"canonicalChatKey":"庐州美美椰子_910817683819"},"0累球0_994982452499":{"isNewSession":false,"newMsgCount":0,"totalMessages":6,"canonicalChatKey":"0累球0_994982452499"},"码匠铺子_958625474098":{"isNewSession":false,"newMsgCount":0,"totalMessages":19,"canonicalChatKey":"码匠铺子_958625474098"},"x***2_991148214602":{"isNewSession":false,"newMsgCount":0,"totalMessages":8,"canonicalChatKey":"x***2_991148214602"},"在吗_1030658100776":{"isNewSession":false,"newMsgCount":0,"totalMessages":1,"canonicalChatKey":"在吗_1030658100776"},"你的头真大_1030658100776":{"isNewSession":false,"newMsgCount":1,"totalMessages":16,"canonicalChatKey":"在吗_1030658100776"},"你的头真大":{"isNewSession":false,"newMsgCount":0,"totalMessages":0,"canonicalChatKey":"你的头真大","skipped":true,"reason":"empty_session","cleanedUpEmptyShell":false},"阿拉喵主子":{"isNewSession":false,"newMsgCount":0,"totalMessages":0,"canonicalChatKey":"阿拉喵主子","skipped":true,"reason":"empty_session","cleanedUpEmptyShell":false}}}
[sync] data unchanged, skipping
[sync] data unchanged, skipping
[sync] data unchanged, skipping
[sync] xm_chat_history size: 14670 bytes
[sync] ingest result: {"ok":true,"results":{"阿拉喵主子_1015500846697":{"isNewSession":false,"newMsgCount":0,"totalMessages":16,"canonicalChatKey":"阿拉喵主子_1015500846697"},"庐州美美椰子":{"isNewSession":false,"newMsgCount":0,"totalMessages":1,"canonicalChatKey":"庐州美美椰子"},"庐州美美椰子_910817683819":{"isNewSession":false,"newMsgCount":0,"totalMessages":3,"canonicalChatKey":"庐州美美椰子_910817683819"},"0累球0_994982452499":{"isNewSession":false,"newMsgCount":0,"totalMessages":6,"canonicalChatKey":"0累球0_994982452499"},"码匠铺子_958625474098":{"isNewSession":false,"newMsgCount":0,"totalMessages":19,"canonicalChatKey":"码匠铺子_958625474098"},"x***2_991148214602":{"isNewSession":false,"newMsgCount":0,"totalMessages":8,"canonicalChatKey":"x***2_991148214602"},"在吗_1030658100776":{"isNewSession":false,"newMsgCount":0,"totalMessages":1,"canonicalChatKey":"在吗_1030658100776"},"你的头真大_1030658100776":{"isNewSession":false,"newMsgCount":1,"totalMessages":17,"canonicalChatKey":"在吗_1030658100776"},"你的头真大":{"isNewSession":false,"newMsgCount":0,"totalMessages":0,"canonicalChatKey":"你的头真大","skipped":true,"reason":"empty_session","cleanedUpEmptyShell":false},"阿拉喵主子":{"isNewSession":false,"newMsgCount":0,"totalMessages":0,"canonicalChatKey":"阿拉喵主子","skipped":true,"reason":"empty_session","cleanedUpEmptyShell":false}}}
[sync] data unchanged, skipping
[sync] data unchanged, skipping
[sync] xm_chat_history size: 14829 bytes
[sync] ingest result: {"ok":true,"results":{"阿拉喵主子_1015500846697":{"isNewSession":false,"newMsgCount":0,"totalMessages":16,"canonicalChatKey":"阿拉喵主子_1015500846697"},"庐州美美椰子":{"isNewSession":false,"newMsgCount":0,"totalMessages":1,"canonicalChatKey":"庐州美美椰子"},"庐州美美椰子_910817683819":{"isNewSession":false,"newMsgCount":0,"totalMessages":3,"canonicalChatKey":"庐州美美椰子_910817683819"},"0累球0_994982452499":{"isNewSession":false,"newMsgCount":0,"totalMessages":6,"canonicalChatKey":"0累球0_994982452499"},"码匠铺子_958625474098":{"isNewSession":false,"newMsgCount":0,"totalMessages":19,"canonicalChatKey":"码匠铺子_958625474098"},"x***2_991148214602":{"isNewSession":false,"newMsgCount":0,"totalMessages":8,"canonicalChatKey":"x***2_991148214602"},"在吗_1030658100776":{"isNewSession":false,"newMsgCount":0,"totalMessages":1,"canonicalChatKey":"在吗_1030658100776"},"你的头真大_1030658100776":{"isNewSession":false,"newMsgCount":1,"totalMessages":18,"canonicalChatKey":"在吗_1030658100776"},"你的头真大":{"isNewSession":false,"newMsgCount":0,"totalMessages":0,"canonicalChatKey":"你的头真大","skipped":true,"reason":"empty_session","cleanedUpEmptyShell":false},"阿拉喵主子":{"isNewSession":false,"newMsgCount":0,"totalMessages":0,"canonicalChatKey":"阿拉喵主子","skipped":true,"reason":"empty_session","cleanedUpEmptyShell":false}}}
[sync] data unchanged, skipping
[sync] data unchanged, skipping
[sync] xm_chat_history size: 14928 bytes
[sync] ingest result: {"ok":true,"results":{"阿拉喵主子_1015500846697":{"isNewSession":false,"newMsgCount":0,"totalMessages":16,"canonicalChatKey":"阿拉喵主子_1015500846697"},"庐州美美椰子":{"isNewSession":false,"newMsgCount":0,"totalMessages":1,"canonicalChatKey":"庐州美美椰子"},"庐州美美椰子_910817683819":{"isNewSession":false,"newMsgCount":0,"totalMessages":3,"canonicalChatKey":"庐州美美椰子_910817683819"},"0累球0_994982452499":{"isNewSession":false,"newMsgCount":0,"totalMessages":6,"canonicalChatKey":"0累球0_994982452499"},"码匠铺子_958625474098":{"isNewSession":false,"newMsgCount":0,"totalMessages":19,"canonicalChatKey":"码匠铺子_958625474098"},"x***2_991148214602":{"isNewSession":false,"newMsgCount":0,"totalMessages":8,"canonicalChatKey":"x***2_991148214602"},"在吗_1030658100776":{"isNewSession":false,"newMsgCount":0,"totalMessages":1,"canonicalChatKey":"在吗_1030658100776"},"你的头真大_1030658100776":{"isNewSession":false,"newMsgCount":1,"totalMessages":19,"canonicalChatKey":"在吗_1030658100776"},"你的头真大":{"isNewSession":false,"newMsgCount":0,"totalMessages":0,"canonicalChatKey":"你的头真大","skipped":true,"reason":"empty_session","cleanedUpEmptyShell":false},"阿拉喵主子":{"isNewSession":false,"newMsgCount":0,"totalMessages":0,"canonicalChatKey":"阿拉喵主子","skipped":true,"reason":"empty_session","cleanedUpEmptyShell":false}}}
[sync] data unchanged, skipping
[sync] data unchanged, skipping
[sync] data unchanged, skipping
[sync] data unchanged, skipping
[sync] data unchanged, skipping
[sync] data unchanged, skipping
[sync] data unchanged, skipping
[sync] data unchanged, skipping
[sync] data unchanged, skipping
[sync] data unchanged, skipping
[sync] data unchanged, skipping
[sync] data unchanged, skipping
[sync] data unchanged, skipping
[sync] data unchanged, skipping
[sync] data unchanged, skipping
[sync] data unchanged, skipping
[sync] data unchanged, skipping
[sync] data unchanged, skipping
[sync] data unchanged, skipping
[sync] data unchanged, skipping
[sync] data unchanged, skipping
[sync] data unchanged, skipping
[sync] data unchanged, skipping
[sync] data unchanged, skipping
[sync] data unchanged, skipping
[sync] data unchanged, skipping
[sync] data unchanged, skipping
[sync] data unchanged, skipping
[sync] data unchanged, skipping
[sync] data unchanged, skipping
[sync] data unchanged, skipping
[sync] data unchanged, skipping
[sync] data unchanged, skipping
[sync] data unchanged, skipping
[sync] data unchanged, skipping
[sync] data unchanged, skipping
[sync] data unchanged, skipping
[sync] data unchanged, skipping
[sync] data unchanged, skipping
[sync] data unchanged, skipping
[sync] data unchanged, skipping
[sync] data unchanged, skipping
[sync] data unchanged, skipping
[sync] data unchanged, skipping
[sync] data unchanged, skipping
[sync] data unchanged, skipping
[sync] data unchanged, skipping
[sync] data unchanged, skipping
[sync] xm_chat_history size: 15026 bytes
[sync] ingest result: {"ok":true,"results":{"阿拉喵主子_1015500846697":{"isNewSession":false,"newMsgCount":0,"totalMessages":16,"canonicalChatKey":"阿拉喵主子_1015500846697"},"庐州美美椰子":{"isNewSession":false,"newMsgCount":0,"totalMessages":1,"canonicalChatKey":"庐州美美椰子"},"庐州美美椰子_910817683819":{"isNewSession":false,"newMsgCount":0,"totalMessages":3,"canonicalChatKey":"庐州美美椰子_910817683819"},"0累球0_994982452499":{"isNewSession":false,"newMsgCount":0,"totalMessages":6,"canonicalChatKey":"0累球0_994982452499"},"码匠铺子_958625474098":{"isNewSession":false,"newMsgCount":0,"totalMessages":19,"canonicalChatKey":"码匠铺子_958625474098"},"x***2_991148214602":{"isNewSession":false,"newMsgCount":0,"totalMessages":8,"canonicalChatKey":"x***2_991148214602"},"在吗_1030658100776":{"isNewSession":false,"newMsgCount":0,"totalMessages":1,"canonicalChatKey":"在吗_1030658100776"},"你的头真大_1030658100776":{"isNewSession":false,"newMsgCount":1,"totalMessages":20,"canonicalChatKey":"在吗_1030658100776"},"你的头真大":{"isNewSession":false,"newMsgCount":0,"totalMessages":0,"canonicalChatKey":"你的头真大","skipped":true,"reason":"empty_session","cleanedUpEmptyShell":false},"阿拉喵主子":{"isNewSession":false,"newMsgCount":0,"totalMessages":0,"canonicalChatKey":"阿拉喵主子","skipped":true,"reason":"empty_session","cleanedUpEmptyShell":false}}}
[sync] data unchanged, skipping
[sync] data unchanged, skipping
[sync] xm_chat_history size: 15185 bytes
[sync] ingest result: {"ok":true,"results":{"阿拉喵主子_1015500846697":{"isNewSession":false,"newMsgCount":0,"totalMessages":16,"canonicalChatKey":"阿拉喵主子_1015500846697"},"庐州美美椰子":{"isNewSession":false,"newMsgCount":0,"totalMessages":1,"canonicalChatKey":"庐州美美椰子"},"庐州美美椰子_910817683819":{"isNewSession":false,"newMsgCount":0,"totalMessages":3,"canonicalChatKey":"庐州美美椰子_910817683819"},"0累球0_994982452499":{"isNewSession":false,"newMsgCount":0,"totalMessages":6,"canonicalChatKey":"0累球0_994982452499"},"码匠铺子_958625474098":{"isNewSession":false,"newMsgCount":0,"totalMessages":19,"canonicalChatKey":"码匠铺子_958625474098"},"x***2_991148214602":{"isNewSession":false,"newMsgCount":0,"totalMessages":8,"canonicalChatKey":"x***2_991148214602"},"在吗_1030658100776":{"isNewSession":false,"newMsgCount":0,"totalMessages":1,"canonicalChatKey":"在吗_1030658100776"},"你的头真大_1030658100776":{"isNewSession":false,"newMsgCount":1,"totalMessages":21,"canonicalChatKey":"在吗_1030658100776"},"你的头真大":{"isNewSession":false,"newMsgCount":0,"totalMessages":0,"canonicalChatKey":"你的头真大","skipped":true,"reason":"empty_session","cleanedUpEmptyShell":false},"阿拉喵主子":{"isNewSession":false,"newMsgCount":0,"totalMessages":0,"canonicalChatKey":"阿拉喵主子","skipped":true,"reason":"empty_session","cleanedUpEmptyShell":false}}}
[sync] data unchanged, skipping
[sync] xm_chat_history size: 15283 bytes
[sync] ingest result: {"ok":true,"results":{"阿拉喵主子_1015500846697":{"isNewSession":false,"newMsgCount":0,"totalMessages":16,"canonicalChatKey":"阿拉喵主子_1015500846697"},"庐州美美椰子":{"isNewSession":false,"newMsgCount":0,"totalMessages":1,"canonicalChatKey":"庐州美美椰子"},"庐州美美椰子_910817683819":{"isNewSession":false,"newMsgCount":0,"totalMessages":3,"canonicalChatKey":"庐州美美椰子_910817683819"},"0累球0_994982452499":{"isNewSession":false,"newMsgCount":0,"totalMessages":6,"canonicalChatKey":"0累球0_994982452499"},"码匠铺子_958625474098":{"isNewSession":false,"newMsgCount":0,"totalMessages":19,"canonicalChatKey":"码匠铺子_958625474098"},"x***2_991148214602":{"isNewSession":false,"newMsgCount":0,"totalMessages":8,"canonicalChatKey":"x***2_991148214602"},"在吗_1030658100776":{"isNewSession":false,"newMsgCount":0,"totalMessages":1,"canonicalChatKey":"在吗_1030658100776"},"你的头真大_1030658100776":{"isNewSession":false,"newMsgCount":1,"totalMessages":22,"canonicalChatKey":"在吗_1030658100776"},"你的头真大":{"isNewSession":false,"newMsgCount":0,"totalMessages":0,"canonicalChatKey":"你的头真大","skipped":true,"reason":"empty_session","cleanedUpEmptyShell":false},"阿拉喵主子":{"isNewSession":false,"newMsgCount":0,"totalMessages":0,"canonicalChatKey":"阿拉喵主子","skipped":true,"reason":"empty_session","cleanedUpEmptyShell":false}}}
[sync] data unchanged, skipping
[sync] data unchanged, skipping
[sync] data unchanged, skipping
[sync] data unchanged, skipping
[sync] data unchanged, skipping
[sync] data unchanged, skipping
[sync] data unchanged, skipping
[sync] data unchanged, skipping
[sync] data unchanged, skipping
[sync] data unchanged, skipping
[sync] data unchanged, skipping
[sync] data unchanged, skipping
[sync] data unchanged, skipping
[sync] data unchanged, skipping
[sync] data unchanged, skipping
[sync] data unchanged, skipping
[sync] data unchanged, skipping
[sync] data unchanged, skipping
[sync] data unchanged, skipping
[sync] data unchanged, skipping
[sync] data unchanged, skipping
[sync] data unchanged, skipping
[2026/3/28 20:28:01] [client] browser heartbeat 失败: fetch failed
[sync] data unchanged, skipping
[sync] data unchanged, skipping
[sync] data unchanged, skipping
[sync] data unchanged, skipping
[sync] data unchanged, skipping
[sync] data unchanged, skipping
[sync] data unchanged, skipping
[sync] data unchanged, skipping
[sync] data unchanged, skipping
[sync] data unchanged, skipping
[sync] data unchanged, skipping
[sync] data unchanged, skipping
[sync] data unchanged, skipping
[sync] data unchanged, skipping
[sync] data unchanged, skipping
[sync] data unchanged, skipping
[sync] data unchanged, skipping
[sync] data unchanged, skipping
[sync] data unchanged, skipping
[sync] data unchanged, skipping
[sync] data unchanged, skipping
[sync] data unchanged, skipping
[sync] data unchanged, skipping
[sync] data unchanged, skipping
[sync] xm_chat_history size: 15381 bytes
[sync] ingest result: {"ok":true,"results":{"阿拉喵主子_1015500846697":{"isNewSession":false,"newMsgCount":0,"totalMessages":16,"canonicalChatKey":"阿拉喵主子_1015500846697"},"庐州美美椰子":{"isNewSession":false,"newMsgCount":0,"totalMessages":1,"canonicalChatKey":"庐州美美椰子"},"庐州美美椰子_910817683819":{"isNewSession":false,"newMsgCount":0,"totalMessages":3,"canonicalChatKey":"庐州美美椰子_910817683819"},"0累球0_994982452499":{"isNewSession":false,"newMsgCount":0,"totalMessages":6,"canonicalChatKey":"0累球0_994982452499"},"码匠铺子_958625474098":{"isNewSession":false,"newMsgCount":0,"totalMessages":19,"canonicalChatKey":"码匠铺子_958625474098"},"x***2_991148214602":{"isNewSession":false,"newMsgCount":0,"totalMessages":8,"canonicalChatKey":"x***2_991148214602"},"在吗_1030658100776":{"isNewSession":false,"newMsgCount":0,"totalMessages":1,"canonicalChatKey":"在吗_1030658100776"},"你的头真大_1030658100776":{"isNewSession":false,"newMsgCount":1,"totalMessages":23,"canonicalChatKey":"在吗_1030658100776"},"你的头真大":{"isNewSession":false,"newMsgCount":0,"totalMessages":0,"canonicalChatKey":"你的头真大","skipped":true,"reason":"empty_session","cleanedUpEmptyShell":false},"阿拉喵主子":{"isNewSession":false,"newMsgCount":0,"totalMessages":0,"canonicalChatKey":"阿拉喵主子","skipped":true,"reason":"empty_session","cleanedUpEmptyShell":false}}}
[sync] xm_chat_history size: 15540 bytes
[sync] ingest result: {"ok":true,"results":{"阿拉喵主子_1015500846697":{"isNewSession":false,"newMsgCount":0,"totalMessages":16,"canonicalChatKey":"阿拉喵主子_1015500846697"},"庐州美美椰子":{"isNewSession":false,"newMsgCount":0,"totalMessages":1,"canonicalChatKey":"庐州美美椰子"},"庐州美美椰子_910817683819":{"isNewSession":false,"newMsgCount":0,"totalMessages":3,"canonicalChatKey":"庐州美美椰子_910817683819"},"0累球0_994982452499":{"isNewSession":false,"newMsgCount":0,"totalMessages":6,"canonicalChatKey":"0累球0_994982452499"},"码匠铺子_958625474098":{"isNewSession":false,"newMsgCount":0,"totalMessages":19,"canonicalChatKey":"码匠铺子_958625474098"},"x***2_991148214602":{"isNewSession":false,"newMsgCount":0,"totalMessages":8,"canonicalChatKey":"x***2_991148214602"},"在吗_1030658100776":{"isNewSession":false,"newMsgCount":0,"totalMessages":1,"canonicalChatKey":"在吗_1030658100776"},"你的头真大_1030658100776":{"isNewSession":false,"newMsgCount":1,"totalMessages":24,"canonicalChatKey":"在吗_1030658100776"},"你的头真大":{"isNewSession":false,"newMsgCount":0,"totalMessages":0,"canonicalChatKey":"你的头真大","skipped":true,"reason":"empty_session","cleanedUpEmptyShell":false},"阿拉喵主子":{"isNewSession":false,"newMsgCount":0,"totalMessages":0,"canonicalChatKey":"阿拉喵主子","skipped":true,"reason":"empty_session","cleanedUpEmptyShell":false}}}
[sync] data unchanged, skipping
[sync] data unchanged, skipping
[sync] xm_chat_history size: 15640 bytes
[sync] ingest result: {"ok":true,"results":{"阿拉喵主子_1015500846697":{"isNewSession":false,"newMsgCount":0,"totalMessages":16,"canonicalChatKey":"阿拉喵主子_1015500846697"},"庐州美美椰子":{"isNewSession":false,"newMsgCount":0,"totalMessages":1,"canonicalChatKey":"庐州美美椰子"},"庐州美美椰子_910817683819":{"isNewSession":false,"newMsgCount":0,"totalMessages":3,"canonicalChatKey":"庐州美美椰子_910817683819"},"0累球0_994982452499":{"isNewSession":false,"newMsgCount":0,"totalMessages":6,"canonicalChatKey":"0累球0_994982452499"},"码匠铺子_958625474098":{"isNewSession":false,"newMsgCount":0,"totalMessages":19,"canonicalChatKey":"码匠铺子_958625474098"},"x***2_991148214602":{"isNewSession":false,"newMsgCount":0,"totalMessages":8,"canonicalChatKey":"x***2_991148214602"},"在吗_1030658100776":{"isNewSession":false,"newMsgCount":0,"totalMessages":1,"canonicalChatKey":"在吗_1030658100776"},"你的头真大_1030658100776":{"isNewSession":false,"newMsgCount":1,"totalMessages":25,"canonicalChatKey":"在吗_1030658100776"},"你的头真大":{"isNewSession":false,"newMsgCount":0,"totalMessages":0,"canonicalChatKey":"你的头真大","skipped":true,"reason":"empty_session","cleanedUpEmptyShell":false},"阿拉喵主子":{"isNewSession":false,"newMsgCount":0,"totalMessages":0,"canonicalChatKey":"阿拉喵主子","skipped":true,"reason":"empty_session","cleanedUpEmptyShell":false}}}
[sync] data unchanged, skipping
[sync] data unchanged, skipping
[sync] data unchanged, skipping
[sync] xm_chat_history size: 15799 bytes
[sync] ingest result: {"ok":true,"results":{"阿拉喵主子_1015500846697":{"isNewSession":false,"newMsgCount":0,"totalMessages":16,"canonicalChatKey":"阿拉喵主子_1015500846697"},"庐州美美椰子":{"isNewSession":false,"newMsgCount":0,"totalMessages":1,"canonicalChatKey":"庐州美美椰子"},"庐州美美椰子_910817683819":{"isNewSession":false,"newMsgCount":0,"totalMessages":3,"canonicalChatKey":"庐州美美椰子_910817683819"},"0累球0_994982452499":{"isNewSession":false,"newMsgCount":0,"totalMessages":6,"canonicalChatKey":"0累球0_994982452499"},"码匠铺子_958625474098":{"isNewSession":false,"newMsgCount":0,"totalMessages":19,"canonicalChatKey":"码匠铺子_958625474098"},"x***2_991148214602":{"isNewSession":false,"newMsgCount":0,"totalMessages":8,"canonicalChatKey":"x***2_991148214602"},"在吗_1030658100776":{"isNewSession":false,"newMsgCount":0,"totalMessages":1,"canonicalChatKey":"在吗_1030658100776"},"你的头真大_1030658100776":{"isNewSession":false,"newMsgCount":1,"totalMessages":26,"canonicalChatKey":"在吗_1030658100776"},"你的头真大":{"isNewSession":false,"newMsgCount":0,"totalMessages":0,"canonicalChatKey":"你的头真大","skipped":true,"reason":"empty_session","cleanedUpEmptyShell":false},"阿拉喵主子":{"isNewSession":false,"newMsgCount":0,"totalMessages":0,"canonicalChatKey":"阿拉喵主子","skipped":true,"reason":"empty_session","cleanedUpEmptyShell":false}}}
[sync] data unchanged, skipping
[sync] data unchanged, skipping
[sync] data unchanged, skipping
[sync] xm_chat_history size: 15958 bytes
[sync] ingest result: {"ok":true,"results":{"阿拉喵主子_1015500846697":{"isNewSession":false,"newMsgCount":0,"totalMessages":16,"canonicalChatKey":"阿拉喵主子_1015500846697"},"庐州美美椰子":{"isNewSession":false,"newMsgCount":0,"totalMessages":1,"canonicalChatKey":"庐州美美椰子"},"庐州美美椰子_910817683819":{"isNewSession":false,"newMsgCount":0,"totalMessages":3,"canonicalChatKey":"庐州美美椰子_910817683819"},"0累球0_994982452499":{"isNewSession":false,"newMsgCount":0,"totalMessages":6,"canonicalChatKey":"0累球0_994982452499"},"码匠铺子_958625474098":{"isNewSession":false,"newMsgCount":0,"totalMessages":19,"canonicalChatKey":"码匠铺子_958625474098"},"x***2_991148214602":{"isNewSession":false,"newMsgCount":0,"totalMessages":8,"canonicalChatKey":"x***2_991148214602"},"在吗_1030658100776":{"isNewSession":false,"newMsgCount":0,"totalMessages":1,"canonicalChatKey":"在吗_1030658100776"},"你的头真大_1030658100776":{"isNewSession":false,"newMsgCount":1,"totalMessages":27,"canonicalChatKey":"在吗_1030658100776"},"你的头真大":{"isNewSession":false,"newMsgCount":0,"totalMessages":0,"canonicalChatKey":"你的头真大","skipped":true,"reason":"empty_session","cleanedUpEmptyShell":false},"阿拉喵主子":{"isNewSession":false,"newMsgCount":0,"totalMessages":0,"canonicalChatKey":"阿拉喵主子","skipped":true,"reason":"empty_session","cleanedUpEmptyShell":false}}}
[sync] data unchanged, skipping
[sync] data unchanged, skipping
[sync] data unchanged, skipping
[sync] xm_chat_history size: 16117 bytes
[sync] ingest result: {"ok":true,"results":{"阿拉喵主子_1015500846697":{"isNewSession":false,"newMsgCount":0,"totalMessages":16,"canonicalChatKey":"阿拉喵主子_1015500846697"},"庐州美美椰子":{"isNewSession":false,"newMsgCount":0,"totalMessages":1,"canonicalChatKey":"庐州美美椰子"},"庐州美美椰子_910817683819":{"isNewSession":false,"newMsgCount":0,"totalMessages":3,"canonicalChatKey":"庐州美美椰子_910817683819"},"0累球0_994982452499":{"isNewSession":false,"newMsgCount":0,"totalMessages":6,"canonicalChatKey":"0累球0_994982452499"},"码匠铺子_958625474098":{"isNewSession":false,"newMsgCount":0,"totalMessages":19,"canonicalChatKey":"码匠铺子_958625474098"},"x***2_991148214602":{"isNewSession":false,"newMsgCount":0,"totalMessages":8,"canonicalChatKey":"x***2_991148214602"},"在吗_1030658100776":{"isNewSession":false,"newMsgCount":0,"totalMessages":1,"canonicalChatKey":"在吗_1030658100776"},"你的头真大_1030658100776":{"isNewSession":false,"newMsgCount":1,"totalMessages":28,"canonicalChatKey":"在吗_1030658100776"},"你的头真大":{"isNewSession":false,"newMsgCount":0,"totalMessages":0,"canonicalChatKey":"你的头真大","skipped":true,"reason":"empty_session","cleanedUpEmptyShell":false},"阿拉喵主子":{"isNewSession":false,"newMsgCount":0,"totalMessages":0,"canonicalChatKey":"阿拉喵主子","skipped":true,"reason":"empty_session","cleanedUpEmptyShell":false}}}
[sync] data unchanged, skipping
[sync] data unchanged, skipping
[sync] data unchanged, skipping
[sync] data unchanged, skipping
[sync] data unchanged, skipping
[sync] data unchanged, skipping
[sync] data unchanged, skipping
[sync] data unchanged, skipping
[sync] data unchanged, skipping
[sync] data unchanged, skipping
[sync] data unchanged, skipping
[sync] data unchanged, skipping
[sync] data unchanged, skipping
[sync] data unchanged, skipping
[sync] data unchanged, skipping
[sync] data unchanged, skipping
[sync] data unchanged, skipping
[sync] data unchanged, skipping
[sync] data unchanged, skipping
[sync] data unchanged, skipping
[sync] data unchanged, skipping
[sync] data unchanged, skipping
[sync] data unchanged, skipping
[sync] data unchanged, skipping
[sync] data unchanged, skipping
[sync] data unchanged, skipping
[sync] data unchanged, skipping
[sync] data unchanged, skipping
[sync] data unchanged, skipping
[sync] data unchanged, skipping
[sync] data unchanged, skipping
[sync] data unchanged, skipping
[sync] data unchanged, skipping
[sync] data unchanged, skipping
[sync] data unchanged, skipping
[sync] data unchanged, skipping
[sync] data unchanged, skipping
[sync] data unchanged, skipping
[sync] data unchanged, skipping
[sync] data unchanged, skipping
[sync] data unchanged, skipping
[sync] data unchanged, skipping
[sync] data unchanged, skipping
[sync] data unchanged, skipping
[sync] data unchanged, skipping
[sync] data unchanged, skipping
[sync] data unchanged, skipping
[sync] data unchanged, skipping
[sync] data unchanged, skipping
[sync] data unchanged, skipping
[sync] data unchanged, skipping
[sync] data unchanged, skipping
[sync] data unchanged, skipping
[sync] data unchanged, skipping
[sync] data unchanged, skipping
[sync] data unchanged, skipping
[sync] data unchanged, skipping
[sync] data unchanged, skipping
[sync] data unchanged, skipping
[sync] data unchanged, skipping
[sync] data unchanged, skipping
[sync] data unchanged, skipping
[sync] data unchanged, skipping
[sync] data unchanged, skipping
[sync] data unchanged, skipping
[sync] data unchanged, skipping
[sync] data unchanged, skipping
[sync] data unchanged, skipping
[sync] data unchanged, skipping
[sync] data unchanged, skipping
[sync] data unchanged, skipping
[sync] data unchanged, skipping
[sync] data unchanged, skipping
[sync] data unchanged, skipping
[sync] data unchanged, skipping
[sync] data unchanged, skipping
[sync] data unchanged, skipping
[sync] data unchanged, skipping
[sync] data unchanged, skipping
[sync] data unchanged, skipping
[sync] data unchanged, skipping
[sync] data unchanged, skipping
[sync] data unchanged, skipping
[sync] data unchanged, skipping
[sync] data unchanged, skipping
[sync] data unchanged, skipping
[sync] data unchanged, skipping
[sync] data unchanged, skipping
[sync] data unchanged, skipping
[sync] data unchanged, skipping
[sync] data unchanged, skipping
[sync] data unchanged, skipping
[sync] data unchanged, skipping
[sync] data unchanged, skipping
[sync] data unchanged, skipping
[sync] data unchanged, skipping
[sync] data unchanged, skipping
[sync] data unchanged, skipping
[sync] data unchanged, skipping
[sync] data unchanged, skipping
[sync] data unchanged, skipping
[sync] data unchanged, skipping
[sync] data unchanged, skipping
[sync] data unchanged, skipping
[sync] data unchanged, skipping
[sync] data unchanged, skipping
[sync] data unchanged, skipping
[sync] data unchanged, skipping
[sync] data unchanged, skipping
[sync] data unchanged, skipping
[sync] data unchanged, skipping
[sync] data unchanged, skipping
[sync] data unchanged, skipping
[sync] data unchanged, skipping
[sync] data unchanged, skipping
[sync] data unchanged, skipping
[sync] data unchanged, skipping
[sync] data unchanged, skipping
[sync] data unchanged, skipping
[sync] data unchanged, skipping
[sync] data unchanged, skipping
[sync] data unchanged, skipping
[sync] data unchanged, skipping
[sync] data unchanged, skipping
[sync] data unchanged, skipping
[sync] data unchanged, skipping
[sync] data unchanged, skipping
[sync] data unchanged, skipping
[sync] data unchanged, skipping
[sync] data unchanged, skipping
[sync] data unchanged, skipping
[sync] data unchanged, skipping
[sync] data unchanged, skipping
[sync] data unchanged, skipping
[sync] data unchanged, skipping
[sync] data unchanged, skipping
[sync] data unchanged, skipping
[sync] data unchanged, skipping
[sync] data unchanged, skipping
[sync] data unchanged, skipping
[sync] xm_chat_history size: 16276 bytes
[sync] ingest result: {"ok":true,"results":{"阿拉喵主子_1015500846697":{"isNewSession":false,"newMsgCount":0,"totalMessages":16,"canonicalChatKey":"阿拉喵主子_1015500846697"},"庐州美美椰子":{"isNewSession":false,"newMsgCount":0,"totalMessages":1,"canonicalChatKey":"庐州美美椰子"},"庐州美美椰子_910817683819":{"isNewSession":false,"newMsgCount":0,"totalMessages":3,"canonicalChatKey":"庐州美美椰子_910817683819"},"0累球0_994982452499":{"isNewSession":false,"newMsgCount":0,"totalMessages":6,"canonicalChatKey":"0累球0_994982452499"},"码匠铺子_958625474098":{"isNewSession":false,"newMsgCount":0,"totalMessages":19,"canonicalChatKey":"码匠铺子_958625474098"},"x***2_991148214602":{"isNewSession":false,"newMsgCount":0,"totalMessages":8,"canonicalChatKey":"x***2_991148214602"},"在吗_1030658100776":{"isNewSession":false,"newMsgCount":0,"totalMessages":1,"canonicalChatKey":"在吗_1030658100776"},"你的头真大_1030658100776":{"isNewSession":false,"newMsgCount":1,"totalMessages":29,"canonicalChatKey":"在吗_1030658100776"},"你的头真大":{"isNewSession":false,"newMsgCount":0,"totalMessages":0,"canonicalChatKey":"你的头真大","skipped":true,"reason":"empty_session","cleanedUpEmptyShell":false},"阿拉喵主子":{"isNewSession":false,"newMsgCount":0,"totalMessages":0,"canonicalChatKey":"阿拉喵主子","skipped":true,"reason":"empty_session","cleanedUpEmptyShell":false}}}
[sync] data unchanged, skipping
[sync] data unchanged, skipping
[sync] xm_chat_history size: 16373 bytes
[sync] ingest result: {"ok":true,"results":{"阿拉喵主子_1015500846697":{"isNewSession":false,"newMsgCount":0,"totalMessages":16,"canonicalChatKey":"阿拉喵主子_1015500846697"},"庐州美美椰子":{"isNewSession":false,"newMsgCount":0,"totalMessages":1,"canonicalChatKey":"庐州美美椰子"},"庐州美美椰子_910817683819":{"isNewSession":false,"newMsgCount":0,"totalMessages":3,"canonicalChatKey":"庐州美美椰子_910817683819"},"0累球0_994982452499":{"isNewSession":false,"newMsgCount":0,"totalMessages":6,"canonicalChatKey":"0累球0_994982452499"},"码匠铺子_958625474098":{"isNewSession":false,"newMsgCount":0,"totalMessages":19,"canonicalChatKey":"码匠铺子_958625474098"},"x***2_991148214602":{"isNewSession":false,"newMsgCount":0,"totalMessages":8,"canonicalChatKey":"x***2_991148214602"},"在吗_1030658100776":{"isNewSession":false,"newMsgCount":0,"totalMessages":1,"canonicalChatKey":"在吗_1030658100776"},"你的头真大_1030658100776":{"isNewSession":false,"newMsgCount":1,"totalMessages":30,"canonicalChatKey":"在吗_1030658100776"},"你的头真大":{"isNewSession":false,"newMsgCount":0,"totalMessages":0,"canonicalChatKey":"你的头真大","skipped":true,"reason":"empty_session","cleanedUpEmptyShell":false},"阿拉喵主子":{"isNewSession":false,"newMsgCount":0,"totalMessages":0,"canonicalChatKey":"阿拉喵主子","skipped":true,"reason":"empty_session","cleanedUpEmptyShell":false}}}
[sync] data unchanged, skipping
[sync] data unchanged, skipping
[sync] xm_chat_history size: 16532 bytes
[sync] ingest result: {"ok":true,"results":{"阿拉喵主子_1015500846697":{"isNewSession":false,"newMsgCount":0,"totalMessages":16,"canonicalChatKey":"阿拉喵主子_1015500846697"},"庐州美美椰子":{"isNewSession":false,"newMsgCount":0,"totalMessages":1,"canonicalChatKey":"庐州美美椰子"},"庐州美美椰子_910817683819":{"isNewSession":false,"newMsgCount":0,"totalMessages":3,"canonicalChatKey":"庐州美美椰子_910817683819"},"0累球0_994982452499":{"isNewSession":false,"newMsgCount":0,"totalMessages":6,"canonicalChatKey":"0累球0_994982452499"},"码匠铺子_958625474098":{"isNewSession":false,"newMsgCount":0,"totalMessages":19,"canonicalChatKey":"码匠铺子_958625474098"},"x***2_991148214602":{"isNewSession":false,"newMsgCount":0,"totalMessages":8,"canonicalChatKey":"x***2_991148214602"},"在吗_1030658100776":{"isNewSession":false,"newMsgCount":0,"totalMessages":1,"canonicalChatKey":"在吗_1030658100776"},"你的头真大_1030658100776":{"isNewSession":false,"newMsgCount":1,"totalMessages":31,"canonicalChatKey":"在吗_1030658100776"},"你的头真大":{"isNewSession":false,"newMsgCount":0,"totalMessages":0,"canonicalChatKey":"你的头真大","skipped":true,"reason":"empty_session","cleanedUpEmptyShell":false},"阿拉喵主子":{"isNewSession":false,"newMsgCount":0,"totalMessages":0,"canonicalChatKey":"阿拉喵主子","skipped":true,"reason":"empty_session","cleanedUpEmptyShell":false}}}
[sync] data unchanged, skipping
[sync] data unchanged, skipping
[sync] data unchanged, skipping
[sync] data unchanged, skipping
[sync] data unchanged, skipping
[sync] data unchanged, skipping
[sync] xm_chat_history size: 16634 bytes
[sync] ingest result: {"ok":true,"results":{"阿拉喵主子_1015500846697":{"isNewSession":false,"newMsgCount":0,"totalMessages":16,"canonicalChatKey":"阿拉喵主子_1015500846697"},"庐州美美椰子":{"isNewSession":false,"newMsgCount":0,"totalMessages":1,"canonicalChatKey":"庐州美美椰子"},"庐州美美椰子_910817683819":{"isNewSession":false,"newMsgCount":0,"totalMessages":3,"canonicalChatKey":"庐州美美椰子_910817683819"},"0累球0_994982452499":{"isNewSession":false,"newMsgCount":0,"totalMessages":6,"canonicalChatKey":"0累球0_994982452499"},"码匠铺子_958625474098":{"isNewSession":false,"newMsgCount":0,"totalMessages":19,"canonicalChatKey":"码匠铺子_958625474098"},"x***2_991148214602":{"isNewSession":false,"newMsgCount":0,"totalMessages":8,"canonicalChatKey":"x***2_991148214602"},"在吗_1030658100776":{"isNewSession":false,"newMsgCount":0,"totalMessages":1,"canonicalChatKey":"在吗_1030658100776"},"你的头真大_1030658100776":{"isNewSession":false,"newMsgCount":1,"totalMessages":32,"canonicalChatKey":"在吗_1030658100776"},"你的头真大":{"isNewSession":false,"newMsgCount":0,"totalMessages":0,"canonicalChatKey":"你的头真大","skipped":true,"reason":"empty_session","cleanedUpEmptyShell":false},"阿拉喵主子":{"isNewSession":false,"newMsgCount":0,"totalMessages":0,"canonicalChatKey":"阿拉喵主子","skipped":true,"reason":"empty_session","cleanedUpEmptyShell":false}}}
[sync] data unchanged, skipping
[sync] data unchanged, skipping
[sync] xm_chat_history size: 16793 bytes
[sync] ingest result: {"ok":true,"results":{"阿拉喵主子_1015500846697":{"isNewSession":false,"newMsgCount":0,"totalMessages":16,"canonicalChatKey":"阿拉喵主子_1015500846697"},"庐州美美椰子":{"isNewSession":false,"newMsgCount":0,"totalMessages":1,"canonicalChatKey":"庐州美美椰子"},"庐州美美椰子_910817683819":{"isNewSession":false,"newMsgCount":0,"totalMessages":3,"canonicalChatKey":"庐州美美椰子_910817683819"},"0累球0_994982452499":{"isNewSession":false,"newMsgCount":0,"totalMessages":6,"canonicalChatKey":"0累球0_994982452499"},"码匠铺子_958625474098":{"isNewSession":false,"newMsgCount":0,"totalMessages":19,"canonicalChatKey":"码匠铺子_958625474098"},"x***2_991148214602":{"isNewSession":false,"newMsgCount":0,"totalMessages":8,"canonicalChatKey":"x***2_991148214602"},"在吗_1030658100776":{"isNewSession":false,"newMsgCount":0,"totalMessages":1,"canonicalChatKey":"在吗_1030658100776"},"你的头真大_1030658100776":{"isNewSession":false,"newMsgCount":1,"totalMessages":33,"canonicalChatKey":"在吗_1030658100776"},"你的头真大":{"isNewSession":false,"newMsgCount":0,"totalMessages":0,"canonicalChatKey":"你的头真大","skipped":true,"reason":"empty_session","cleanedUpEmptyShell":false},"阿拉喵主子":{"isNewSession":false,"newMsgCount":0,"totalMessages":0,"canonicalChatKey":"阿拉喵主子","skipped":true,"reason":"empty_session","cleanedUpEmptyShell":false}}}
[sync] xm_chat_history size: 16895 bytes
[sync] ingest result: {"ok":true,"results":{"阿拉喵主子_1015500846697":{"isNewSession":false,"newMsgCount":0,"totalMessages":16,"canonicalChatKey":"阿拉喵主子_1015500846697"},"庐州美美椰子":{"isNewSession":false,"newMsgCount":0,"totalMessages":1,"canonicalChatKey":"庐州美美椰子"},"庐州美美椰子_910817683819":{"isNewSession":false,"newMsgCount":0,"totalMessages":3,"canonicalChatKey":"庐州美美椰子_910817683819"},"0累球0_994982452499":{"isNewSession":false,"newMsgCount":0,"totalMessages":6,"canonicalChatKey":"0累球0_994982452499"},"码匠铺子_958625474098":{"isNewSession":false,"newMsgCount":0,"totalMessages":19,"canonicalChatKey":"码匠铺子_958625474098"},"x***2_991148214602":{"isNewSession":false,"newMsgCount":0,"totalMessages":8,"canonicalChatKey":"x***2_991148214602"},"在吗_1030658100776":{"isNewSession":false,"newMsgCount":0,"totalMessages":1,"canonicalChatKey":"在吗_1030658100776"},"你的头真大_1030658100776":{"isNewSession":false,"newMsgCount":1,"totalMessages":34,"canonicalChatKey":"在吗_1030658100776"},"你的头真大":{"isNewSession":false,"newMsgCount":0,"totalMessages":0,"canonicalChatKey":"你的头真大","skipped":true,"reason":"empty_session","cleanedUpEmptyShell":false},"阿拉喵主子":{"isNewSession":false,"newMsgCount":0,"totalMessages":0,"canonicalChatKey":"阿拉喵主子","skipped":true,"reason":"empty_session","cleanedUpEmptyShell":false}}}
[sync] data unchanged, skipping
[sync] xm_chat_history size: 17054 bytes
[sync] ingest result: {"ok":true,"results":{"阿拉喵主子_1015500846697":{"isNewSession":false,"newMsgCount":0,"totalMessages":16,"canonicalChatKey":"阿拉喵主子_1015500846697"},"庐州美美椰子":{"isNewSession":false,"newMsgCount":0,"totalMessages":1,"canonicalChatKey":"庐州美美椰子"},"庐州美美椰子_910817683819":{"isNewSession":false,"newMsgCount":0,"totalMessages":3,"canonicalChatKey":"庐州美美椰子_910817683819"},"0累球0_994982452499":{"isNewSession":false,"newMsgCount":0,"totalMessages":6,"canonicalChatKey":"0累球0_994982452499"},"码匠铺子_958625474098":{"isNewSession":false,"newMsgCount":0,"totalMessages":19,"canonicalChatKey":"码匠铺子_958625474098"},"x***2_991148214602":{"isNewSession":false,"newMsgCount":0,"totalMessages":8,"canonicalChatKey":"x***2_991148214602"},"在吗_1030658100776":{"isNewSession":false,"newMsgCount":0,"totalMessages":1,"canonicalChatKey":"在吗_1030658100776"},"你的头真大_1030658100776":{"isNewSession":false,"newMsgCount":1,"totalMessages":35,"canonicalChatKey":"在吗_1030658100776"},"你的头真大":{"isNewSession":false,"newMsgCount":0,"totalMessages":0,"canonicalChatKey":"你的头真大","skipped":true,"reason":"empty_session","cleanedUpEmptyShell":false},"阿拉喵主子":{"isNewSession":false,"newMsgCount":0,"totalMessages":0,"canonicalChatKey":"阿拉喵主子","skipped":true,"reason":"empty_session","cleanedUpEmptyShell":false}}}
[sync] data unchanged, skipping
[sync] data unchanged, skipping
[sync] data unchanged, skipping
[sync] data unchanged, skipping
[sync] data unchanged, skipping
[sync] data unchanged, skipping
[sync] data unchanged, skipping
[sync] data unchanged, skipping
[sync] data unchanged, skipping
[sync] data unchanged, skipping
[sync] data unchanged, skipping
[sync] data unchanged, skipping
[sync] data unchanged, skipping
[sync] data unchanged, skipping
[sync] data unchanged, skipping
[sync] data unchanged, skipping
[sync] data unchanged, skipping
[sync] data unchanged, skipping
[sync] data unchanged, skipping
[sync] data unchanged, skipping
[sync] data unchanged, skipping
[sync] data unchanged, skipping
[sync] data unchanged, skipping
[sync] data unchanged, skipping
[sync] data unchanged, skipping
[sync] data unchanged, skipping
[sync] xm_chat_history size: 17157 bytes
[sync] ingest result: {"ok":true,"results":{"阿拉喵主子_1015500846697":{"isNewSession":false,"newMsgCount":0,"totalMessages":16,"canonicalChatKey":"阿拉喵主子_1015500846697"},"庐州美美椰子":{"isNewSession":false,"newMsgCount":0,"totalMessages":1,"canonicalChatKey":"庐州美美椰子"},"庐州美美椰子_910817683819":{"isNewSession":false,"newMsgCount":0,"totalMessages":3,"canonicalChatKey":"庐州美美椰子_910817683819"},"0累球0_994982452499":{"isNewSession":false,"newMsgCount":0,"totalMessages":6,"canonicalChatKey":"0累球0_994982452499"},"码匠铺子_958625474098":{"isNewSession":false,"newMsgCount":0,"totalMessages":19,"canonicalChatKey":"码匠铺子_958625474098"},"x***2_991148214602":{"isNewSession":false,"newMsgCount":0,"totalMessages":8,"canonicalChatKey":"x***2_991148214602"},"在吗_1030658100776":{"isNewSession":false,"newMsgCount":0,"totalMessages":1,"canonicalChatKey":"在吗_1030658100776"},"你的头真大_1030658100776":{"isNewSession":false,"newMsgCount":1,"totalMessages":36,"canonicalChatKey":"在吗_1030658100776"},"你的头真大":{"isNewSession":false,"newMsgCount":0,"totalMessages":0,"canonicalChatKey":"你的头真大","skipped":true,"reason":"empty_session","cleanedUpEmptyShell":false},"阿拉喵主子":{"isNewSession":false,"newMsgCount":0,"totalMessages":0,"canonicalChatKey":"阿拉喵主子","skipped":true,"reason":"empty_session","cleanedUpEmptyShell":false}}}
[sync] data unchanged, skipping
[sync] xm_chat_history size: 17316 bytes
[sync] ingest result: {"ok":true,"results":{"阿拉喵主子_1015500846697":{"isNewSession":false,"newMsgCount":0,"totalMessages":16,"canonicalChatKey":"阿拉喵主子_1015500846697"},"庐州美美椰子":{"isNewSession":false,"newMsgCount":0,"totalMessages":1,"canonicalChatKey":"庐州美美椰子"},"庐州美美椰子_910817683819":{"isNewSession":false,"newMsgCount":0,"totalMessages":3,"canonicalChatKey":"庐州美美椰子_910817683819"},"0累球0_994982452499":{"isNewSession":false,"newMsgCount":0,"totalMessages":6,"canonicalChatKey":"0累球0_994982452499"},"码匠铺子_958625474098":{"isNewSession":false,"newMsgCount":0,"totalMessages":19,"canonicalChatKey":"码匠铺子_958625474098"},"x***2_991148214602":{"isNewSession":false,"newMsgCount":0,"totalMessages":8,"canonicalChatKey":"x***2_991148214602"},"在吗_1030658100776":{"isNewSession":false,"newMsgCount":0,"totalMessages":1,"canonicalChatKey":"在吗_1030658100776"},"你的头真大_1030658100776":{"isNewSession":false,"newMsgCount":1,"totalMessages":37,"canonicalChatKey":"在吗_1030658100776"},"你的头真大":{"isNewSession":false,"newMsgCount":0,"totalMessages":0,"canonicalChatKey":"你的头真大","skipped":true,"reason":"empty_session","cleanedUpEmptyShell":false},"阿拉喵主子":{"isNewSession":false,"newMsgCount":0,"totalMessages":0,"canonicalChatKey":"阿拉喵主子","skipped":true,"reason":"empty_session","cleanedUpEmptyShell":false}}}
[sync] data unchanged, skipping
[sync] data unchanged, skipping
[sync] data unchanged, skipping
[sync] data unchanged, skipping
[sync] data unchanged, skipping
[sync] data unchanged, skipping
[sync] data unchanged, skipping
[sync] data unchanged, skipping
[sync] data unchanged, skipping
[sync] data unchanged, skipping
[sync] data unchanged, skipping
[sync] data unchanged, skipping
[sync] data unchanged, skipping
[sync] data unchanged, skipping
[sync] data unchanged, skipping
[sync] data unchanged, skipping
[sync] data unchanged, skipping
[sync] data unchanged, skipping
[sync] data unchanged, skipping
[sync] data unchanged, skipping
[sync] data unchanged, skipping
[sync] data unchanged, skipping
[sync] data unchanged, skipping
[sync] data unchanged, skipping
[sync] data unchanged, skipping
[sync] data unchanged, skipping
[sync] data unchanged, skipping
[sync] data unchanged, skipping
[sync] data unchanged, skipping
[sync] data unchanged, skipping
[sync] data unchanged, skipping
[sync] data unchanged, skipping
[sync] data unchanged, skipping
[sync] data unchanged, skipping
[sync] data unchanged, skipping
[sync] data unchanged, skipping
[sync] data unchanged, skipping
[sync] data unchanged, skipping
[sync] data unchanged, skipping
[sync] data unchanged, skipping
[sync] data unchanged, skipping
[sync] data unchanged, skipping
[sync] data unchanged, skipping
[sync] data unchanged, skipping
[sync] data unchanged, skipping
[sync] data unchanged, skipping
[sync] data unchanged, skipping
[sync] data unchanged, skipping
[sync] data unchanged, skipping
[sync] data unchanged, skipping
[sync] data unchanged, skipping
[sync] data unchanged, skipping
[sync] data unchanged, skipping
[sync] data unchanged, skipping
[sync] data unchanged, skipping
[sync] data unchanged, skipping
[sync] data unchanged, skipping
2026-03-28 20:52:17.007 Google Chrome[46096:1165785] _TIPropertyValueIsValid called with 11 on nil context!
2026-03-28 20:52:17.007 Google Chrome[46096:1165785] imkxpc_setApplicationProperty:value:reply: called with incorrect property value 11, bailing.
2026-03-28 20:52:17.007 Google Chrome[46096:1165785] _TIPropertyValueIsValid called with 12 on nil context!
2026-03-28 20:52:17.007 Google Chrome[46096:1165785] imkxpc_setApplicationProperty:value:reply: called with incorrect property value 12, bailing.
2026-03-28 20:52:17.181 Google Chrome[46096:1165785] _TIPropertyValueIsValid called with 12 on nil context!
2026-03-28 20:52:17.181 Google Chrome[46096:1165785] imkxpc_setApplicationProperty:value:reply: called with incorrect property value 12, bailing.
[sync] data unchanged, skipping
[sync] data unchanged, skipping
[sync] xm_chat_history size: 22628 bytes
[sync] ingest result: {"ok":true,"results":{"阿拉喵主子_1015500846697":{"isNewSession":false,"newMsgCount":0,"totalMessages":16,"canonicalChatKey":"阿拉喵主子_1015500846697"},"庐州美美椰子":{"isNewSession":false,"newMsgCount":0,"totalMessages":1,"canonicalChatKey":"庐州美美椰子"},"庐州美美椰子_910817683819":{"isNewSession":false,"newMsgCount":0,"totalMessages":3,"canonicalChatKey":"庐州美美椰子_910817683819"},"0累球0_994982452499":{"isNewSession":false,"newMsgCount":0,"totalMessages":6,"canonicalChatKey":"0累球0_994982452499"},"码匠铺子_958625474098":{"isNewSession":false,"newMsgCount":0,"totalMessages":19,"canonicalChatKey":"码匠铺子_958625474098"},"x***2_991148214602":{"isNewSession":false,"newMsgCount":0,"totalMessages":8,"canonicalChatKey":"x***2_991148214602"},"在吗_1030658100776":{"isNewSession":false,"newMsgCount":0,"totalMessages":1,"canonicalChatKey":"在吗_1030658100776"},"你的头真大_1030658100776":{"isNewSession":false,"newMsgCount":0,"totalMessages":37,"canonicalChatKey":"在吗_1030658100776"},"你的头真大":{"isNewSession":false,"newMsgCount":0,"totalMessages":0,"canonicalChatKey":"你的头真大","skipped":true,"reason":"empty_session","cleanedUpEmptyShell":false},"阿拉喵主子":{"isNewSession":false,"newMsgCount":0,"totalMessages":0,"canonicalChatKey":"阿拉喵主子","skipped":true,"reason":"empty_session","cleanedUpEmptyShell":false},"庐州美美椰子_1030658100776":{"isNewSession":false,"newMsgCount":37,"totalMessages":37,"canonicalChatKey":"庐州美美椰子_910817683819"}}}
[sync] xm_chat_history size: 25845 bytes
[sync] ingest result: {"ok":true,"results":{"阿拉喵主子_1015500846697":{"isNewSession":false,"newMsgCount":0,"totalMessages":16,"canonicalChatKey":"阿拉喵主子_1015500846697"},"庐州美美椰子":{"isNewSession":false,"newMsgCount":0,"totalMessages":1,"canonicalChatKey":"庐州美美椰子"},"庐州美美椰子_910817683819":{"isNewSession":false,"newMsgCount":0,"totalMessages":32,"canonicalChatKey":"庐州美美椰子_910817683819"},"0累球0_994982452499":{"isNewSession":false,"newMsgCount":0,"totalMessages":6,"canonicalChatKey":"0累球0_994982452499"},"码匠铺子_958625474098":{"isNewSession":false,"newMsgCount":0,"totalMessages":19,"canonicalChatKey":"码匠铺子_958625474098"},"x***2_991148214602":{"isNewSession":false,"newMsgCount":0,"totalMessages":8,"canonicalChatKey":"x***2_991148214602"},"在吗_1030658100776":{"isNewSession":false,"newMsgCount":0,"totalMessages":1,"canonicalChatKey":"在吗_1030658100776"},"你的头真大_1030658100776":{"isNewSession":false,"newMsgCount":0,"totalMessages":37,"canonicalChatKey":"在吗_1030658100776"},"你的头真大":{"isNewSession":false,"newMsgCount":0,"totalMessages":0,"canonicalChatKey":"你的头真大","skipped":true,"reason":"empty_session","cleanedUpEmptyShell":false},"阿拉喵主子":{"isNewSession":false,"newMsgCount":0,"totalMessages":0,"canonicalChatKey":"阿拉喵主子","skipped":true,"reason":"empty_session","cleanedUpEmptyShell":false},"庐州美美椰子_1030658100776":{"isNewSession":false,"newMsgCount":0,"totalMessages":37,"canonicalChatKey":"庐州美美椰子_910817683819"}}}
[sync] xm_chat_history size: 30306 bytes
[sync] ingest result: {"ok":true,"results":{"阿拉喵主子_1015500846697":{"isNewSession":false,"newMsgCount":0,"totalMessages":16,"canonicalChatKey":"阿拉喵主子_1015500846697"},"庐州美美椰子":{"isNewSession":false,"newMsgCount":0,"totalMessages":1,"canonicalChatKey":"庐州美美椰子"},"庐州美美椰子_910817683819":{"isNewSession":false,"newMsgCount":0,"totalMessages":70,"canonicalChatKey":"庐州美美椰子_910817683819"},"0累球0_994982452499":{"isNewSession":false,"newMsgCount":0,"totalMessages":6,"canonicalChatKey":"0累球0_994982452499"},"码匠铺子_958625474098":{"isNewSession":false,"newMsgCount":0,"totalMessages":19,"canonicalChatKey":"码匠铺子_958625474098"},"x***2_991148214602":{"isNewSession":false,"newMsgCount":0,"totalMessages":8,"canonicalChatKey":"x***2_991148214602"},"在吗_1030658100776":{"isNewSession":false,"newMsgCount":0,"totalMessages":1,"canonicalChatKey":"在吗_1030658100776"},"你的头真大_1030658100776":{"isNewSession":false,"newMsgCount":0,"totalMessages":37,"canonicalChatKey":"在吗_1030658100776"},"你的头真大":{"isNewSession":false,"newMsgCount":0,"totalMessages":0,"canonicalChatKey":"你的头真大","skipped":true,"reason":"empty_session","cleanedUpEmptyShell":false},"阿拉喵主子":{"isNewSession":false,"newMsgCount":0,"totalMessages":0,"canonicalChatKey":"阿拉喵主子","skipped":true,"reason":"empty_session","cleanedUpEmptyShell":false},"庐州美美椰子_1030658100776":{"isNewSession":false,"newMsgCount":0,"totalMessages":37,"canonicalChatKey":"庐州美美椰子_910817683819"}}}
2026-03-28 20:52:47.251 Google Chrome[46096:1165785] _TIPropertyValueIsValid called with 12 on nil context!
2026-03-28 20:52:47.251 Google Chrome[46096:1165785] imkxpc_setApplicationProperty:value:reply: called with incorrect property value 12, bailing.
2026-03-28 20:52:47.563 Google Chrome[46096:1165785] _TIPropertyValueIsValid called with 11 on nil context!
2026-03-28 20:52:47.563 Google Chrome[46096:1165785] imkxpc_setApplicationProperty:value:reply: called with incorrect property value 11, bailing.
2026-03-28 20:52:47.563 Google Chrome[46096:1165785] _TIPropertyValueIsValid called with 12 on nil context!
2026-03-28 20:52:47.563 Google Chrome[46096:1165785] imkxpc_setApplicationProperty:value:reply: called with incorrect property value 12, bailing.
2026-03-28 20:52:47.814 Google Chrome[46096:1165785] _TIPropertyValueIsValid called with 11 on nil context!
2026-03-28 20:52:47.814 Google Chrome[46096:1165785] imkxpc_setApplicationProperty:value:reply: called with incorrect property value 11, bailing.
2026-03-28 20:52:47.814 Google Chrome[46096:1165785] _TIPropertyValueIsValid called with 12 on nil context!
2026-03-28 20:52:47.815 Google Chrome[46096:1165785] imkxpc_setApplicationProperty:value:reply: called with incorrect property value 12, bailing.
[sync] data unchanged, skipping
[sync] data unchanged, skipping
[sync] data unchanged, skipping
[sync] data unchanged, skipping
[sync] data unchanged, skipping
[sync] data unchanged, skipping
[sync] data unchanged, skipping
[sync] data unchanged, skipping
[sync] data unchanged, skipping
[sync] data unchanged, skipping
[sync] xm_chat_history is empty, skipping
[sync] xm_chat_history size: 5967 bytes
[sync] ingest result: {"ok":true,"results":{"庐州美美椰子":{"isNewSession":false,"newMsgCount":0,"totalMessages":1,"canonicalChatKey":"庐州美美椰子"},"你的头真大_1030658100776":{"isNewSession":false,"newMsgCount":0,"totalMessages":37,"canonicalChatKey":"在吗_1030658100776"}}}
[sync] data unchanged, skipping
[sync] xm_chat_history size: 8832 bytes
[sync] ingest result: {"ok":true,"results":{"庐州美美椰子":{"isNewSession":false,"newMsgCount":0,"totalMessages":1,"canonicalChatKey":"庐州美美椰子"},"你的头真大_1030658100776":{"isNewSession":false,"newMsgCount":0,"totalMessages":37,"canonicalChatKey":"在吗_1030658100776"},"阿拉喵主子_1015500846697":{"isNewSession":false,"newMsgCount":0,"totalMessages":16,"canonicalChatKey":"阿拉喵主子_1015500846697"}}}
[sync] data unchanged, skipping
2026-03-28 20:54:08.217 Google Chrome[46096:1165785] _TIPropertyValueIsValid called with 12 on nil context!
2026-03-28 20:54:08.217 Google Chrome[46096:1165785] imkxpc_setApplicationProperty:value:reply: called with incorrect property value 12, bailing.
2026-03-28 20:54:08.255 Google Chrome[46096:1165785] _TIPropertyValueIsValid called with 11 on nil context!
2026-03-28 20:54:08.256 Google Chrome[46096:1165785] imkxpc_setApplicationProperty:value:reply: called with incorrect property value 11, bailing.
2026-03-28 20:54:08.256 Google Chrome[46096:1165785] _TIPropertyValueIsValid called with 12 on nil context!
2026-03-28 20:54:08.256 Google Chrome[46096:1165785] imkxpc_setApplicationProperty:value:reply: called with incorrect property value 12, bailing.
[sync] xm_chat_history size: 17504 bytes
[sync] ingest result: {"ok":true,"results":{"庐州美美椰子":{"isNewSession":false,"newMsgCount":0,"totalMessages":1,"canonicalChatKey":"庐州美美椰子"},"你的头真大_1030658100776":{"isNewSession":false,"newMsgCount":0,"totalMessages":37,"canonicalChatKey":"在吗_1030658100776"},"阿拉喵主子_1015500846697":{"isNewSession":false,"newMsgCount":0,"totalMessages":16,"canonicalChatKey":"阿拉喵主子_1015500846697"},"庐州美美椰子_910817683819":{"isNewSession":false,"newMsgCount":0,"totalMessages":70,"canonicalChatKey":"庐州美美椰子_910817683819"}}}
2026-03-28 20:54:11.661 Google Chrome[46096:1165785] _TIPropertyValueIsValid called with 11 on nil context!
2026-03-28 20:54:11.661 Google Chrome[46096:1165785] imkxpc_setApplicationProperty:value:reply: called with incorrect property value 11, bailing.
2026-03-28 20:54:11.662 Google Chrome[46096:1165785] _TIPropertyValueIsValid called with 12 on nil context!
2026-03-28 20:54:11.662 Google Chrome[46096:1165785] imkxpc_setApplicationProperty:value:reply: called with incorrect property value 12, bailing.
[sync] xm_chat_history size: 18808 bytes
[sync] ingest result: {"ok":true,"results":{"庐州美美椰子":{"isNewSession":false,"newMsgCount":0,"totalMessages":1,"canonicalChatKey":"庐州美美椰子"},"你的头真大_1030658100776":{"isNewSession":false,"newMsgCount":0,"totalMessages":37,"canonicalChatKey":"在吗_1030658100776"},"阿拉喵主子_1015500846697":{"isNewSession":false,"newMsgCount":0,"totalMessages":16,"canonicalChatKey":"阿拉喵主子_1015500846697"},"庐州美美椰子_910817683819":{"isNewSession":false,"newMsgCount":0,"totalMessages":70,"canonicalChatKey":"庐州美美椰子_910817683819"},"0累球0_994982452499":{"isNewSession":false,"newMsgCount":0,"totalMessages":6,"canonicalChatKey":"0累球0_994982452499"}}}
[sync] xm_chat_history size: 23071 bytes
[sync] ingest result: {"ok":true,"results":{"庐州美美椰子":{"isNewSession":false,"newMsgCount":0,"totalMessages":1,"canonicalChatKey":"庐州美美椰子"},"你的头真大_1030658100776":{"isNewSession":false,"newMsgCount":0,"totalMessages":37,"canonicalChatKey":"在吗_1030658100776"},"阿拉喵主子_1015500846697":{"isNewSession":false,"newMsgCount":0,"totalMessages":16,"canonicalChatKey":"阿拉喵主子_1015500846697"},"庐州美美椰子_910817683819":{"isNewSession":false,"newMsgCount":0,"totalMessages":70,"canonicalChatKey":"庐州美美椰子_910817683819"},"0累球0_994982452499":{"isNewSession":false,"newMsgCount":0,"totalMessages":6,"canonicalChatKey":"0累球0_994982452499"},"码匠铺子_958625474098":{"isNewSession":false,"newMsgCount":0,"totalMessages":19,"canonicalChatKey":"码匠铺子_958625474098"},"x***2_991148214602":{"isNewSession":false,"newMsgCount":0,"totalMessages":8,"canonicalChatKey":"x***2_991148214602"}}}
[sync] data unchanged, skipping
[sync] xm_chat_history size: 30990 bytes
[sync] ingest HTTP 500
[sync] xm_chat_history size: 32528 bytes
[sync] ingest HTTP 500
[sync] xm_chat_history size: 39920 bytes
[sync] ingest HTTP 500
[sync] xm_chat_history size: 39920 bytes
[sync] ingest HTTP 500
[sync] xm_chat_history size: 39920 bytes
[sync] ingest HTTP 500
[sync] xm_chat_history size: 39920 bytes
[sync] ingest HTTP 500
[sync] xm_chat_history size: 39920 bytes
[sync] ingest HTTP 500
[sync] xm_chat_history size: 39920 bytes
[sync] ingest HTTP 500
[sync] xm_chat_history size: 39920 bytes
[sync] ingest HTTP 500
[sync] xm_chat_history size: 39920 bytes
[sync] ingest HTTP 500
[sync] xm_chat_history size: 39920 bytes
[sync] ingest HTTP 500
[sync] xm_chat_history size: 39920 bytes
[sync] ingest HTTP 500
[sync] xm_chat_history size: 39920 bytes
[sync] ingest HTTP 500
[sync] xm_chat_history size: 39920 bytes
[sync] ingest HTTP 500
[sync] xm_chat_history size: 39920 bytes
[sync] ingest HTTP 500
[sync] xm_chat_history size: 39920 bytes
[sync] ingest HTTP 500
[sync] xm_chat_history size: 39920 bytes
[sync] ingest HTTP 500
[sync] xm_chat_history size: 39920 bytes
[sync] ingest HTTP 500
[sync] xm_chat_history size: 39920 bytes
[sync] ingest HTTP 500
[sync] xm_chat_history size: 39920 bytes
[sync] ingest HTTP 500
[sync] xm_chat_history size: 39920 bytes
[sync] ingest HTTP 500
[sync] xm_chat_history size: 39920 bytes
[sync] ingest HTTP 500
[sync] xm_chat_history size: 39920 bytes
[sync] ingest HTTP 500
[sync] xm_chat_history size: 39920 bytes
[sync] ingest HTTP 500
[sync] xm_chat_history size: 39920 bytes
[sync] ingest HTTP 500
[sync] xm_chat_history size: 39920 bytes
[sync] ingest HTTP 500
[sync] xm_chat_history size: 39920 bytes
[sync] ingest HTTP 500
[sync] xm_chat_history size: 39920 bytes
[sync] ingest HTTP 500
[sync] xm_chat_history size: 39920 bytes
[sync] ingest HTTP 500
[sync] xm_chat_history size: 39920 bytes
[sync] ingest HTTP 500
[sync] xm_chat_history size: 39920 bytes
[sync] ingest HTTP 500
[sync] xm_chat_history size: 39920 bytes
[sync] ingest HTTP 500
[sync] xm_chat_history size: 39920 bytes
[sync] ingest HTTP 500
[sync] xm_chat_history size: 39920 bytes
[sync] ingest HTTP 500
[sync] xm_chat_history size: 39920 bytes
[sync] ingest HTTP 500
[sync] xm_chat_history size: 39920 bytes
[sync] ingest HTTP 500
[sync] xm_chat_history size: 39920 bytes
[sync] ingest HTTP 500
[sync] xm_chat_history size: 39920 bytes
[sync] ingest HTTP 500
[sync] xm_chat_history size: 39920 bytes
[sync] ingest HTTP 500
[sync] xm_chat_history size: 39920 bytes
[sync] ingest HTTP 500
[sync] xm_chat_history size: 39920 bytes
[sync] ingest HTTP 500
[sync] xm_chat_history size: 39920 bytes
[sync] ingest HTTP 500
[sync] xm_chat_history size: 39920 bytes
[sync] ingest HTTP 500
[sync] xm_chat_history size: 39920 bytes
[sync] ingest HTTP 500
[sync] xm_chat_history size: 39920 bytes
[sync] ingest HTTP 500
[sync] xm_chat_history size: 39920 bytes
[sync] ingest HTTP 500
[sync] xm_chat_history size: 39920 bytes
[sync] ingest HTTP 500
[sync] xm_chat_history size: 39920 bytes
[sync] ingest HTTP 500
[sync] xm_chat_history size: 39920 bytes
[sync] ingest HTTP 500
[sync] xm_chat_history size: 39920 bytes
[sync] ingest HTTP 500
[sync] xm_chat_history size: 39920 bytes
[sync] ingest HTTP 500
[sync] xm_chat_history size: 39920 bytes
[sync] ingest HTTP 500
[sync] xm_chat_history size: 39920 bytes
[sync] ingest HTTP 500
[sync] xm_chat_history size: 39920 bytes
[sync] ingest HTTP 500
[sync] xm_chat_history size: 39920 bytes
[sync] ingest HTTP 500
[sync] xm_chat_history size: 39920 bytes
[sync] ingest HTTP 500
[sync] xm_chat_history size: 39920 bytes
[sync] ingest HTTP 500
[sync] xm_chat_history size: 39920 bytes
[sync] ingest HTTP 500
[sync] xm_chat_history size: 39920 bytes
[sync] ingest HTTP 500
[sync] xm_chat_history size: 39920 bytes
[sync] ingest HTTP 500
[sync] xm_chat_history size: 39920 bytes
[sync] ingest HTTP 500
[sync] xm_chat_history size: 39920 bytes
[sync] ingest HTTP 500
[sync] xm_chat_history size: 39920 bytes
[sync] ingest HTTP 500
[sync] xm_chat_history size: 39920 bytes
[sync] ingest HTTP 500
[sync] xm_chat_history size: 39920 bytes
[sync] ingest HTTP 500
[sync] xm_chat_history size: 39920 bytes
[sync] ingest HTTP 500
[sync] xm_chat_history size: 39920 bytes
[sync] ingest HTTP 500
[sync] xm_chat_history size: 39920 bytes
[sync] ingest HTTP 500
[sync] xm_chat_history size: 39920 bytes
[sync] ingest HTTP 500
[sync] xm_chat_history size: 39920 bytes
[sync] ingest HTTP 500
[sync] xm_chat_history size: 39920 bytes
[sync] ingest HTTP 500
[sync] xm_chat_history size: 39920 bytes
[sync] ingest HTTP 500
[sync] xm_chat_history size: 39920 bytes
[sync] ingest HTTP 500
[sync] xm_chat_history size: 39920 bytes
[sync] ingest HTTP 500
[sync] xm_chat_history size: 39920 bytes
[sync] ingest HTTP 500
[sync] xm_chat_history size: 39920 bytes
[sync] ingest HTTP 500
[sync] xm_chat_history size: 39920 bytes
[sync] ingest HTTP 500
[sync] xm_chat_history size: 39920 bytes
[sync] ingest HTTP 500
[sync] xm_chat_history size: 39920 bytes
[sync] ingest HTTP 500
[sync] xm_chat_history size: 39920 bytes
[sync] ingest HTTP 500
[sync] xm_chat_history size: 39920 bytes
[sync] ingest HTTP 500
[sync] xm_chat_history size: 39920 bytes
[sync] ingest HTTP 500
[sync] xm_chat_history size: 39920 bytes
[sync] ingest HTTP 500
[sync] xm_chat_history size: 39920 bytes
[sync] ingest HTTP 500
[sync] xm_chat_history size: 39920 bytes
[sync] ingest HTTP 500
[sync] xm_chat_history size: 39920 bytes
[sync] ingest HTTP 500
[sync] xm_chat_history size: 39920 bytes
[sync] ingest HTTP 500
[sync] xm_chat_history size: 39920 bytes
[sync] ingest HTTP 500
[sync] xm_chat_history size: 39920 bytes
[sync] ingest HTTP 500
[sync] xm_chat_history size: 39920 bytes
[sync] ingest HTTP 500
[sync] xm_chat_history size: 39920 bytes
[sync] ingest HTTP 500
[sync] xm_chat_history size: 39920 bytes
[sync] ingest HTTP 500
[sync] xm_chat_history size: 39920 bytes
[sync] ingest HTTP 500
[sync] xm_chat_history size: 39920 bytes
[sync] ingest HTTP 500
[sync] xm_chat_history size: 39920 bytes
[sync] ingest HTTP 500
[sync] xm_chat_history size: 39920 bytes
[sync] ingest HTTP 500
[sync] xm_chat_history size: 39920 bytes
[sync] ingest HTTP 500
[sync] xm_chat_history size: 39920 bytes
[sync] ingest HTTP 500
[sync] xm_chat_history size: 39920 bytes
[sync] ingest HTTP 500
[sync] xm_chat_history size: 39920 bytes
[sync] ingest HTTP 500
[sync] xm_chat_history size: 39920 bytes
[sync] ingest HTTP 500
[sync] xm_chat_history size: 39920 bytes
[sync] ingest HTTP 500
[sync] xm_chat_history size: 39920 bytes
[sync] ingest HTTP 500
[sync] xm_chat_history size: 39920 bytes
[sync] ingest HTTP 500
[sync] xm_chat_history size: 39920 bytes
[sync] ingest HTTP 500
[sync] xm_chat_history size: 39920 bytes
[sync] ingest HTTP 500
[sync] xm_chat_history size: 39920 bytes
[sync] ingest HTTP 500
[sync] xm_chat_history size: 39920 bytes
[sync] ingest HTTP 500
[sync] xm_chat_history size: 39920 bytes
[sync] ingest HTTP 500
[sync] xm_chat_history size: 39920 bytes
[sync] ingest HTTP 500
[sync] xm_chat_history size: 39920 bytes
[sync] ingest HTTP 500
[sync] xm_chat_history size: 39920 bytes
[sync] ingest HTTP 500
[sync] xm_chat_history size: 39920 bytes
[sync] ingest HTTP 500
[sync] xm_chat_history size: 39920 bytes
[sync] ingest HTTP 500
[sync] xm_chat_history size: 39920 bytes
[sync] ingest HTTP 500
[sync] xm_chat_history size: 39920 bytes
[sync] ingest HTTP 500
[sync] xm_chat_history size: 39920 bytes
[sync] ingest HTTP 500
[sync] xm_chat_history size: 39920 bytes
[sync] ingest HTTP 500
[sync] xm_chat_history size: 39920 bytes
[sync] ingest HTTP 500
[sync] xm_chat_history size: 39920 bytes
[sync] ingest HTTP 500
[sync] xm_chat_history size: 39920 bytes
[sync] ingest HTTP 500
[sync] xm_chat_history size: 39920 bytes
[sync] ingest HTTP 500
[sync] xm_chat_history size: 39920 bytes
[sync] ingest HTTP 500
[sync] xm_chat_history size: 39920 bytes
[sync] ingest HTTP 500
[sync] xm_chat_history size: 39920 bytes
[sync] ingest HTTP 500
[sync] xm_chat_history size: 39920 bytes
[sync] ingest HTTP 500
[sync] xm_chat_history size: 39920 bytes
[sync] ingest HTTP 500
[sync] xm_chat_history size: 39920 bytes
[sync] ingest HTTP 500
[sync] xm_chat_history size: 39920 bytes
[sync] ingest HTTP 500
[sync] xm_chat_history size: 39920 bytes
[sync] ingest HTTP 500
[sync] xm_chat_history size: 39920 bytes
[sync] ingest HTTP 500
[sync] xm_chat_history size: 39920 bytes
[sync] ingest HTTP 500
[sync] xm_chat_history size: 39920 bytes
[sync] ingest HTTP 500
[sync] xm_chat_history size: 39920 bytes
[sync] ingest HTTP 500
[sync] xm_chat_history size: 39920 bytes
[sync] ingest HTTP 500
[sync] xm_chat_history size: 39920 bytes
[sync] ingest HTTP 500
[sync] xm_chat_history size: 39920 bytes
[sync] ingest HTTP 500
[sync] xm_chat_history size: 39920 bytes
[sync] ingest HTTP 500
[sync] xm_chat_history size: 39920 bytes
[sync] ingest HTTP 500
[sync] xm_chat_history size: 39920 bytes
[sync] ingest HTTP 500
[sync] xm_chat_history size: 39920 bytes
[sync] ingest HTTP 500
[sync] xm_chat_history size: 39920 bytes
[sync] ingest HTTP 500
[sync] xm_chat_history size: 39920 bytes
[sync] ingest HTTP 500
[sync] xm_chat_history size: 39920 bytes
[sync] ingest HTTP 500
[sync] xm_chat_history size: 39920 bytes
[sync] ingest HTTP 500
[sync] xm_chat_history size: 39920 bytes
[sync] ingest HTTP 500
[sync] xm_chat_history size: 39920 bytes
[sync] ingest HTTP 500
[sync] xm_chat_history size: 39920 bytes
[sync] ingest HTTP 500
[sync] xm_chat_history size: 39920 bytes
[sync] ingest HTTP 500
[sync] xm_chat_history size: 39920 bytes
[sync] ingest HTTP 500
[sync] xm_chat_history size: 39920 bytes
[sync] ingest HTTP 500
[sync] xm_chat_history size: 39920 bytes
[sync] ingest HTTP 500
[sync] xm_chat_history size: 39920 bytes
[sync] ingest HTTP 500
[sync] xm_chat_history size: 39920 bytes
[sync] ingest HTTP 500
[sync] xm_chat_history size: 39920 bytes
[sync] ingest HTTP 500
[sync] xm_chat_history size: 39920 bytes
[sync] ingest HTTP 500
[2026/3/28 21:10:52] [client] 收到 SIGTERM，准备停止所有子进程
[2026/3/28 21:10:54] [client] 已向 server 注册 client: 纯粹衣饰 (account: default)
[2026/3/28 21:10:54] [client] 本地 browser bridge 已启动: https://127.0.0.1:3211/ws/browser
[2026/3/28 21:10:54] [client] 已为项目专用 Chrome 注入本地 bridge 证书 SPKI allowlist
[2026/3/28 21:10:56] [client] 启动前清理 Chrome 瞬态数据: GraphiteDawnCache, ShaderCache, GrShaderCache, component_crx_cache, Default/Cache, Default/Code Cache, Default/GPUCache, Default/DawnGraphiteCache, Default/DawnWebGPUCache, Default/blob_storage, Default/Session Storage, Default/Service Worker, Default/Network Persistent State
[2026/3/28 21:10:56] [client] 拉起 Chrome profile "xianyu" (Default)，用户数据目录 /Users/snoopy/Documents/vscode/TamperFish/deploy/local-client-package/.chrome-xianyu-profile，监听 18800
[2026/3/28 21:10:56] [client] 恢复上次会话（保留 session cookie）

DevTools listening on ws://127.0.0.1:18800/devtools/browser/055099ba-f3bf-43db-b2f9-f4621e87e665
[2026/3/28 21:10:57] [client] 补开启动页: https://www.goofish.com/im
[2026/3/28 21:10:58] [client] 补开启动页: https://myseller.taobao.com/home.htm/batch-consign
[2026/3/28 21:10:58] [client] 启动 sync.ts，连接 CDP 18800，同步到 http://127.0.0.1:3210，client: 纯粹衣饰
2026-03-28 21:10:58.833 Google Chrome[10927:1429060] _TIPropertyValueIsValid called with 11 on nil context!
2026-03-28 21:10:58.833 Google Chrome[10927:1429060] imkxpc_setApplicationProperty:value:reply: called with incorrect property value 11, bailing.
2026-03-28 21:10:58.836 Google Chrome[10927:1429060] _TIPropertyValueIsValid called with 12 on nil context!
2026-03-28 21:10:58.837 Google Chrome[10927:1429060] imkxpc_setApplicationProperty:value:reply: called with incorrect property value 12, bailing.
[sync] starting daemon — interval 5000ms
[sync] xm_chat_history size: 39920 bytes
[sync] ingest HTTP 500
Trying to load the allocator multiple times. This is *not* supported.
[sync] xm_chat_history size: 39920 bytes
[sync] ingest HTTP 500
[sync] xm_chat_history size: 39920 bytes
[sync] ingest HTTP 500
[11217:1430294:0328/211115.871933:VERBOSE1:chrome/updater/updater.cc:432] Version: 148.0.7730.0, opt, x86_64, command line: /Users/snoopy/Library/Application Support/Google/GoogleUpdater/148.0.7730.0/GoogleUpdater.app/Contents/MacOS/GoogleUpdater --wake-all --enable-logging --vmodule=*/components/update_client/*=2,*/chrome/enterprise_companion/*=2,*/chrome/updater/*=2
[11217:1430294:0328/211115.872298:VERBOSE1:chrome/updater/updater.cc:435] OS version: 14.1.1, arch: x86_64, System uptime (seconds): 63533, parent pid: 10927
[11217:1430294:0328/211115.876518:VERBOSE2:chrome/updater/event_history.cc:270] Emitted a UPDATER_PROCESS START event to the history log
[11219:1430298:0328/211115.892399:VERBOSE1:chrome/updater/updater.cc:432] Version: 148.0.7730.0, opt, x86_64, command line: /Users/snoopy/Library/Application Support/Google/GoogleUpdater/148.0.7730.0/GoogleUpdater.app/Contents/MacOS/GoogleUpdater --crash-handler --database=/Users/snoopy/Library/Application Support/Google/GoogleUpdater/148.0.7730.0/Crashpad --url=https://clients2.google.com/cr/report --annotation=prod=Update4 --annotation=ver=148.0.7730.0 --handshake-fd=6 --enable-logging --vmodule=*/components/update_client/*=2,*/chrome/enterprise_companion/*=2,*/chrome/updater/*=2
[11219:1430298:0328/211115.892778:VERBOSE1:chrome/updater/updater.cc:435] OS version: 14.1.1, arch: x86_64, System uptime (seconds): 63533, parent pid: 1
[11219:1430298:0328/211115.897026:VERBOSE2:chrome/updater/event_history.cc:270] Emitted a UPDATER_PROCESS START event to the history log
[11217:1430294:0328/211115.898015:VERBOSE1:chrome/updater/crash_reporter.cc:129] Crash handler launched and ready.
[11217:1430294:0328/211115.899593:VERBOSE1:chrome/updater/crash_client.cc:108] Found 0 completed crash reports
[11217:1430294:0328/211115.899731:VERBOSE1:chrome/updater/crash_client.cc:132] Found 0 pending crash reports
[11217:1430294:0328/211115.899895:ERROR:third_party/crashpad/crashpad/util/file/file_io_posix.cc:145] open /Users/snoopy/Library/Application Support/Google/RLZ/Crashpad/settings.dat: No such file or directory (2)
[11217:1430294:0328/211115.899938:ERROR:third_party/crashpad/crashpad/util/file/file_io_posix.cc:145] open /Users/snoopy/Library/Application Support/Google/Measurement/Crashpad/settings.dat: No such file or directory (2)
[11217:1430294:0328/211115.899961:ERROR:third_party/crashpad/crashpad/util/file/file_io_posix.cc:145] open /Users/snoopy/Library/Application Support/Google/FIRApp/Crashpad/settings.dat: No such file or directory (2)
[11217:1430294:0328/211115.900044:VERBOSE1:chrome/updater/updater.cc:106] Crash reporting initialized.
[11217:1430311:0328/211115.900811:VERBOSE1:chrome/updater/app/app_wakeall.cc:56] Launching `/Users/snoopy/Library/Application Support/Google/GoogleUpdater/148.0.7730.0/GoogleUpdater.app/Contents/MacOS/GoogleUpdater --wake`
[11226:1430316:0328/211115.917000:VERBOSE1:chrome/updater/updater.cc:432] Version: 148.0.7730.0, opt, x86_64, command line: /Users/snoopy/Library/Application Support/Google/GoogleUpdater/148.0.7730.0/GoogleUpdater.app/Contents/MacOS/GoogleUpdater --wake --enable-logging --vmodule=*/components/update_client/*=2,*/chrome/enterprise_companion/*=2,*/chrome/updater/*=2
[11226:1430316:0328/211115.917391:VERBOSE1:chrome/updater/updater.cc:435] OS version: 14.1.1, arch: x86_64, System uptime (seconds): 63533, parent pid: 11217
[11226:1430316:0328/211115.921423:VERBOSE2:chrome/updater/event_history.cc:270] Emitted a UPDATER_PROCESS START event to the history log
[11248:1430340:0328/211115.937519:VERBOSE1:chrome/updater/updater.cc:432] Version: 148.0.7730.0, opt, x86_64, command line: /Users/snoopy/Library/Application Support/Google/GoogleUpdater/148.0.7730.0/GoogleUpdater.app/Contents/MacOS/GoogleUpdater --crash-handler --database=/Users/snoopy/Library/Application Support/Google/GoogleUpdater/148.0.7730.0/Crashpad --url=https://clients2.google.com/cr/report --annotation=prod=Update4 --annotation=ver=148.0.7730.0 --handshake-fd=6 --enable-logging --vmodule=*/components/update_client/*=2,*/chrome/enterprise_companion/*=2,*/chrome/updater/*=2
[11248:1430340:0328/211115.937917:VERBOSE1:chrome/updater/updater.cc:435] OS version: 14.1.1, arch: x86_64, System uptime (seconds): 63533, parent pid: 1
[11248:1430340:0328/211115.942018:VERBOSE2:chrome/updater/event_history.cc:270] Emitted a UPDATER_PROCESS START event to the history log
[11226:1430316:0328/211115.942904:VERBOSE1:chrome/updater/crash_reporter.cc:129] Crash handler launched and ready.
[11226:1430316:0328/211115.944906:VERBOSE1:chrome/updater/crash_client.cc:108] Found 0 completed crash reports
[11226:1430316:0328/211115.945122:VERBOSE1:chrome/updater/crash_client.cc:132] Found 0 pending crash reports
[11226:1430316:0328/211115.945314:ERROR:third_party/crashpad/crashpad/util/file/file_io_posix.cc:145] open /Users/snoopy/Library/Application Support/Google/RLZ/Crashpad/settings.dat: No such file or directory (2)
[11226:1430316:0328/211115.945360:ERROR:third_party/crashpad/crashpad/util/file/file_io_posix.cc:145] open /Users/snoopy/Library/Application Support/Google/Measurement/Crashpad/settings.dat: No such file or directory (2)
[11226:1430316:0328/211115.945384:ERROR:third_party/crashpad/crashpad/util/file/file_io_posix.cc:145] open /Users/snoopy/Library/Application Support/Google/FIRApp/Crashpad/settings.dat: No such file or directory (2)
[11226:1430316:0328/211115.945474:VERBOSE1:chrome/updater/updater.cc:106] Crash reporting initialized.
[11226:1430316:0328/211115.946021:VERBOSE1:chrome/updater/ipc/update_service_internal_proxy_mojo.cc:59] Run
[sync] xm_chat_history size: 39920 bytes
[sync] ingest HTTP 500
[sync] xm_chat_history size: 39920 bytes
[sync] ingest HTTP 500
[sync] xm_chat_history size: 39920 bytes
[sync] ingest HTTP 500
[11226:1430316:0328/211131.066620:VERBOSE1:chrome/updater/app/app.cc:53] Shutdown: 0
[11226:1430316:0328/211131.067365:VERBOSE2:chrome/updater/event_history.cc:270] Emitted a UPDATER_PROCESS END event to the history log
[11226:1430316:0328/211131.067398:VERBOSE1:chrome/updater/updater.cc:470] UpdaterMain (--wake) returned 0.
[11217:1430311:0328/211131.311485:VERBOSE1:chrome/updater/app/app_wakeall.cc:66] `/Users/snoopy/Library/Application Support/Google/GoogleUpdater/148.0.7730.0/GoogleUpdater.app/Contents/MacOS/GoogleUpdater --wake` exited 0
[11217:1430294:0328/211131.311858:VERBOSE1:chrome/updater/app/app.cc:53] Shutdown: 0
[11217:1430294:0328/211131.312617:VERBOSE2:chrome/updater/event_history.cc:270] Emitted a UPDATER_PROCESS END event to the history log
[11217:1430294:0328/211131.312650:VERBOSE1:chrome/updater/updater.cc:470] UpdaterMain (--wake-all) returned 0.
[sync] xm_chat_history size: 39920 bytes
[sync] ingest HTTP 500
[sync] xm_chat_history size: 39920 bytes
[sync] ingest HTTP 500
[11248:1430340:0328/211141.078451:VERBOSE2:chrome/updater/event_history.cc:270] Emitted a UPDATER_PROCESS END event to the history log
[11248:1430340:0328/211141.078489:VERBOSE1:chrome/updater/updater.cc:470] UpdaterMain (--crash-handler) returned 0.
[11219:1430298:0328/211141.079580:VERBOSE2:chrome/updater/event_history.cc:270] Emitted a UPDATER_PROCESS END event to the history log
[11219:1430298:0328/211141.079870:VERBOSE1:chrome/updater/updater.cc:470] UpdaterMain (--crash-handler) returned 0.
[sync] xm_chat_history size: 39920 bytes
[sync] ingest HTTP 500
[sync] xm_chat_history size: 39920 bytes
[sync] ingest HTTP 500
[sync] xm_chat_history size: 39920 bytes
[sync] ingest HTTP 500
[sync] xm_chat_history size: 39920 bytes
[sync] ingest HTTP 500
[sync] xm_chat_history size: 39920 bytes
[sync] ingest HTTP 500
[sync] xm_chat_history size: 39920 bytes
[sync] ingest HTTP 500
[sync] xm_chat_history size: 39920 bytes
[sync] ingest HTTP 500
[sync] xm_chat_history size: 39920 bytes
[sync] ingest HTTP 500
[sync] xm_chat_history size: 39920 bytes
[sync] ingest HTTP 500
[sync] xm_chat_history size: 39920 bytes
[sync] ingest HTTP 500
[sync] xm_chat_history size: 39920 bytes
[sync] ingest HTTP 500
[sync] xm_chat_history size: 39920 bytes
[sync] ingest HTTP 500
[sync] xm_chat_history size: 39920 bytes
[sync] ingest HTTP 500
[sync] xm_chat_history size: 39920 bytes
[sync] ingest HTTP 500
[sync] xm_chat_history size: 39920 bytes
[sync] ingest HTTP 500
[sync] xm_chat_history size: 39920 bytes
[sync] ingest HTTP 500
[sync] xm_chat_history size: 39920 bytes
[sync] ingest HTTP 500
[sync] xm_chat_history size: 39920 bytes
[sync] ingest HTTP 500
[sync] xm_chat_history size: 39920 bytes
[sync] ingest HTTP 500
[sync] xm_chat_history size: 39920 bytes
[sync] ingest HTTP 500
[sync] xm_chat_history size: 39920 bytes
[sync] ingest HTTP 500
[sync] xm_chat_history size: 39920 bytes
[sync] ingest HTTP 500
[sync] xm_chat_history size: 39920 bytes
[sync] ingest HTTP 500
[sync] xm_chat_history size: 39920 bytes
[sync] ingest HTTP 500
[sync] xm_chat_history size: 39920 bytes
[sync] ingest HTTP 500
[sync] xm_chat_history size: 39920 bytes
[sync] ingest HTTP 500
[sync] xm_chat_history size: 39920 bytes
[sync] ingest HTTP 500
[sync] xm_chat_history size: 39920 bytes
[sync] ingest HTTP 500
[sync] xm_chat_history size: 39920 bytes
[sync] ingest HTTP 500
[sync] xm_chat_history size: 39920 bytes
[sync] ingest HTTP 500
[sync] xm_chat_history size: 39920 bytes
[sync] ingest HTTP 500
[sync] xm_chat_history size: 39920 bytes
[sync] ingest HTTP 500
[sync] xm_chat_history size: 39920 bytes
[sync] ingest HTTP 500
[sync] xm_chat_history size: 39920 bytes
[sync] ingest HTTP 500
[sync] xm_chat_history size: 39920 bytes
[sync] ingest HTTP 500
[sync] xm_chat_history size: 39920 bytes
[sync] ingest HTTP 500
[sync] xm_chat_history size: 39920 bytes
[sync] ingest HTTP 500
[sync] xm_chat_history size: 39920 bytes
[sync] ingest HTTP 500
[sync] xm_chat_history size: 39920 bytes
[sync] ingest HTTP 500
[sync] xm_chat_history size: 39920 bytes
[sync] ingest HTTP 500
[sync] xm_chat_history size: 39920 bytes
[sync] ingest HTTP 500
[sync] xm_chat_history size: 39920 bytes
[sync] ingest HTTP 500
[sync] xm_chat_history size: 39920 bytes
[sync] ingest HTTP 500
[sync] xm_chat_history size: 39920 bytes
[sync] ingest HTTP 500
[sync] xm_chat_history size: 39920 bytes
[sync] ingest HTTP 500
[sync] xm_chat_history size: 39920 bytes
[sync] ingest HTTP 500
[sync] xm_chat_history size: 39920 bytes
[sync] ingest HTTP 500
[sync] xm_chat_history size: 39920 bytes
[sync] ingest HTTP 500
[sync] xm_chat_history size: 39920 bytes
[sync] ingest HTTP 500
[sync] xm_chat_history size: 39920 bytes
[sync] ingest HTTP 500
[sync] xm_chat_history size: 39920 bytes
[sync] ingest HTTP 500
[sync] xm_chat_history size: 39920 bytes
[sync] ingest HTTP 500
[sync] xm_chat_history size: 39920 bytes
[sync] ingest HTTP 500
[sync] xm_chat_history size: 39920 bytes
[sync] ingest HTTP 500
[sync] xm_chat_history size: 39920 bytes
[sync] ingest HTTP 500
[sync] xm_chat_history size: 39920 bytes
[sync] ingest HTTP 500
[sync] xm_chat_history size: 39920 bytes
[sync] ingest HTTP 500
[sync] xm_chat_history size: 39920 bytes
[sync] ingest HTTP 500
[sync] xm_chat_history size: 39920 bytes
[sync] ingest HTTP 500
[sync] xm_chat_history size: 39920 bytes
[sync] ingest HTTP 500
[sync] xm_chat_history size: 39920 bytes
[sync] ingest HTTP 500
[sync] xm_chat_history size: 39920 bytes
[sync] ingest HTTP 500
[sync] xm_chat_history size: 39920 bytes
[sync] ingest HTTP 500
[sync] xm_chat_history size: 39920 bytes
[sync] ingest HTTP 500
[sync] xm_chat_history size: 39920 bytes
[sync] ingest HTTP 500
[sync] xm_chat_history size: 39920 bytes
[sync] ingest HTTP 500
[sync] xm_chat_history size: 39920 bytes
[sync] ingest HTTP 500
[sync] xm_chat_history size: 39920 bytes
[sync] ingest HTTP 500
[sync] xm_chat_history size: 39920 bytes
[sync] ingest HTTP 500
[sync] xm_chat_history size: 39920 bytes
[sync] ingest HTTP 500
[sync] xm_chat_history size: 39920 bytes
[sync] ingest HTTP 500
[sync] xm_chat_history size: 39920 bytes
[sync] ingest HTTP 500
[sync] xm_chat_history size: 39920 bytes
[sync] ingest HTTP 500
[sync] xm_chat_history size: 39920 bytes
[sync] ingest HTTP 500
[sync] xm_chat_history size: 39920 bytes
[sync] ingest HTTP 500
[sync] xm_chat_history size: 39920 bytes
[sync] ingest HTTP 500
[sync] xm_chat_history size: 39920 bytes
[sync] ingest HTTP 500
[sync] xm_chat_history size: 39920 bytes
[sync] ingest HTTP 500
[sync] xm_chat_history size: 39920 bytes
[sync] ingest HTTP 500
[sync] xm_chat_history size: 39920 bytes
[sync] ingest HTTP 500
[sync] xm_chat_history size: 39920 bytes
[sync] ingest HTTP 500
[sync] xm_chat_history size: 39920 bytes
[sync] ingest HTTP 500
[sync] xm_chat_history size: 39920 bytes
[sync] ingest HTTP 500
[sync] xm_chat_history size: 39920 bytes
[sync] ingest HTTP 500
[sync] xm_chat_history size: 39920 bytes
[sync] ingest HTTP 500
[sync] xm_chat_history size: 39920 bytes
[sync] ingest HTTP 500
[sync] xm_chat_history size: 39920 bytes
[sync] ingest HTTP 500
[sync] xm_chat_history size: 39920 bytes
[sync] ingest HTTP 500
[sync] xm_chat_history size: 39920 bytes
[sync] ingest HTTP 500
[sync] xm_chat_history size: 39920 bytes
[sync] ingest HTTP 500
[sync] xm_chat_history size: 39920 bytes
[sync] ingest HTTP 500
[sync] xm_chat_history size: 39920 bytes
[sync] ingest HTTP 500
[sync] xm_chat_history size: 39920 bytes
[sync] ingest HTTP 500
2026-03-28 21:20:03.911 Google Chrome[10927:1429060] _TIPropertyValueIsValid called with 12 on nil context!
2026-03-28 21:20:03.911 Google Chrome[10927:1429060] imkxpc_setApplicationProperty:value:reply: called with incorrect property value 12, bailing.
[sync] xm_chat_history size: 39920 bytes
[sync] ingest HTTP 500
[sync] xm_chat_history size: 39920 bytes
[sync] ingest HTTP 500
[sync] xm_chat_history size: 39920 bytes
[sync] ingest HTTP 500
[sync] xm_chat_history size: 39920 bytes
[sync] ingest HTTP 500
[sync] xm_chat_history size: 39920 bytes
[sync] ingest HTTP 500
[sync] xm_chat_history size: 39920 bytes
[sync] ingest HTTP 500
[sync] xm_chat_history size: 39920 bytes
[sync] ingest HTTP 500
[sync] xm_chat_history size: 39920 bytes
[sync] ingest HTTP 500
[sync] xm_chat_history size: 39920 bytes
[sync] ingest HTTP 500
[sync] xm_chat_history size: 39920 bytes
[sync] ingest HTTP 500
[sync] xm_chat_history size: 39920 bytes
[sync] ingest HTTP 500
[sync] xm_chat_history size: 39920 bytes
[sync] ingest HTTP 500
[sync] xm_chat_history size: 39920 bytes
[sync] ingest HTTP 500
[sync] xm_chat_history size: 39920 bytes
[sync] ingest HTTP 500
[sync] xm_chat_history size: 39920 bytes
[sync] ingest HTTP 500
[sync] xm_chat_history size: 39920 bytes
[sync] ingest HTTP 500
[sync] xm_chat_history size: 39920 bytes
[sync] ingest HTTP 500
[sync] xm_chat_history size: 39920 bytes
[sync] ingest HTTP 500
[sync] xm_chat_history size: 39920 bytes
[sync] ingest HTTP 500
[sync] xm_chat_history size: 39920 bytes
[sync] ingest HTTP 500
[sync] xm_chat_history size: 39920 bytes
[sync] ingest HTTP 500
[sync] xm_chat_history size: 39920 bytes
[sync] ingest HTTP 500
[sync] xm_chat_history size: 39920 bytes
[sync] ingest HTTP 500
[sync] xm_chat_history size: 39920 bytes
[sync] ingest HTTP 500
[sync] xm_chat_history size: 39920 bytes
[sync] ingest HTTP 500
[sync] xm_chat_history size: 39920 bytes
[sync] ingest HTTP 500
[sync] xm_chat_history size: 39920 bytes
[sync] ingest HTTP 500
[sync] xm_chat_history size: 39920 bytes
[sync] ingest HTTP 500
[sync] xm_chat_history size: 39920 bytes
[sync] ingest HTTP 500
[sync] xm_chat_history size: 39920 bytes
[sync] ingest HTTP 500
[sync] xm_chat_history size: 39920 bytes
[sync] ingest HTTP 500
[sync] xm_chat_history size: 39920 bytes
[sync] ingest HTTP 500
[sync] xm_chat_history size: 39920 bytes
[sync] ingest HTTP 500
[sync] xm_chat_history size: 39920 bytes
[sync] ingest HTTP 500
[sync] xm_chat_history size: 39920 bytes
[sync] ingest HTTP 500
[sync] xm_chat_history size: 39920 bytes
[sync] ingest HTTP 500
[sync] xm_chat_history size: 39920 bytes
[sync] ingest HTTP 500
[sync] xm_chat_history size: 39920 bytes
[sync] ingest HTTP 500
[sync] xm_chat_history size: 39920 bytes
[sync] ingest HTTP 500
[sync] xm_chat_history size: 39920 bytes
[sync] ingest HTTP 500
[sync] xm_chat_history size: 39920 bytes
[sync] ingest HTTP 500
[sync] xm_chat_history size: 39920 bytes
[sync] ingest HTTP 500
[sync] xm_chat_history size: 39920 bytes
[sync] ingest HTTP 500
[sync] xm_chat_history size: 39920 bytes
[sync] ingest HTTP 500
[sync] xm_chat_history size: 39920 bytes
[sync] ingest HTTP 500
[sync] xm_chat_history size: 39920 bytes
[sync] ingest HTTP 500
[sync] xm_chat_history size: 39920 bytes
[sync] ingest HTTP 500
[sync] xm_chat_history size: 39920 bytes
[sync] ingest HTTP 500
[sync] xm_chat_history size: 39920 bytes
[sync] ingest HTTP 500
[sync] xm_chat_history size: 39920 bytes
[sync] ingest HTTP 500
[sync] xm_chat_history size: 39920 bytes
[sync] ingest HTTP 500
[sync] xm_chat_history size: 39920 bytes
[sync] ingest HTTP 500
[sync] xm_chat_history size: 39920 bytes
[sync] ingest HTTP 500
[sync] xm_chat_history size: 39920 bytes
[sync] ingest HTTP 500
[sync] xm_chat_history size: 39920 bytes
[sync] ingest HTTP 500
[sync] xm_chat_history size: 39920 bytes
[sync] ingest HTTP 500
[sync] xm_chat_history size: 39920 bytes
[sync] ingest HTTP 500
[sync] xm_chat_history size: 39920 bytes
[sync] ingest HTTP 500
[sync] xm_chat_history size: 39920 bytes
[sync] ingest HTTP 500
[sync] xm_chat_history size: 39920 bytes
[sync] ingest HTTP 500
[sync] xm_chat_history size: 39920 bytes
[sync] ingest HTTP 500
[sync] xm_chat_history size: 39920 bytes
[sync] ingest HTTP 500
[sync] xm_chat_history size: 39920 bytes
[sync] ingest HTTP 500
[sync] xm_chat_history size: 39920 bytes
[sync] ingest HTTP 500
[sync] xm_chat_history size: 39920 bytes
[sync] ingest HTTP 500
[sync] xm_chat_history size: 39920 bytes
[sync] ingest HTTP 500
[sync] xm_chat_history size: 39920 bytes
[sync] ingest HTTP 500
[sync] xm_chat_history size: 39920 bytes
[sync] ingest HTTP 500
[sync] xm_chat_history size: 39920 bytes
[sync] ingest HTTP 500
[sync] xm_chat_history size: 39920 bytes
[sync] ingest HTTP 500
[sync] xm_chat_history size: 39920 bytes
[sync] ingest HTTP 500
[sync] xm_chat_history size: 39920 bytes
[sync] ingest HTTP 500
[sync] xm_chat_history size: 39920 bytes
[sync] ingest HTTP 500
[sync] xm_chat_history size: 39920 bytes
[sync] ingest HTTP 500
[sync] xm_chat_history size: 39920 bytes
[sync] ingest HTTP 500
[sync] xm_chat_history size: 39920 bytes
[sync] ingest HTTP 500
[sync] xm_chat_history size: 39920 bytes
[sync] ingest HTTP 500
[sync] xm_chat_history size: 39920 bytes
[sync] ingest HTTP 500
[sync] xm_chat_history size: 39920 bytes
[sync] ingest HTTP 500
2026-03-28 22:30:46.522 Google Chrome[10927:1429060] _TIPropertyValueIsValid called with 12 on nil context!
2026-03-28 22:30:46.522 Google Chrome[10927:1429060] imkxpc_setApplicationProperty:value:reply: called with incorrect property value 12, bailing.
[sync] xm_chat_history size: 39920 bytes
[sync] ingest HTTP 500
[sync] xm_chat_history size: 39920 bytes
[sync] ingest HTTP 500
[sync] xm_chat_history size: 39920 bytes
[sync] ingest HTTP 500
[sync] xm_chat_history size: 39920 bytes
[sync] ingest HTTP 500
[sync] xm_chat_history size: 39920 bytes
[sync] ingest HTTP 500
[sync] xm_chat_history size: 39920 bytes
[sync] ingest HTTP 500
[sync] xm_chat_history size: 39920 bytes
[sync] ingest HTTP 500
[sync] xm_chat_history size: 39920 bytes
2026-03-28 22:31:28.595 Google Chrome[10927:1429060] _TIPropertyValueIsValid called with 11 on nil context!
2026-03-28 22:31:28.595 Google Chrome[10927:1429060] imkxpc_setApplicationProperty:value:reply: called with incorrect property value 11, bailing.
2026-03-28 22:31:28.595 Google Chrome[10927:1429060] _TIPropertyValueIsValid called with 12 on nil context!
2026-03-28 22:31:28.595 Google Chrome[10927:1429060] imkxpc_setApplicationProperty:value:reply: called with incorrect property value 12, bailing.
2026-03-28 22:31:28.803 Google Chrome[10927:1429060] _TIPropertyValueIsValid called with 12 on nil context!
2026-03-28 22:31:28.803 Google Chrome[10927:1429060] imkxpc_setApplicationProperty:value:reply: called with incorrect property value 12, bailing.
[sync] ingest HTTP 500
2026-03-28 22:31:32.248 Google Chrome[10927:1429060] _TIPropertyValueIsValid called with 11 on nil context!
2026-03-28 22:31:32.248 Google Chrome[10927:1429060] imkxpc_setApplicationProperty:value:reply: called with incorrect property value 11, bailing.
2026-03-28 22:31:32.248 Google Chrome[10927:1429060] _TIPropertyValueIsValid called with 12 on nil context!
2026-03-28 22:31:32.248 Google Chrome[10927:1429060] imkxpc_setApplicationProperty:value:reply: called with incorrect property value 12, bailing.
[sync] xm_chat_history size: 37948 bytes
[sync] ingest HTTP 500
[sync] xm_chat_history size: 37948 bytes
[sync] ingest HTTP 500
[sync] xm_chat_history size: 37948 bytes
[sync] ingest HTTP 500
[sync] xm_chat_history size: 37948 bytes
[sync] ingest HTTP 500
[sync] xm_chat_history size: 37948 bytes
[sync] ingest HTTP 500
[sync] xm_chat_history size: 37948 bytes
[sync] ingest HTTP 500
[sync] xm_chat_history size: 37948 bytes
[sync] ingest HTTP 500
[sync] xm_chat_history size: 37948 bytes
[sync] ingest HTTP 500
2026-03-28 22:32:13.083 Google Chrome[10927:1429060] _TIPropertyValueIsValid called with 11 on nil context!
2026-03-28 22:32:13.083 Google Chrome[10927:1429060] imkxpc_setApplicationProperty:value:reply: called with incorrect property value 11, bailing.
2026-03-28 22:32:13.083 Google Chrome[10927:1429060] _TIPropertyValueIsValid called with 12 on nil context!
2026-03-28 22:32:13.083 Google Chrome[10927:1429060] imkxpc_setApplicationProperty:value:reply: called with incorrect property value 12, bailing.
2026-03-28 22:32:14.161 Google Chrome[10927:1429060] _TIPropertyValueIsValid called with 11 on nil context!
2026-03-28 22:32:14.161 Google Chrome[10927:1429060] imkxpc_setApplicationProperty:value:reply: called with incorrect property value 11, bailing.
2026-03-28 22:32:14.162 Google Chrome[10927:1429060] _TIPropertyValueIsValid called with 12 on nil context!
2026-03-28 22:32:14.162 Google Chrome[10927:1429060] imkxpc_setApplicationProperty:value:reply: called with incorrect property value 12, bailing.
[sync] xm_chat_history size: 37948 bytes
[sync] ingest HTTP 500
[sync] xm_chat_history size: 37948 bytes
[sync] ingest HTTP 500
[sync] xm_chat_history size: 37948 bytes
[sync] ingest HTTP 500
[sync] xm_chat_history size: 37948 bytes
[sync] ingest HTTP 500
2026-03-28 22:32:39.704 Google Chrome[10927:1429060] _TIPropertyValueIsValid called with 11 on nil context!
2026-03-28 22:32:39.704 Google Chrome[10927:1429060] imkxpc_setApplicationProperty:value:reply: called with incorrect property value 11, bailing.
2026-03-28 22:32:39.705 Google Chrome[10927:1429060] _TIPropertyValueIsValid called with 12 on nil context!
2026-03-28 22:32:39.705 Google Chrome[10927:1429060] imkxpc_setApplicationProperty:value:reply: called with incorrect property value 12, bailing.
[sync] xm_chat_history size: 37948 bytes
[sync] ingest HTTP 500
[sync] xm_chat_history size: 39274 bytes
[sync] ingest HTTP 500
2026-03-28 22:32:46.854 Google Chrome[10927:1429060] _TIPropertyValueIsValid called with 11 on nil context!
2026-03-28 22:32:46.854 Google Chrome[10927:1429060] imkxpc_setApplicationProperty:value:reply: called with incorrect property value 11, bailing.
2026-03-28 22:32:46.855 Google Chrome[10927:1429060] _TIPropertyValueIsValid called with 12 on nil context!
2026-03-28 22:32:46.855 Google Chrome[10927:1429060] imkxpc_setApplicationProperty:value:reply: called with incorrect property value 12, bailing.
[sync] xm_chat_history size: 39274 bytes
[sync] ingest HTTP 500
[sync] xm_chat_history size: 39274 bytes
[sync] ingest HTTP 500
[sync] xm_chat_history size: 39274 bytes
[sync] ingest HTTP 500
[sync] xm_chat_history size: 39274 bytes
[sync] ingest HTTP 500
[sync] xm_chat_history size: 39274 bytes
[sync] ingest HTTP 500
[sync] xm_chat_history size: 39274 bytes
[sync] ingest HTTP 500
[sync] xm_chat_history size: 39274 bytes
[sync] ingest HTTP 500
[sync] xm_chat_history size: 39274 bytes
[sync] ingest HTTP 500
[sync] xm_chat_history size: 39274 bytes
[sync] ingest HTTP 500
[sync] xm_chat_history size: 39274 bytes
[sync] ingest HTTP 500
[sync] xm_chat_history size: 39274 bytes
[sync] ingest HTTP 500
[sync] xm_chat_history size: 39274 bytes
[sync] ingest HTTP 500
2026-03-28 22:33:53.033 Google Chrome[10927:1429060] _TIPropertyValueIsValid called with 11 on nil context!
2026-03-28 22:33:53.033 Google Chrome[10927:1429060] imkxpc_setApplicationProperty:value:reply: called with incorrect property value 11, bailing.
2026-03-28 22:33:53.033 Google Chrome[10927:1429060] _TIPropertyValueIsValid called with 12 on nil context!
2026-03-28 22:33:53.033 Google Chrome[10927:1429060] imkxpc_setApplicationProperty:value:reply: called with incorrect property value 12, bailing.
2026-03-28 22:33:53.241 Google Chrome[10927:1429060] _TIPropertyValueIsValid called with 12 on nil context!
2026-03-28 22:33:53.241 Google Chrome[10927:1429060] imkxpc_setApplicationProperty:value:reply: called with incorrect property value 12, bailing.
[sync] xm_chat_history is empty, skipping
[sync] xm_chat_history size: 3331 bytes
[sync] ingest result: {"ok":true,"results":{"你的头真大_1030658100776":{"isNewSession":true,"newMsgCount":20,"totalMessages":20,"canonicalChatKey":"你的头真大_1030658100776"}}}
2026-03-28 22:34:03.045 Google Chrome[10927:1429060] _TIPropertyValueIsValid called with 11 on nil context!
2026-03-28 22:34:03.045 Google Chrome[10927:1429060] imkxpc_setApplicationProperty:value:reply: called with incorrect property value 11, bailing.
2026-03-28 22:34:03.045 Google Chrome[10927:1429060] _TIPropertyValueIsValid called with 12 on nil context!
2026-03-28 22:34:03.045 Google Chrome[10927:1429060] imkxpc_setApplicationProperty:value:reply: called with incorrect property value 12, bailing.
[sync] xm_chat_history size: 6196 bytes
[sync] ingest result: {"ok":true,"results":{"你的头真大_1030658100776":{"isNewSession":false,"newMsgCount":0,"totalMessages":20,"canonicalChatKey":"你的头真大_1030658100776"},"阿拉喵主子_1015500846697":{"isNewSession":false,"newMsgCount":0,"totalMessages":16,"canonicalChatKey":"阿拉喵主子_1015500846697"}}}
[sync] xm_chat_history size: 6860 bytes
[sync] ingest result: {"ok":true,"results":{"你的头真大_1030658100776":{"isNewSession":false,"newMsgCount":0,"totalMessages":20,"canonicalChatKey":"你的头真大_1030658100776"},"阿拉喵主子_1015500846697":{"isNewSession":false,"newMsgCount":0,"totalMessages":16,"canonicalChatKey":"阿拉喵主子_1015500846697"},"庐州美美椰子":{"isNewSession":false,"newMsgCount":0,"totalMessages":1,"canonicalChatKey":"庐州美美椰子"}}}
[sync] xm_chat_history size: 7854 bytes
[sync] ingest result: {"ok":true,"results":{"你的头真大_1030658100776":{"isNewSession":false,"newMsgCount":0,"totalMessages":20,"canonicalChatKey":"你的头真大_1030658100776"},"阿拉喵主子_1015500846697":{"isNewSession":false,"newMsgCount":0,"totalMessages":16,"canonicalChatKey":"阿拉喵主子_1015500846697"},"庐州美美椰子":{"isNewSession":false,"newMsgCount":0,"totalMessages":1,"canonicalChatKey":"庐州美美椰子"},"庐州美美椰子_910817683819":{"isNewSession":true,"newMsgCount":3,"totalMessages":3,"canonicalChatKey":"庐州美美椰子_910817683819"}}}
2026-03-28 22:34:22.341 Google Chrome[10927:1429060] _TIPropertyValueIsValid called with 11 on nil context!
2026-03-28 22:34:22.341 Google Chrome[10927:1429060] imkxpc_setApplicationProperty:value:reply: called with incorrect property value 11, bailing.
2026-03-28 22:34:22.342 Google Chrome[10927:1429060] _TIPropertyValueIsValid called with 12 on nil context!
2026-03-28 22:34:22.342 Google Chrome[10927:1429060] imkxpc_setApplicationProperty:value:reply: called with incorrect property value 12, bailing.
[sync] xm_chat_history size: 9158 bytes
[sync] ingest result: {"ok":true,"results":{"你的头真大_1030658100776":{"isNewSession":false,"newMsgCount":0,"totalMessages":20,"canonicalChatKey":"你的头真大_1030658100776"},"阿拉喵主子_1015500846697":{"isNewSession":false,"newMsgCount":0,"totalMessages":16,"canonicalChatKey":"阿拉喵主子_1015500846697"},"庐州美美椰子":{"isNewSession":false,"newMsgCount":0,"totalMessages":1,"canonicalChatKey":"庐州美美椰子"},"庐州美美椰子_910817683819":{"isNewSession":false,"newMsgCount":0,"totalMessages":3,"canonicalChatKey":"庐州美美椰子_910817683819"},"0累球0_994982452499":{"isNewSession":false,"newMsgCount":0,"totalMessages":6,"canonicalChatKey":"0累球0_994982452499"}}}
[sync] xm_chat_history size: 11849 bytes
[sync] ingest result: {"ok":true,"results":{"你的头真大_1030658100776":{"isNewSession":false,"newMsgCount":0,"totalMessages":20,"canonicalChatKey":"你的头真大_1030658100776"},"阿拉喵主子_1015500846697":{"isNewSession":false,"newMsgCount":0,"totalMessages":16,"canonicalChatKey":"阿拉喵主子_1015500846697"},"庐州美美椰子":{"isNewSession":false,"newMsgCount":0,"totalMessages":1,"canonicalChatKey":"庐州美美椰子"},"庐州美美椰子_910817683819":{"isNewSession":false,"newMsgCount":0,"totalMessages":3,"canonicalChatKey":"庐州美美椰子_910817683819"},"0累球0_994982452499":{"isNewSession":false,"newMsgCount":0,"totalMessages":6,"canonicalChatKey":"0累球0_994982452499"},"码匠铺子_958625474098":{"isNewSession":false,"newMsgCount":0,"totalMessages":19,"canonicalChatKey":"码匠铺子_958625474098"}}}
[sync] xm_chat_history size: 13421 bytes
[sync] ingest result: {"ok":true,"results":{"你的头真大_1030658100776":{"isNewSession":false,"newMsgCount":0,"totalMessages":20,"canonicalChatKey":"你的头真大_1030658100776"},"阿拉喵主子_1015500846697":{"isNewSession":false,"newMsgCount":0,"totalMessages":16,"canonicalChatKey":"阿拉喵主子_1015500846697"},"庐州美美椰子":{"isNewSession":false,"newMsgCount":0,"totalMessages":1,"canonicalChatKey":"庐州美美椰子"},"庐州美美椰子_910817683819":{"isNewSession":false,"newMsgCount":0,"totalMessages":3,"canonicalChatKey":"庐州美美椰子_910817683819"},"0累球0_994982452499":{"isNewSession":false,"newMsgCount":0,"totalMessages":6,"canonicalChatKey":"0累球0_994982452499"},"码匠铺子_958625474098":{"isNewSession":false,"newMsgCount":0,"totalMessages":19,"canonicalChatKey":"码匠铺子_958625474098"},"x***2_991148214602":{"isNewSession":false,"newMsgCount":0,"totalMessages":8,"canonicalChatKey":"x***2_991148214602"}}}
[sync] xm_chat_history size: 14874 bytes
[sync] ingest result: {"ok":true,"results":{"你的头真大_1030658100776":{"isNewSession":false,"newMsgCount":0,"totalMessages":20,"canonicalChatKey":"你的头真大_1030658100776"},"阿拉喵主子_1015500846697":{"isNewSession":false,"newMsgCount":0,"totalMessages":16,"canonicalChatKey":"阿拉喵主子_1015500846697"},"庐州美美椰子":{"isNewSession":false,"newMsgCount":0,"totalMessages":1,"canonicalChatKey":"庐州美美椰子"},"庐州美美椰子_910817683819":{"isNewSession":false,"newMsgCount":0,"totalMessages":3,"canonicalChatKey":"庐州美美椰子_910817683819"},"0累球0_994982452499":{"isNewSession":false,"newMsgCount":0,"totalMessages":6,"canonicalChatKey":"0累球0_994982452499"},"码匠铺子_958625474098":{"isNewSession":false,"newMsgCount":0,"totalMessages":19,"canonicalChatKey":"码匠铺子_958625474098"},"x***2_991148214602":{"isNewSession":false,"newMsgCount":0,"totalMessages":8,"canonicalChatKey":"x***2_991148214602"},"孔明科技价格透明合同保障_991702418518":{"isNewSession":false,"newMsgCount":0,"totalMessages":7,"canonicalChatKey":"孔明科技价格透明合同保障_991702418518"}}}
[sync] xm_chat_history size: 19333 bytes
[sync] ingest result: {"ok":true,"results":{"你的头真大_1030658100776":{"isNewSession":false,"newMsgCount":0,"totalMessages":20,"canonicalChatKey":"你的头真大_1030658100776"},"阿拉喵主子_1015500846697":{"isNewSession":false,"newMsgCount":0,"totalMessages":16,"canonicalChatKey":"阿拉喵主子_1015500846697"},"庐州美美椰子":{"isNewSession":false,"newMsgCount":0,"totalMessages":1,"canonicalChatKey":"庐州美美椰子"},"庐州美美椰子_910817683819":{"isNewSession":false,"newMsgCount":0,"totalMessages":3,"canonicalChatKey":"庐州美美椰子_910817683819"},"0累球0_994982452499":{"isNewSession":false,"newMsgCount":0,"totalMessages":6,"canonicalChatKey":"0累球0_994982452499"},"码匠铺子_958625474098":{"isNewSession":false,"newMsgCount":0,"totalMessages":19,"canonicalChatKey":"码匠铺子_958625474098"},"x***2_991148214602":{"isNewSession":false,"newMsgCount":0,"totalMessages":8,"canonicalChatKey":"x***2_991148214602"},"孔明科技价格透明合同保障_991702418518":{"isNewSession":false,"newMsgCount":0,"totalMessages":7,"canonicalChatKey":"孔明科技价格透明合同保障_991702418518"},"tbNick_gj6d9_983484928356":{"isNewSession":false,"newMsgCount":0,"totalMessages":20,"canonicalChatKey":"tbNick_gj6d9_983484928356"},"SPSS数据分析师_908079810845":{"isNewSession":false,"newMsgCount":0,"totalMessages":8,"canonicalChatKey":"SPSS数据分析师_908079810845"}}}
2026-03-28 22:34:46.196 Google Chrome[10927:1429060] _TIPropertyValueIsValid called with 11 on nil context!
2026-03-28 22:34:46.196 Google Chrome[10927:1429060] imkxpc_setApplicationProperty:value:reply: called with incorrect property value 11, bailing.
2026-03-28 22:34:46.196 Google Chrome[10927:1429060] _TIPropertyValueIsValid called with 12 on nil context!
2026-03-28 22:34:46.196 Google Chrome[10927:1429060] imkxpc_setApplicationProperty:value:reply: called with incorrect property value 12, bailing.
[sync] xm_chat_history size: 20463 bytes
[sync] ingest HTTP 500
2026-03-28 22:34:54.064 Google Chrome[10927:1429060] _TIPropertyValueIsValid called with 11 on nil context!
2026-03-28 22:34:54.064 Google Chrome[10927:1429060] imkxpc_setApplicationProperty:value:reply: called with incorrect property value 11, bailing.
2026-03-28 22:34:54.065 Google Chrome[10927:1429060] _TIPropertyValueIsValid called with 12 on nil context!
2026-03-28 22:34:54.065 Google Chrome[10927:1429060] imkxpc_setApplicationProperty:value:reply: called with incorrect property value 12, bailing.
[sync] xm_chat_history size: 20463 bytes
[sync] ingest HTTP 500
[sync] xm_chat_history size: 20463 bytes
[sync] ingest HTTP 500
[sync] xm_chat_history size: 20463 bytes
[sync] ingest HTTP 500
[sync] xm_chat_history size: 21463 bytes
[sync] ingest HTTP 500
[sync] xm_chat_history size: 21463 bytes
[sync] ingest HTTP 500
2026-03-28 22:35:20.168 Google Chrome[10927:1429060] _TIPropertyValueIsValid called with 11 on nil context!
2026-03-28 22:35:20.168 Google Chrome[10927:1429060] imkxpc_setApplicationProperty:value:reply: called with incorrect property value 11, bailing.
2026-03-28 22:35:20.169 Google Chrome[10927:1429060] _TIPropertyValueIsValid called with 12 on nil context!
2026-03-28 22:35:20.169 Google Chrome[10927:1429060] imkxpc_setApplicationProperty:value:reply: called with incorrect property value 12, bailing.
[sync] xm_chat_history size: 21463 bytes
[sync] ingest HTTP 500
[sync] xm_chat_history size: 21463 bytes
[sync] ingest HTTP 500
[sync] xm_chat_history size: 21463 bytes
[sync] ingest HTTP 500
[sync] xm_chat_history size: 21463 bytes
[sync] ingest HTTP 500
2026-03-28 22:35:41.070 Google Chrome[10927:1429060] _TIPropertyValueIsValid called with 11 on nil context!
2026-03-28 22:35:41.070 Google Chrome[10927:1429060] imkxpc_setApplicationProperty:value:reply: called with incorrect property value 11, bailing.
2026-03-28 22:35:41.070 Google Chrome[10927:1429060] _TIPropertyValueIsValid called with 12 on nil context!
2026-03-28 22:35:41.070 Google Chrome[10927:1429060] imkxpc_setApplicationProperty:value:reply: called with incorrect property value 12, bailing.
[sync] xm_chat_history size: 22779 bytes
[sync] ingest HTTP 500
[sync] xm_chat_history size: 25964 bytes
[sync] ingest HTTP 500
2026-03-28 22:35:51.639 Google Chrome[10927:1429060] _TIPropertyValueIsValid called with 11 on nil context!
2026-03-28 22:35:51.639 Google Chrome[10927:1429060] imkxpc_setApplicationProperty:value:reply: called with incorrect property value 11, bailing.
2026-03-28 22:35:51.640 Google Chrome[10927:1429060] _TIPropertyValueIsValid called with 12 on nil context!
2026-03-28 22:35:51.640 Google Chrome[10927:1429060] imkxpc_setApplicationProperty:value:reply: called with incorrect property value 12, bailing.
[sync] xm_chat_history size: 28101 bytes
[sync] ingest HTTP 500
[sync] xm_chat_history size: 30457 bytes
2026-03-28 22:36:00.482 Google Chrome[10927:1429060] _TIPropertyValueIsValid called with 11 on nil context!
2026-03-28 22:36:00.482 Google Chrome[10927:1429060] imkxpc_setApplicationProperty:value:reply: called with incorrect property value 11, bailing.
2026-03-28 22:36:00.482 Google Chrome[10927:1429060] _TIPropertyValueIsValid called with 12 on nil context!
2026-03-28 22:36:00.482 Google Chrome[10927:1429060] imkxpc_setApplicationProperty:value:reply: called with incorrect property value 12, bailing.
[sync] ingest HTTP 500
[sync] xm_chat_history size: 30457 bytes
[sync] ingest HTTP 500
2026-03-28 22:36:09.787 Google Chrome[10927:1429060] _TIPropertyValueIsValid called with 11 on nil context!
2026-03-28 22:36:09.787 Google Chrome[10927:1429060] imkxpc_setApplicationProperty:value:reply: called with incorrect property value 11, bailing.
2026-03-28 22:36:09.787 Google Chrome[10927:1429060] _TIPropertyValueIsValid called with 12 on nil context!
2026-03-28 22:36:09.787 Google Chrome[10927:1429060] imkxpc_setApplicationProperty:value:reply: called with incorrect property value 12, bailing.
[sync] xm_chat_history size: 30457 bytes
[sync] ingest HTTP 500
[sync] xm_chat_history size: 30457 bytes
[sync] ingest HTTP 500
[sync] xm_chat_history size: 30457 bytes
[sync] ingest HTTP 500
[sync] xm_chat_history size: 30457 bytes
[sync] ingest HTTP 500
[sync] xm_chat_history size: 30457 bytes
[sync] ingest HTTP 500
[sync] xm_chat_history size: 30457 bytes
[sync] ingest HTTP 500
[sync] xm_chat_history size: 30457 bytes
[sync] ingest HTTP 500
[sync] xm_chat_history size: 30457 bytes
[sync] ingest HTTP 500
[sync] xm_chat_history size: 30457 bytes
[sync] ingest HTTP 500
[sync] xm_chat_history size: 30457 bytes
[sync] ingest HTTP 500
[sync] xm_chat_history size: 30457 bytes
[sync] ingest HTTP 500
[sync] xm_chat_history size: 30457 bytes
[sync] ingest HTTP 500
[sync] xm_chat_history size: 30457 bytes
[sync] ingest HTTP 500
[sync] xm_chat_history size: 30457 bytes
[sync] ingest HTTP 500
[sync] xm_chat_history size: 30457 bytes
[sync] ingest HTTP 500
[sync] xm_chat_history size: 30457 bytes
[sync] ingest HTTP 500
[sync] xm_chat_history size: 30457 bytes
[sync] ingest HTTP 500
[sync] xm_chat_history size: 30457 bytes
[sync] ingest HTTP 500
[sync] xm_chat_history size: 30457 bytes
[sync] ingest HTTP 500
[sync] xm_chat_history size: 30457 bytes
[sync] ingest HTTP 500
[sync] xm_chat_history size: 30457 bytes
[sync] ingest HTTP 500
[sync] xm_chat_history size: 30457 bytes
[sync] ingest HTTP 500
[sync] xm_chat_history size: 30457 bytes
[sync] ingest HTTP 500
[sync] xm_chat_history size: 30457 bytes
[sync] ingest HTTP 500
2026-03-28 22:38:18.688 Google Chrome[10927:1429060] _TIPropertyValueIsValid called with 12 on nil context!
2026-03-28 22:38:18.688 Google Chrome[10927:1429060] imkxpc_setApplicationProperty:value:reply: called with incorrect property value 12, bailing.
2026-03-28 22:38:18.723 Google Chrome[10927:1429060] _TIPropertyValueIsValid called with 11 on nil context!
2026-03-28 22:38:18.723 Google Chrome[10927:1429060] imkxpc_setApplicationProperty:value:reply: called with incorrect property value 11, bailing.
2026-03-28 22:38:18.723 Google Chrome[10927:1429060] _TIPropertyValueIsValid called with 12 on nil context!
2026-03-28 22:38:18.723 Google Chrome[10927:1429060] imkxpc_setApplicationProperty:value:reply: called with incorrect property value 12, bailing.
[sync] xm_chat_history size: 30457 bytes
[sync] ingest HTTP 500
[sync] xm_chat_history size: 30457 bytes
[sync] ingest HTTP 500
2026-03-28 22:38:31.868 Google Chrome[10927:1429060] _TIPropertyValueIsValid called with 11 on nil context!
2026-03-28 22:38:31.868 Google Chrome[10927:1429060] imkxpc_setApplicationProperty:value:reply: called with incorrect property value 11, bailing.
2026-03-28 22:38:31.869 Google Chrome[10927:1429060] _TIPropertyValueIsValid called with 12 on nil context!
2026-03-28 22:38:31.869 Google Chrome[10927:1429060] imkxpc_setApplicationProperty:value:reply: called with incorrect property value 12, bailing.
[sync] xm_chat_history size: 30457 bytes
[sync] ingest HTTP 500
[sync] xm_chat_history size: 30457 bytes
[sync] ingest HTTP 500
[sync] xm_chat_history size: 30457 bytes
[sync] ingest HTTP 500
[sync] xm_chat_history size: 30457 bytes
[sync] ingest HTTP 500
[sync] xm_chat_history size: 30457 bytes
[sync] ingest HTTP 500
[sync] xm_chat_history size: 30457 bytes
[sync] ingest HTTP 500
[sync] xm_chat_history size: 30457 bytes
[sync] ingest HTTP 500
2026-03-28 22:39:06.798 Google Chrome[10927:1429060] _TIPropertyValueIsValid called with 11 on nil context!
2026-03-28 22:39:06.798 Google Chrome[10927:1429060] imkxpc_setApplicationProperty:value:reply: called with incorrect property value 11, bailing.
2026-03-28 22:39:06.798 Google Chrome[10927:1429060] _TIPropertyValueIsValid called with 12 on nil context!
2026-03-28 22:39:06.798 Google Chrome[10927:1429060] imkxpc_setApplicationProperty:value:reply: called with incorrect property value 12, bailing.
2026-03-28 22:39:10.135 Google Chrome[10927:1429060] _TIPropertyValueIsValid called with 11 on nil context!
2026-03-28 22:39:10.135 Google Chrome[10927:1429060] imkxpc_setApplicationProperty:value:reply: called with incorrect property value 11, bailing.
2026-03-28 22:39:10.136 Google Chrome[10927:1429060] _TIPropertyValueIsValid called with 12 on nil context!
2026-03-28 22:39:10.136 Google Chrome[10927:1429060] imkxpc_setApplicationProperty:value:reply: called with incorrect property value 12, bailing.
2026-03-28 22:39:10.909 Google Chrome[10927:1429060] _TIPropertyValueIsValid called with 11 on nil context!
2026-03-28 22:39:10.909 Google Chrome[10927:1429060] imkxpc_setApplicationProperty:value:reply: called with incorrect property value 11, bailing.
2026-03-28 22:39:10.909 Google Chrome[10927:1429060] _TIPropertyValueIsValid called with 12 on nil context!
2026-03-28 22:39:10.909 Google Chrome[10927:1429060] imkxpc_setApplicationProperty:value:reply: called with incorrect property value 12, bailing.
[sync] xm_chat_history size: 2692 bytes
[sync] ingest result: {"ok":true,"results":{"码匠铺子_958625474098":{"isNewSession":false,"newMsgCount":0,"totalMessages":19,"canonicalChatKey":"码匠铺子_958625474098"}}}
2026-03-28 22:39:14.926 Google Chrome[10927:1429060] _TIPropertyValueIsValid called with 11 on nil context!
2026-03-28 22:39:14.926 Google Chrome[10927:1429060] imkxpc_setApplicationProperty:value:reply: called with incorrect property value 11, bailing.
2026-03-28 22:39:14.926 Google Chrome[10927:1429060] _TIPropertyValueIsValid called with 12 on nil context!
2026-03-28 22:39:14.926 Google Chrome[10927:1429060] imkxpc_setApplicationProperty:value:reply: called with incorrect property value 12, bailing.
[sync] xm_chat_history size: 5400 bytes
[sync] ingest result: {"ok":true,"results":{"码匠铺子_958625474098":{"isNewSession":false,"newMsgCount":0,"totalMessages":19,"canonicalChatKey":"码匠铺子_958625474098"},"庐州美美椰子_958625474098":{"isNewSession":false,"newMsgCount":19,"totalMessages":19,"canonicalChatKey":"庐州美美椰子_910817683819"}}}
[sync] xm_chat_history size: 8095 bytes
[sync] ingest result: {"ok":true,"results":{"码匠铺子_958625474098":{"isNewSession":false,"newMsgCount":0,"totalMessages":19,"canonicalChatKey":"码匠铺子_958625474098"},"庐州美美椰子_958625474098":{"isNewSession":false,"newMsgCount":0,"totalMessages":19,"canonicalChatKey":"庐州美美椰子_910817683819"},"阿拉喵主子_958625474098":{"isNewSession":false,"newMsgCount":19,"totalMessages":19,"canonicalChatKey":"阿拉喵主子_1015500846697"}}}
[sync] data unchanged, skipping
[sync] data unchanged, skipping
[sync] xm_chat_history size: 8759 bytes
[sync] ingest result: {"ok":true,"results":{"码匠铺子_958625474098":{"isNewSession":false,"newMsgCount":0,"totalMessages":19,"canonicalChatKey":"码匠铺子_958625474098"},"庐州美美椰子_958625474098":{"isNewSession":false,"newMsgCount":0,"totalMessages":19,"canonicalChatKey":"庐州美美椰子_910817683819"},"阿拉喵主子_958625474098":{"isNewSession":false,"newMsgCount":0,"totalMessages":19,"canonicalChatKey":"阿拉喵主子_1015500846697"},"庐州美美椰子":{"isNewSession":false,"newMsgCount":0,"totalMessages":1,"canonicalChatKey":"庐州美美椰子"}}}
[sync] xm_chat_history size: 8859 bytes
[sync] ingest result: {"ok":true,"results":{"码匠铺子_958625474098":{"isNewSession":false,"newMsgCount":0,"totalMessages":19,"canonicalChatKey":"码匠铺子_958625474098"},"庐州美美椰子_958625474098":{"isNewSession":false,"newMsgCount":0,"totalMessages":19,"canonicalChatKey":"庐州美美椰子_910817683819"},"阿拉喵主子_958625474098":{"isNewSession":false,"newMsgCount":0,"totalMessages":19,"canonicalChatKey":"阿拉喵主子_1015500846697"},"庐州美美椰子":{"isNewSession":false,"newMsgCount":2,"totalMessages":2,"canonicalChatKey":"庐州美美椰子"}}}
[sync] xm_chat_history size: 17531 bytes
[sync] ingest result: {"ok":true,"results":{"码匠铺子_958625474098":{"isNewSession":false,"newMsgCount":0,"totalMessages":19,"canonicalChatKey":"码匠铺子_958625474098"},"庐州美美椰子_958625474098":{"isNewSession":false,"newMsgCount":0,"totalMessages":19,"canonicalChatKey":"庐州美美椰子_910817683819"},"阿拉喵主子_958625474098":{"isNewSession":false,"newMsgCount":0,"totalMessages":19,"canonicalChatKey":"阿拉喵主子_1015500846697"},"庐州美美椰子":{"isNewSession":false,"newMsgCount":0,"totalMessages":2,"canonicalChatKey":"庐州美美椰子"},"庐州美美椰子_910817683819":{"isNewSession":false,"newMsgCount":70,"totalMessages":70,"canonicalChatKey":"庐州美美椰子_910817683819"}}}
[sync] xm_chat_history size: 17503 bytes
[sync] ingest result: {"ok":true,"results":{"码匠铺子_958625474098":{"isNewSession":false,"newMsgCount":0,"totalMessages":19,"canonicalChatKey":"码匠铺子_958625474098"},"庐州美美椰子_958625474098":{"isNewSession":false,"newMsgCount":0,"totalMessages":19,"canonicalChatKey":"庐州美美椰子_910817683819"},"阿拉喵主子_958625474098":{"isNewSession":false,"newMsgCount":0,"totalMessages":19,"canonicalChatKey":"阿拉喵主子_1015500846697"},"庐州美美椰子":{"isNewSession":false,"newMsgCount":0,"totalMessages":2,"canonicalChatKey":"庐州美美椰子"},"庐州美美椰子_910817683819":{"isNewSession":false,"newMsgCount":70,"totalMessages":70,"canonicalChatKey":"庐州美美椰子"}}}
[sync] xm_chat_history size: 22805 bytes
[sync] ingest result: {"ok":true,"results":{"码匠铺子_958625474098":{"isNewSession":false,"newMsgCount":0,"totalMessages":19,"canonicalChatKey":"码匠铺子_958625474098"},"庐州美美椰子_958625474098":{"isNewSession":true,"newMsgCount":19,"totalMessages":19,"canonicalChatKey":"庐州美美椰子_958625474098"},"阿拉喵主子_958625474098":{"isNewSession":false,"newMsgCount":0,"totalMessages":19,"canonicalChatKey":"阿拉喵主子_1015500846697"},"庐州美美椰子":{"isNewSession":false,"newMsgCount":0,"totalMessages":2,"canonicalChatKey":"庐州美美椰子"},"庐州美美椰子_910817683819":{"isNewSession":false,"newMsgCount":0,"totalMessages":70,"canonicalChatKey":"庐州美美椰子"},"你的头真大_1030658100776":{"isNewSession":false,"newMsgCount":37,"totalMessages":37,"canonicalChatKey":"你的头真大_1030658100776"}}}
[sync] data unchanged, skipping
[sync] data unchanged, skipping
[sync] data unchanged, skipping
[sync] data unchanged, skipping
[sync] data unchanged, skipping
2026-03-28 22:40:23.900 Google Chrome[10927:1429060] _TIPropertyValueIsValid called with 12 on nil context!
2026-03-28 22:40:23.900 Google Chrome[10927:1429060] imkxpc_setApplicationProperty:value:reply: called with incorrect property value 12, bailing.
2026-03-28 22:40:23.937 Google Chrome[10927:1429060] _TIPropertyValueIsValid called with 11 on nil context!
2026-03-28 22:40:23.937 Google Chrome[10927:1429060] imkxpc_setApplicationProperty:value:reply: called with incorrect property value 11, bailing.
2026-03-28 22:40:23.937 Google Chrome[10927:1429060] _TIPropertyValueIsValid called with 12 on nil context!
2026-03-28 22:40:23.937 Google Chrome[10927:1429060] imkxpc_setApplicationProperty:value:reply: called with incorrect property value 12, bailing.
2026-03-28 22:40:26.365 Google Chrome[10927:1429060] _TIPropertyValueIsValid called with 11 on nil context!
2026-03-28 22:40:26.365 Google Chrome[10927:1429060] imkxpc_setApplicationProperty:value:reply: called with incorrect property value 11, bailing.
2026-03-28 22:40:26.366 Google Chrome[10927:1429060] _TIPropertyValueIsValid called with 12 on nil context!
2026-03-28 22:40:26.366 Google Chrome[10927:1429060] imkxpc_setApplicationProperty:value:reply: called with incorrect property value 12, bailing.
[sync] xm_chat_history size: 5303 bytes
[sync] ingest result: {"ok":true,"results":{"你的头真大_1030658100776":{"isNewSession":false,"newMsgCount":0,"totalMessages":37,"canonicalChatKey":"你的头真大_1030658100776"}}}
[sync] data unchanged, skipping
2026-03-28 22:40:36.705 Google Chrome[10927:1429060] _TIPropertyValueIsValid called with 11 on nil context!
2026-03-28 22:40:36.705 Google Chrome[10927:1429060] imkxpc_setApplicationProperty:value:reply: called with incorrect property value 11, bailing.
2026-03-28 22:40:36.705 Google Chrome[10927:1429060] _TIPropertyValueIsValid called with 12 on nil context!
2026-03-28 22:40:36.705 Google Chrome[10927:1429060] imkxpc_setApplicationProperty:value:reply: called with incorrect property value 12, bailing.
[sync] data unchanged, skipping
[sync] data unchanged, skipping
2026-03-28 22:40:45.068 Google Chrome[10927:1429060] _TIPropertyValueIsValid called with 11 on nil context!
2026-03-28 22:40:45.069 Google Chrome[10927:1429060] imkxpc_setApplicationProperty:value:reply: called with incorrect property value 11, bailing.
2026-03-28 22:40:45.069 Google Chrome[10927:1429060] _TIPropertyValueIsValid called with 12 on nil context!
2026-03-28 22:40:45.069 Google Chrome[10927:1429060] imkxpc_setApplicationProperty:value:reply: called with incorrect property value 12, bailing.
[sync] data unchanged, skipping
[sync] xm_chat_history size: 8168 bytes
[sync] ingest result: {"ok":true,"results":{"你的头真大_1030658100776":{"isNewSession":false,"newMsgCount":0,"totalMessages":37,"canonicalChatKey":"你的头真大_1030658100776"},"阿拉喵主子_1015500846697":{"isNewSession":false,"newMsgCount":0,"totalMessages":16,"canonicalChatKey":"阿拉喵主子_1015500846697"}}}
2026-03-28 22:40:57.561 Google Chrome[10927:1429060] _TIPropertyValueIsValid called with 11 on nil context!
2026-03-28 22:40:57.561 Google Chrome[10927:1429060] imkxpc_setApplicationProperty:value:reply: called with incorrect property value 11, bailing.
2026-03-28 22:40:57.562 Google Chrome[10927:1429060] _TIPropertyValueIsValid called with 12 on nil context!
2026-03-28 22:40:57.562 Google Chrome[10927:1429060] imkxpc_setApplicationProperty:value:reply: called with incorrect property value 12, bailing.
[sync] xm_chat_history size: 8932 bytes
[sync] ingest result: {"ok":true,"results":{"你的头真大_1030658100776":{"isNewSession":false,"newMsgCount":0,"totalMessages":37,"canonicalChatKey":"你的头真大_1030658100776"},"阿拉喵主子_1015500846697":{"isNewSession":false,"newMsgCount":0,"totalMessages":16,"canonicalChatKey":"阿拉喵主子_1015500846697"},"庐州美美椰子":{"isNewSession":false,"newMsgCount":0,"totalMessages":2,"canonicalChatKey":"庐州美美椰子"}}}
[sync] xm_chat_history size: 17604 bytes
[sync] ingest result: {"ok":true,"results":{"你的头真大_1030658100776":{"isNewSession":false,"newMsgCount":0,"totalMessages":37,"canonicalChatKey":"你的头真大_1030658100776"},"阿拉喵主子_1015500846697":{"isNewSession":false,"newMsgCount":0,"totalMessages":16,"canonicalChatKey":"阿拉喵主子_1015500846697"},"庐州美美椰子":{"isNewSession":false,"newMsgCount":0,"totalMessages":2,"canonicalChatKey":"庐州美美椰子"},"庐州美美椰子_910817683819":{"isNewSession":false,"newMsgCount":70,"totalMessages":70,"canonicalChatKey":"庐州美美椰子_958625474098"}}}
2026-03-28 22:41:04.389 Google Chrome[10927:1429060] _TIPropertyValueIsValid called with 11 on nil context!
2026-03-28 22:41:04.389 Google Chrome[10927:1429060] imkxpc_setApplicationProperty:value:reply: called with incorrect property value 11, bailing.
2026-03-28 22:41:04.391 Google Chrome[10927:1429060] _TIPropertyValueIsValid called with 12 on nil context!
2026-03-28 22:41:04.391 Google Chrome[10927:1429060] imkxpc_setApplicationProperty:value:reply: called with incorrect property value 12, bailing.
[sync] xm_chat_history size: 18908 bytes
[sync] ingest result: {"ok":true,"results":{"你的头真大_1030658100776":{"isNewSession":false,"newMsgCount":0,"totalMessages":37,"canonicalChatKey":"你的头真大_1030658100776"},"阿拉喵主子_1015500846697":{"isNewSession":false,"newMsgCount":0,"totalMessages":16,"canonicalChatKey":"阿拉喵主子_1015500846697"},"庐州美美椰子":{"isNewSession":false,"newMsgCount":0,"totalMessages":2,"canonicalChatKey":"庐州美美椰子"},"庐州美美椰子_910817683819":{"isNewSession":false,"newMsgCount":0,"totalMessages":70,"canonicalChatKey":"庐州美美椰子_958625474098"},"0累球0_994982452499":{"isNewSession":false,"newMsgCount":0,"totalMessages":6,"canonicalChatKey":"0累球0_994982452499"}}}
[sync] xm_chat_history size: 21599 bytes
[sync] ingest result: {"ok":true,"results":{"你的头真大_1030658100776":{"isNewSession":false,"newMsgCount":0,"totalMessages":37,"canonicalChatKey":"你的头真大_1030658100776"},"阿拉喵主子_1015500846697":{"isNewSession":false,"newMsgCount":0,"totalMessages":16,"canonicalChatKey":"阿拉喵主子_1015500846697"},"庐州美美椰子":{"isNewSession":false,"newMsgCount":0,"totalMessages":2,"canonicalChatKey":"庐州美美椰子"},"庐州美美椰子_910817683819":{"isNewSession":false,"newMsgCount":0,"totalMessages":70,"canonicalChatKey":"庐州美美椰子_958625474098"},"0累球0_994982452499":{"isNewSession":false,"newMsgCount":0,"totalMessages":6,"canonicalChatKey":"0累球0_994982452499"},"码匠铺子_958625474098":{"isNewSession":false,"newMsgCount":0,"totalMessages":19,"canonicalChatKey":"码匠铺子_958625474098"}}}
2026-03-28 22:41:16.919 Google Chrome[10927:1429060] _TIPropertyValueIsValid called with 12 on nil context!
2026-03-28 22:41:16.919 Google Chrome[10927:1429060] imkxpc_setApplicationProperty:value:reply: called with incorrect property value 12, bailing.
[sync] xm_chat_history size: 24624 bytes
[sync] ingest result: {"ok":true,"results":{"你的头真大_1030658100776":{"isNewSession":false,"newMsgCount":0,"totalMessages":37,"canonicalChatKey":"你的头真大_1030658100776"},"阿拉喵主子_1015500846697":{"isNewSession":false,"newMsgCount":0,"totalMessages":16,"canonicalChatKey":"阿拉喵主子_1015500846697"},"庐州美美椰子":{"isNewSession":false,"newMsgCount":0,"totalMessages":2,"canonicalChatKey":"庐州美美椰子"},"庐州美美椰子_910817683819":{"isNewSession":false,"newMsgCount":0,"totalMessages":70,"canonicalChatKey":"庐州美美椰子_958625474098"},"0累球0_994982452499":{"isNewSession":false,"newMsgCount":0,"totalMessages":6,"canonicalChatKey":"0累球0_994982452499"},"码匠铺子_958625474098":{"isNewSession":false,"newMsgCount":0,"totalMessages":19,"canonicalChatKey":"码匠铺子_958625474098"},"x***2_991148214602":{"isNewSession":false,"newMsgCount":0,"totalMessages":8,"canonicalChatKey":"x***2_991148214602"},"孔明科技价格透明合同保障_991702418518":{"isNewSession":false,"newMsgCount":0,"totalMessages":7,"canonicalChatKey":"孔明科技价格透明合同保障_991702418518"}}}
[sync] xm_chat_history size: 29083 bytes
[sync] ingest result: {"ok":true,"results":{"你的头真大_1030658100776":{"isNewSession":false,"newMsgCount":0,"totalMessages":37,"canonicalChatKey":"你的头真大_1030658100776"},"阿拉喵主子_1015500846697":{"isNewSession":false,"newMsgCount":0,"totalMessages":16,"canonicalChatKey":"阿拉喵主子_1015500846697"},"庐州美美椰子":{"isNewSession":false,"newMsgCount":0,"totalMessages":2,"canonicalChatKey":"庐州美美椰子"},"庐州美美椰子_910817683819":{"isNewSession":false,"newMsgCount":0,"totalMessages":70,"canonicalChatKey":"庐州美美椰子_958625474098"},"0累球0_994982452499":{"isNewSession":false,"newMsgCount":0,"totalMessages":6,"canonicalChatKey":"0累球0_994982452499"},"码匠铺子_958625474098":{"isNewSession":false,"newMsgCount":0,"totalMessages":19,"canonicalChatKey":"码匠铺子_958625474098"},"x***2_991148214602":{"isNewSession":false,"newMsgCount":0,"totalMessages":8,"canonicalChatKey":"x***2_991148214602"},"孔明科技价格透明合同保障_991702418518":{"isNewSession":false,"newMsgCount":0,"totalMessages":7,"canonicalChatKey":"孔明科技价格透明合同保障_991702418518"},"tbNick_gj6d9_983484928356":{"isNewSession":false,"newMsgCount":0,"totalMessages":20,"canonicalChatKey":"tbNick_gj6d9_983484928356"},"SPSS数据分析师_908079810845":{"isNewSession":false,"newMsgCount":0,"totalMessages":8,"canonicalChatKey":"SPSS数据分析师_908079810845"}}}
2026-03-28 22:41:26.980 Google Chrome[10927:1429060] _TIPropertyValueIsValid called with 11 on nil context!
2026-03-28 22:41:26.980 Google Chrome[10927:1429060] imkxpc_setApplicationProperty:value:reply: called with incorrect property value 11, bailing.
2026-03-28 22:41:26.980 Google Chrome[10927:1429060] _TIPropertyValueIsValid called with 12 on nil context!
2026-03-28 22:41:26.980 Google Chrome[10927:1429060] imkxpc_setApplicationProperty:value:reply: called with incorrect property value 12, bailing.
[sync] xm_chat_history size: 30213 bytes
[sync] ingest HTTP 500
2026-03-28 22:41:31.780 Google Chrome[10927:1429060] _TIPropertyValueIsValid called with 12 on nil context!
2026-03-28 22:41:31.780 Google Chrome[10927:1429060] imkxpc_setApplicationProperty:value:reply: called with incorrect property value 12, bailing.
[sync] xm_chat_history size: 30213 bytes
[sync] ingest HTTP 500
[sync] xm_chat_history size: 30213 bytes
[sync] ingest HTTP 500
[sync] xm_chat_history size: 30213 bytes
[sync] ingest HTTP 500
2026-03-28 22:41:49.519 Google Chrome[10927:1429060] TSM AdjustCapsLockLEDForKeyTransitionHandling - _ISSetPhysicalKeyboardCapsLockLED Inhibit
[sync] xm_chat_history size: 30213 bytes
[sync] ingest HTTP 500
[sync] xm_chat_history size: 30213 bytes
[sync] ingest HTTP 500
[sync] xm_chat_history size: 30213 bytes
[sync] ingest HTTP 500
2026-03-28 22:42:04.943 Google Chrome[10927:1429060] _TIPropertyValueIsValid called with 12 on nil context!
2026-03-28 22:42:04.943 Google Chrome[10927:1429060] imkxpc_setApplicationProperty:value:reply: called with incorrect property value 12, bailing.
[sync] xm_chat_history size: 30213 bytes
[sync] ingest HTTP 500
[sync] xm_chat_history size: 30213 bytes
[sync] ingest HTTP 500
[sync] xm_chat_history size: 30213 bytes
[sync] ingest HTTP 500
[sync] xm_chat_history size: 30213 bytes
[sync] ingest HTTP 500
[sync] xm_chat_history size: 30213 bytes
[sync] ingest HTTP 500
[sync] xm_chat_history size: 30213 bytes
[sync] ingest HTTP 500
[sync] xm_chat_history size: 30213 bytes
[sync] ingest HTTP 500
[sync] xm_chat_history size: 30213 bytes
[sync] ingest HTTP 500
[sync] xm_chat_history size: 30213 bytes
[sync] ingest HTTP 500
[sync] xm_chat_history size: 30213 bytes
[sync] ingest HTTP 500
[sync] xm_chat_history size: 30213 bytes
[sync] ingest HTTP 500
[sync] xm_chat_history size: 30213 bytes
[sync] ingest HTTP 500
[sync] xm_chat_history size: 30213 bytes
[sync] ingest HTTP 500
[sync] xm_chat_history size: 30213 bytes
[sync] ingest HTTP 500
[sync] xm_chat_history size: 30213 bytes
[sync] ingest HTTP 500
[sync] xm_chat_history size: 30213 bytes
[sync] ingest HTTP 500
[sync] xm_chat_history size: 30213 bytes
[sync] ingest HTTP 500
[sync] xm_chat_history size: 30213 bytes
[sync] ingest HTTP 500
[sync] xm_chat_history size: 30213 bytes
[sync] ingest HTTP 500
[sync] xm_chat_history size: 30213 bytes
[sync] ingest HTTP 500
[sync] xm_chat_history size: 30213 bytes
[sync] ingest HTTP 500
[sync] xm_chat_history size: 30213 bytes
[sync] ingest HTTP 500
[sync] xm_chat_history size: 30213 bytes
[sync] ingest HTTP 500
[sync] xm_chat_history size: 30213 bytes
[sync] ingest HTTP 500
[sync] xm_chat_history size: 30213 bytes
[sync] ingest HTTP 500
[sync] xm_chat_history size: 30213 bytes
[sync] ingest HTTP 500
[sync] xm_chat_history size: 30213 bytes
[sync] ingest HTTP 500
[sync] xm_chat_history size: 30213 bytes
[sync] ingest HTTP 500
[sync] xm_chat_history size: 30213 bytes
[sync] ingest HTTP 500
[sync] xm_chat_history size: 30213 bytes
[sync] ingest HTTP 500
[sync] xm_chat_history size: 30213 bytes
[sync] ingest HTTP 500
[sync] xm_chat_history size: 30213 bytes
[sync] ingest HTTP 500
[sync] xm_chat_history size: 30213 bytes
[sync] ingest HTTP 500
[sync] xm_chat_history size: 30213 bytes
[sync] ingest HTTP 500
[sync] xm_chat_history size: 30213 bytes
[sync] ingest HTTP 500
[sync] xm_chat_history size: 30213 bytes
[sync] ingest HTTP 500
[sync] xm_chat_history size: 30213 bytes
[sync] ingest HTTP 500
[sync] xm_chat_history size: 30213 bytes
[sync] ingest HTTP 500
[sync] xm_chat_history size: 30213 bytes
[sync] ingest HTTP 500
[sync] xm_chat_history size: 30213 bytes
[sync] ingest HTTP 500
[sync] xm_chat_history size: 30213 bytes
[sync] ingest HTTP 500
[sync] xm_chat_history size: 30213 bytes
[sync] ingest HTTP 500
[sync] xm_chat_history size: 30213 bytes
[sync] ingest HTTP 500
[sync] xm_chat_history size: 30213 bytes
[sync] ingest HTTP 500
[sync] xm_chat_history size: 30213 bytes
[sync] ingest HTTP 500
[sync] xm_chat_history size: 30213 bytes
[sync] ingest HTTP 500
[sync] xm_chat_history size: 30213 bytes
[sync] ingest HTTP 500
[sync] xm_chat_history size: 30213 bytes
[sync] ingest HTTP 500
[sync] xm_chat_history size: 30213 bytes
[sync] ingest HTTP 500
[sync] xm_chat_history size: 30213 bytes
[sync] ingest HTTP 500
[sync] xm_chat_history size: 30213 bytes
[sync] ingest HTTP 500
[sync] xm_chat_history size: 30213 bytes
[sync] ingest HTTP 500
[sync] xm_chat_history size: 30213 bytes
[sync] ingest HTTP 500
[sync] xm_chat_history size: 30213 bytes
[sync] ingest HTTP 500
[sync] xm_chat_history size: 30213 bytes
[sync] ingest HTTP 500
[sync] xm_chat_history size: 30213 bytes
[sync] ingest HTTP 500
[sync] xm_chat_history size: 30213 bytes
[sync] ingest HTTP 500
[sync] xm_chat_history size: 30213 bytes
[sync] ingest HTTP 500
[sync] xm_chat_history size: 30213 bytes
[sync] ingest HTTP 500
[sync] xm_chat_history size: 30213 bytes
[sync] ingest HTTP 500
[sync] xm_chat_history size: 30213 bytes
[sync] ingest HTTP 500
[sync] xm_chat_history size: 30213 bytes
[sync] ingest HTTP 500
[sync] xm_chat_history size: 30213 bytes
[sync] ingest HTTP 500
[sync] xm_chat_history size: 30213 bytes
[sync] ingest HTTP 500
[sync] xm_chat_history size: 30213 bytes
[sync] ingest HTTP 500
[sync] xm_chat_history size: 30213 bytes
[sync] ingest HTTP 500
[sync] xm_chat_history size: 30213 bytes
[sync] ingest HTTP 500
[sync] xm_chat_history size: 30213 bytes
[sync] ingest HTTP 500
[sync] xm_chat_history size: 30213 bytes
[sync] ingest HTTP 500
[sync] xm_chat_history size: 30213 bytes
[sync] ingest HTTP 500
[sync] xm_chat_history size: 30213 bytes
[sync] ingest HTTP 500
[sync] xm_chat_history size: 30213 bytes
[sync] ingest HTTP 500
[sync] xm_chat_history size: 30213 bytes
[sync] ingest HTTP 500
[sync] xm_chat_history size: 30213 bytes
[sync] ingest HTTP 500
[sync] xm_chat_history size: 30213 bytes
[sync] ingest HTTP 500
[sync] xm_chat_history size: 30213 bytes
[sync] ingest HTTP 500
[sync] xm_chat_history size: 30213 bytes
[sync] ingest HTTP 500
[sync] xm_chat_history size: 30213 bytes
[sync] ingest HTTP 500
[sync] xm_chat_history size: 30213 bytes
[sync] ingest HTTP 500
[sync] xm_chat_history size: 30213 bytes
[sync] ingest HTTP 500
[sync] xm_chat_history size: 30213 bytes
[sync] ingest HTTP 500
[sync] xm_chat_history size: 30213 bytes
[sync] ingest HTTP 500
[sync] xm_chat_history size: 30213 bytes
[sync] ingest HTTP 500
[sync] xm_chat_history size: 30213 bytes
[sync] ingest HTTP 500
[sync] xm_chat_history size: 30213 bytes
[sync] ingest HTTP 500
[sync] xm_chat_history size: 30213 bytes
[sync] ingest HTTP 500
[2026/3/28 22:49:54] [client] browser heartbeat 失败: fetch failed
[sync] xm_chat_history size: 30213 bytes
[sync] error: fetch failed
[2026/3/28 22:49:57] [client] browser heartbeat 失败: fetch failed
[sync] xm_chat_history size: 30213 bytes
[sync] ingest HTTP 500
[sync] xm_chat_history size: 30213 bytes
[sync] ingest HTTP 500
[sync] xm_chat_history size: 30213 bytes
[sync] ingest HTTP 500
[sync] xm_chat_history size: 30213 bytes
[sync] ingest HTTP 500
[sync] xm_chat_history size: 30213 bytes
[sync] ingest HTTP 500
[sync] xm_chat_history size: 30213 bytes
[sync] ingest HTTP 500
[sync] xm_chat_history size: 30213 bytes
[sync] ingest HTTP 500
[sync] xm_chat_history size: 30213 bytes
[sync] ingest HTTP 500
[sync] xm_chat_history size: 30213 bytes
[sync] ingest HTTP 500
[sync] xm_chat_history size: 30213 bytes
[sync] ingest HTTP 500
[sync] xm_chat_history size: 30213 bytes
[sync] ingest HTTP 500
[sync] xm_chat_history size: 30213 bytes
[sync] ingest HTTP 500
[sync] xm_chat_history size: 30213 bytes
[sync] ingest HTTP 500
[sync] xm_chat_history size: 30213 bytes
[sync] ingest HTTP 500
[sync] xm_chat_history size: 30213 bytes
[sync] ingest HTTP 500
[sync] xm_chat_history size: 30213 bytes
[sync] ingest HTTP 500
[sync] xm_chat_history size: 30213 bytes
[sync] ingest HTTP 500
[sync] xm_chat_history size: 30213 bytes
[sync] ingest HTTP 500
[sync] xm_chat_history size: 30213 bytes
[sync] ingest HTTP 500
[sync] xm_chat_history size: 30213 bytes
[sync] ingest HTTP 500
[sync] xm_chat_history size: 30213 bytes
[sync] ingest HTTP 500
[sync] xm_chat_history size: 30213 bytes
[sync] ingest HTTP 500
[sync] xm_chat_history size: 30213 bytes
[sync] ingest HTTP 500
[sync] xm_chat_history size: 30213 bytes
[sync] ingest HTTP 500
[sync] xm_chat_history size: 30213 bytes
[sync] ingest HTTP 500
[sync] xm_chat_history size: 30213 bytes
[sync] ingest HTTP 500
[sync] xm_chat_history size: 30213 bytes
[sync] ingest HTTP 500
[sync] xm_chat_history size: 30213 bytes
[sync] ingest HTTP 500
[sync] xm_chat_history size: 30213 bytes
[sync] ingest HTTP 500
[sync] xm_chat_history size: 30213 bytes
[sync] ingest HTTP 500
[sync] xm_chat_history size: 30213 bytes
[sync] ingest HTTP 500
[sync] xm_chat_history size: 30213 bytes
[sync] ingest HTTP 500
[sync] xm_chat_history size: 30213 bytes
[sync] ingest HTTP 500
[sync] xm_chat_history size: 30213 bytes
[sync] ingest HTTP 500
[sync] xm_chat_history size: 30213 bytes
[sync] ingest HTTP 500
[sync] xm_chat_history size: 30213 bytes
[sync] ingest HTTP 500
[sync] xm_chat_history size: 30213 bytes
[sync] ingest HTTP 500
[sync] xm_chat_history size: 30213 bytes
[sync] ingest HTTP 500
[sync] xm_chat_history size: 30213 bytes
[sync] ingest HTTP 500
[sync] xm_chat_history size: 30213 bytes
[sync] ingest HTTP 500
[sync] xm_chat_history size: 30213 bytes
[sync] ingest HTTP 500
[sync] xm_chat_history size: 30213 bytes
[sync] ingest HTTP 500
[sync] xm_chat_history size: 30213 bytes
[sync] ingest HTTP 500
[sync] xm_chat_history size: 30213 bytes
[sync] ingest HTTP 500
[sync] xm_chat_history size: 30213 bytes
[sync] ingest HTTP 500
[sync] xm_chat_history size: 30213 bytes
[sync] ingest HTTP 500
[sync] xm_chat_history size: 30213 bytes
[sync] ingest HTTP 500
[sync] xm_chat_history size: 30213 bytes
[sync] ingest HTTP 500
[sync] xm_chat_history size: 30213 bytes
[sync] ingest HTTP 500
[sync] xm_chat_history size: 30213 bytes
[sync] ingest HTTP 500
[sync] xm_chat_history size: 30213 bytes
[sync] ingest HTTP 500
[sync] xm_chat_history size: 30213 bytes
[sync] ingest HTTP 500
[sync] xm_chat_history size: 30213 bytes
[sync] ingest HTTP 500
[sync] xm_chat_history size: 30213 bytes
[sync] ingest HTTP 500
[sync] xm_chat_history size: 30213 bytes
[sync] ingest HTTP 500
[sync] xm_chat_history size: 30213 bytes
[sync] ingest HTTP 500
[sync] xm_chat_history size: 30213 bytes
[sync] ingest HTTP 500
[sync] xm_chat_history size: 30213 bytes
[sync] ingest HTTP 500
[sync] xm_chat_history size: 30213 bytes
[sync] ingest HTTP 500
[sync] xm_chat_history size: 30213 bytes
[sync] ingest HTTP 500
[sync] xm_chat_history size: 30213 bytes
[sync] ingest HTTP 500
[sync] xm_chat_history size: 30213 bytes
[sync] ingest HTTP 500
[sync] xm_chat_history size: 30213 bytes
[sync] ingest HTTP 500
[sync] xm_chat_history size: 30213 bytes
[sync] ingest HTTP 500
[sync] xm_chat_history size: 30213 bytes
[sync] ingest HTTP 500
[sync] xm_chat_history size: 30213 bytes
[sync] ingest HTTP 500
[sync] xm_chat_history size: 30213 bytes
[sync] ingest HTTP 500
[sync] xm_chat_history size: 30213 bytes
[sync] ingest HTTP 500
[sync] xm_chat_history size: 30213 bytes
[sync] ingest HTTP 500
[sync] xm_chat_history size: 30213 bytes
[sync] ingest HTTP 500
[sync] xm_chat_history size: 30213 bytes
[sync] ingest HTTP 500
[sync] xm_chat_history size: 30213 bytes
[sync] ingest HTTP 500
[sync] xm_chat_history size: 30213 bytes
[sync] ingest HTTP 500
[sync] xm_chat_history size: 30213 bytes
[sync] ingest HTTP 500
[sync] xm_chat_history size: 30213 bytes
[sync] ingest HTTP 500
[sync] xm_chat_history size: 30213 bytes
[sync] ingest HTTP 500
[sync] xm_chat_history size: 30213 bytes
[sync] ingest HTTP 500
[sync] xm_chat_history size: 30213 bytes
[sync] ingest HTTP 500
[sync] xm_chat_history size: 30213 bytes
[sync] ingest HTTP 500
[sync] xm_chat_history size: 30213 bytes
[sync] ingest HTTP 500
[sync] xm_chat_history size: 30213 bytes
[sync] ingest HTTP 500
[sync] xm_chat_history size: 30213 bytes
[sync] ingest HTTP 500
[sync] xm_chat_history size: 30213 bytes
[sync] ingest HTTP 500
[sync] xm_chat_history size: 30213 bytes
[sync] ingest HTTP 500
[sync] xm_chat_history size: 30213 bytes
[sync] ingest HTTP 500
[sync] xm_chat_history size: 30213 bytes
[sync] ingest HTTP 500
[sync] xm_chat_history size: 30213 bytes
[sync] ingest HTTP 500
[sync] xm_chat_history size: 30213 bytes
[sync] ingest HTTP 500
[sync] xm_chat_history size: 30213 bytes
[sync] ingest HTTP 500
[sync] xm_chat_history size: 30213 bytes
[sync] ingest HTTP 500
[sync] xm_chat_history size: 30213 bytes
[sync] ingest HTTP 500
[sync] xm_chat_history size: 30213 bytes
[sync] ingest HTTP 500
[sync] xm_chat_history size: 30213 bytes
[sync] ingest HTTP 500
[sync] xm_chat_history size: 30213 bytes
[sync] ingest HTTP 500
[sync] xm_chat_history size: 30213 bytes
[sync] ingest HTTP 500
[sync] xm_chat_history size: 30213 bytes
[sync] ingest HTTP 500
[sync] xm_chat_history size: 30213 bytes
[sync] ingest HTTP 500
[sync] xm_chat_history size: 30213 bytes
[sync] ingest HTTP 500
[sync] xm_chat_history size: 30213 bytes
[sync] ingest HTTP 500
[sync] xm_chat_history size: 30213 bytes
[sync] ingest HTTP 500
[sync] xm_chat_history size: 30213 bytes
[sync] ingest HTTP 500
[sync] xm_chat_history size: 30213 bytes
[sync] ingest HTTP 500
[sync] xm_chat_history size: 30213 bytes
[sync] ingest HTTP 500
[sync] xm_chat_history size: 30213 bytes
[sync] ingest HTTP 500
[sync] xm_chat_history size: 30213 bytes
[sync] ingest HTTP 500
[sync] xm_chat_history size: 30213 bytes
[sync] ingest HTTP 500
[sync] xm_chat_history size: 30213 bytes
[sync] ingest HTTP 500
[sync] xm_chat_history size: 30213 bytes
[sync] ingest HTTP 500
[sync] xm_chat_history size: 30213 bytes
[sync] ingest HTTP 500
[sync] xm_chat_history size: 30213 bytes
[sync] ingest HTTP 500
[sync] xm_chat_history size: 30213 bytes
[sync] ingest HTTP 500
[sync] xm_chat_history size: 30213 bytes
[sync] ingest HTTP 500
[sync] xm_chat_history size: 30213 bytes
[sync] ingest HTTP 500
[sync] xm_chat_history size: 30213 bytes
[sync] ingest HTTP 500
[sync] xm_chat_history size: 30213 bytes
[sync] ingest HTTP 500
[sync] xm_chat_history size: 30213 bytes
[sync] ingest HTTP 500
[sync] xm_chat_history size: 30213 bytes
[sync] ingest HTTP 500
[sync] xm_chat_history size: 30213 bytes
[sync] ingest HTTP 500
[sync] xm_chat_history size: 30213 bytes
[sync] ingest HTTP 500
[sync] xm_chat_history size: 30213 bytes
[sync] ingest HTTP 500
[sync] xm_chat_history size: 30213 bytes
[sync] ingest HTTP 500
[sync] xm_chat_history size: 30213 bytes
[sync] ingest HTTP 500
[sync] xm_chat_history size: 30213 bytes
[sync] ingest HTTP 500
[sync] xm_chat_history size: 30213 bytes
[sync] ingest HTTP 500
[sync] xm_chat_history size: 30213 bytes
[sync] ingest HTTP 500
[sync] xm_chat_history size: 30213 bytes
[sync] ingest HTTP 500
[sync] xm_chat_history size: 30213 bytes
[sync] ingest HTTP 500
[sync] xm_chat_history size: 30213 bytes
[sync] ingest HTTP 500
[sync] xm_chat_history size: 30213 bytes
[sync] ingest HTTP 500
[sync] xm_chat_history size: 30213 bytes
[sync] ingest HTTP 500
[sync] xm_chat_history size: 30213 bytes
[sync] ingest HTTP 500
[sync] xm_chat_history size: 30213 bytes
[sync] ingest HTTP 500
[sync] xm_chat_history size: 30213 bytes
[sync] ingest HTTP 500
[sync] xm_chat_history size: 30213 bytes
[sync] ingest HTTP 500
[sync] xm_chat_history size: 30213 bytes
[sync] ingest HTTP 500
[sync] xm_chat_history size: 30213 bytes
[sync] ingest HTTP 500
[sync] xm_chat_history size: 30213 bytes
[sync] ingest HTTP 500
[sync] xm_chat_history size: 30213 bytes
[sync] ingest HTTP 500
[sync] xm_chat_history size: 30213 bytes
[sync] ingest HTTP 500
[sync] xm_chat_history size: 30213 bytes
[sync] ingest HTTP 500
[sync] xm_chat_history size: 30213 bytes
[sync] ingest HTTP 500
[sync] xm_chat_history size: 30213 bytes
[sync] ingest HTTP 500
[sync] xm_chat_history size: 30213 bytes
[sync] ingest HTTP 500
[sync] xm_chat_history size: 30213 bytes
[sync] ingest HTTP 500
[sync] xm_chat_history size: 30213 bytes
[sync] ingest HTTP 500
[sync] xm_chat_history size: 30213 bytes
[sync] ingest HTTP 500
[sync] xm_chat_history size: 30213 bytes
[sync] ingest HTTP 500
[sync] xm_chat_history size: 30213 bytes
[sync] ingest HTTP 500
[sync] xm_chat_history size: 30213 bytes
[sync] ingest HTTP 500
[sync] xm_chat_history size: 30213 bytes
[sync] ingest HTTP 500
[sync] xm_chat_history size: 30213 bytes
[sync] ingest HTTP 500
[sync] xm_chat_history size: 30213 bytes
[sync] ingest HTTP 500
[sync] xm_chat_history size: 30213 bytes
[sync] ingest HTTP 500
[sync] xm_chat_history size: 30213 bytes
[sync] ingest HTTP 500
[sync] xm_chat_history size: 30213 bytes
[sync] ingest HTTP 500
[sync] xm_chat_history size: 30213 bytes
[sync] ingest HTTP 500
[sync] xm_chat_history size: 30213 bytes
[sync] ingest HTTP 500
[sync] xm_chat_history size: 30213 bytes
[sync] ingest HTTP 500
[sync] xm_chat_history size: 30213 bytes
[sync] ingest HTTP 500
[sync] xm_chat_history size: 30213 bytes
[sync] ingest HTTP 500
[sync] xm_chat_history size: 30213 bytes
[sync] ingest HTTP 500
[sync] xm_chat_history size: 30213 bytes
[sync] ingest HTTP 500
[sync] xm_chat_history size: 30213 bytes
[sync] ingest HTTP 500
[sync] xm_chat_history size: 30213 bytes
[sync] ingest HTTP 500
[sync] xm_chat_history size: 30213 bytes
[sync] ingest HTTP 500
[sync] xm_chat_history size: 30213 bytes
[sync] ingest HTTP 500
[sync] xm_chat_history size: 30213 bytes
[sync] ingest HTTP 500
[sync] xm_chat_history size: 30213 bytes
[sync] ingest HTTP 500
[sync] xm_chat_history size: 30213 bytes
[sync] ingest HTTP 500
[sync] xm_chat_history size: 30213 bytes
[sync] ingest HTTP 500
[sync] xm_chat_history size: 30213 bytes
[sync] ingest HTTP 500
[sync] xm_chat_history size: 30213 bytes
[sync] ingest HTTP 500
[sync] xm_chat_history size: 30213 bytes
[sync] ingest HTTP 500
[sync] xm_chat_history size: 30213 bytes
[sync] ingest HTTP 500
[sync] xm_chat_history size: 30213 bytes
[sync] ingest HTTP 500
[sync] xm_chat_history size: 30213 bytes
[sync] ingest HTTP 500
[sync] xm_chat_history size: 30213 bytes
[sync] ingest HTTP 500
[sync] xm_chat_history size: 30213 bytes
[sync] ingest HTTP 500
[sync] xm_chat_history size: 30213 bytes
[sync] ingest HTTP 500
[sync] xm_chat_history size: 30213 bytes
[sync] ingest HTTP 500
[sync] xm_chat_history size: 30213 bytes
[sync] ingest HTTP 500
[sync] xm_chat_history size: 30213 bytes
[sync] ingest HTTP 500
[sync] xm_chat_history size: 30213 bytes
[sync] ingest HTTP 500
[sync] xm_chat_history size: 30213 bytes
[sync] ingest HTTP 500
[sync] xm_chat_history size: 30213 bytes
[sync] ingest HTTP 500
[sync] xm_chat_history size: 30213 bytes
[sync] ingest HTTP 500
[sync] xm_chat_history size: 30213 bytes
[sync] ingest HTTP 500
[sync] xm_chat_history size: 30213 bytes
[sync] ingest HTTP 500
[sync] xm_chat_history size: 30213 bytes
[sync] ingest HTTP 500
[sync] xm_chat_history size: 30213 bytes
[sync] ingest HTTP 500
[sync] xm_chat_history size: 30213 bytes
[sync] ingest HTTP 500
[sync] xm_chat_history size: 30213 bytes
[sync] ingest HTTP 500
[sync] xm_chat_history size: 30213 bytes
[sync] ingest HTTP 500
[sync] xm_chat_history size: 30213 bytes
[sync] ingest HTTP 500
[sync] xm_chat_history size: 30213 bytes
[sync] ingest HTTP 500
[sync] xm_chat_history size: 30213 bytes
[sync] ingest HTTP 500
[sync] xm_chat_history size: 30213 bytes
[sync] ingest HTTP 500
[sync] xm_chat_history size: 30213 bytes
[sync] ingest HTTP 500
[sync] xm_chat_history size: 30213 bytes
[sync] ingest HTTP 500
[sync] xm_chat_history size: 30213 bytes
[sync] ingest HTTP 500
[sync] xm_chat_history size: 30213 bytes
[sync] ingest HTTP 500
[sync] xm_chat_history size: 30213 bytes
[sync] ingest HTTP 500
[sync] xm_chat_history size: 30213 bytes
[sync] ingest HTTP 500
[sync] xm_chat_history size: 30213 bytes
[sync] ingest HTTP 500
[sync] xm_chat_history size: 30213 bytes
[sync] ingest HTTP 500
[sync] xm_chat_history size: 30213 bytes
[sync] ingest HTTP 500
[sync] xm_chat_history size: 30213 bytes
[sync] ingest HTTP 500
[sync] xm_chat_history size: 30213 bytes
[sync] ingest HTTP 500
[sync] xm_chat_history size: 30213 bytes
[sync] ingest HTTP 500
[sync] xm_chat_history size: 30213 bytes
[sync] ingest HTTP 500
[sync] xm_chat_history size: 30213 bytes
[sync] ingest HTTP 500
[sync] xm_chat_history size: 30213 bytes
[sync] ingest HTTP 500
[sync] xm_chat_history size: 30213 bytes
[sync] ingest HTTP 500
[sync] xm_chat_history size: 30213 bytes
[sync] ingest HTTP 500
[sync] xm_chat_history size: 30213 bytes
[sync] ingest HTTP 500
[sync] xm_chat_history size: 30213 bytes
[sync] ingest HTTP 500
[sync] xm_chat_history size: 30213 bytes
[sync] ingest HTTP 500
[sync] xm_chat_history size: 30213 bytes
[sync] ingest HTTP 500
[sync] xm_chat_history size: 30213 bytes
[sync] ingest HTTP 500
[sync] xm_chat_history size: 30213 bytes
[sync] ingest HTTP 500
[sync] xm_chat_history size: 30213 bytes
[sync] ingest HTTP 500
[sync] xm_chat_history size: 30213 bytes
[sync] ingest HTTP 500
[sync] xm_chat_history size: 30213 bytes
[sync] ingest HTTP 500
[sync] xm_chat_history size: 30213 bytes
[sync] ingest HTTP 500
[sync] xm_chat_history size: 30213 bytes
[sync] ingest HTTP 500
[sync] xm_chat_history size: 30213 bytes
[sync] ingest HTTP 500
[sync] xm_chat_history size: 30213 bytes
[sync] ingest HTTP 500
[sync] xm_chat_history size: 30213 bytes
[sync] ingest HTTP 500
[sync] xm_chat_history size: 30213 bytes
[sync] ingest HTTP 500
[sync] xm_chat_history size: 30213 bytes
[sync] ingest HTTP 500
[sync] xm_chat_history size: 30213 bytes
[sync] ingest HTTP 500
[sync] xm_chat_history size: 30213 bytes
[sync] ingest HTTP 500
[sync] xm_chat_history size: 30213 bytes
[sync] ingest HTTP 500
[sync] xm_chat_history size: 30213 bytes
[sync] ingest HTTP 500
[sync] xm_chat_history size: 30213 bytes
[sync] ingest HTTP 500
[sync] xm_chat_history size: 30213 bytes
[sync] ingest HTTP 500
[sync] xm_chat_history size: 30213 bytes
[sync] ingest HTTP 500
[sync] xm_chat_history size: 30213 bytes
[sync] ingest HTTP 500
[sync] xm_chat_history size: 30213 bytes
[sync] ingest HTTP 500
[sync] xm_chat_history size: 30213 bytes
[sync] ingest HTTP 500
[sync] xm_chat_history size: 30213 bytes
[sync] ingest HTTP 500
[sync] xm_chat_history size: 30213 bytes
[sync] ingest HTTP 500
[sync] xm_chat_history size: 30213 bytes
[sync] ingest HTTP 500
[sync] xm_chat_history size: 30213 bytes
[sync] ingest HTTP 500
[sync] xm_chat_history size: 30213 bytes
[sync] ingest HTTP 500
[sync] xm_chat_history size: 30213 bytes
[sync] ingest HTTP 500
[sync] xm_chat_history size: 30213 bytes
[sync] ingest HTTP 500
[sync] xm_chat_history size: 30213 bytes
[sync] ingest HTTP 500
[sync] xm_chat_history size: 30213 bytes
[sync] ingest HTTP 500
[sync] xm_chat_history size: 30213 bytes
[sync] ingest HTTP 500
[sync] xm_chat_history size: 30213 bytes
[sync] ingest HTTP 500
[sync] xm_chat_history size: 30213 bytes
[sync] ingest HTTP 500
[sync] xm_chat_history size: 30213 bytes
[sync] ingest HTTP 500
[sync] xm_chat_history size: 30213 bytes
[sync] ingest HTTP 500
[sync] xm_chat_history size: 30213 bytes
[sync] ingest HTTP 500
[sync] xm_chat_history size: 30213 bytes
[sync] ingest HTTP 500
[sync] xm_chat_history size: 30213 bytes
[sync] ingest HTTP 500
[sync] xm_chat_history size: 30213 bytes
[sync] ingest HTTP 500
[sync] xm_chat_history size: 30213 bytes
[sync] ingest HTTP 500
[sync] xm_chat_history size: 30213 bytes
[sync] ingest HTTP 500
[sync] xm_chat_history size: 30213 bytes
[sync] ingest HTTP 500
[sync] xm_chat_history size: 30213 bytes
[sync] ingest HTTP 500
[sync] xm_chat_history size: 30213 bytes
[sync] ingest HTTP 500
[sync] xm_chat_history size: 30213 bytes
[sync] ingest HTTP 500
[sync] xm_chat_history size: 30213 bytes
[sync] ingest HTTP 500
[sync] xm_chat_history size: 30213 bytes
[sync] ingest HTTP 500
[sync] xm_chat_history size: 30213 bytes
[sync] ingest HTTP 500
[sync] xm_chat_history size: 30213 bytes
[sync] ingest HTTP 500
[sync] xm_chat_history size: 30213 bytes
[sync] ingest HTTP 500
[sync] xm_chat_history size: 30213 bytes
[sync] ingest HTTP 500
[sync] xm_chat_history size: 30213 bytes
[sync] ingest HTTP 500
[sync] xm_chat_history size: 30213 bytes
[sync] ingest HTTP 500
[sync] xm_chat_history size: 30213 bytes
[sync] ingest HTTP 500
[sync] xm_chat_history size: 30213 bytes
[sync] ingest HTTP 500
[sync] xm_chat_history size: 30213 bytes
[sync] ingest HTTP 500
[sync] xm_chat_history size: 30213 bytes
[sync] ingest HTTP 500
[sync] xm_chat_history size: 30213 bytes
[sync] ingest HTTP 500
[sync] xm_chat_history size: 30213 bytes
[sync] ingest HTTP 500
[sync] xm_chat_history size: 30213 bytes
[sync] ingest HTTP 500
[sync] xm_chat_history size: 30213 bytes
[sync] ingest HTTP 500
[sync] xm_chat_history size: 30213 bytes
[sync] ingest HTTP 500
[sync] xm_chat_history size: 30213 bytes
[sync] ingest HTTP 500
[sync] xm_chat_history size: 30213 bytes
[sync] ingest HTTP 500
[sync] xm_chat_history size: 30213 bytes
[sync] ingest HTTP 500
[sync] xm_chat_history size: 30213 bytes
[sync] ingest HTTP 500
[sync] xm_chat_history size: 30213 bytes
[sync] ingest HTTP 500
[sync] xm_chat_history size: 30213 bytes
[sync] ingest HTTP 500
[sync] xm_chat_history size: 30213 bytes
[sync] ingest HTTP 500
[sync] xm_chat_history size: 30213 bytes
[sync] ingest HTTP 500
[sync] xm_chat_history size: 30213 bytes
[sync] ingest HTTP 500
[sync] xm_chat_history size: 30213 bytes
[sync] ingest HTTP 500
[sync] xm_chat_history size: 30213 bytes
[sync] ingest HTTP 500
[sync] xm_chat_history size: 30213 bytes
[sync] ingest HTTP 500
[sync] xm_chat_history size: 30213 bytes
[sync] ingest HTTP 500
[sync] xm_chat_history size: 30213 bytes
[sync] ingest HTTP 500
[sync] xm_chat_history size: 30213 bytes
[sync] ingest HTTP 500
[sync] xm_chat_history size: 30213 bytes
[sync] ingest HTTP 500
[sync] xm_chat_history size: 30213 bytes
[sync] ingest HTTP 500
[sync] xm_chat_history size: 30213 bytes
[sync] ingest HTTP 500
[sync] xm_chat_history size: 30213 bytes
[sync] ingest HTTP 500
[sync] xm_chat_history size: 30213 bytes
[sync] ingest HTTP 500
[sync] xm_chat_history size: 30213 bytes
[sync] ingest HTTP 500
[sync] xm_chat_history size: 30213 bytes
[sync] ingest HTTP 500
[sync] xm_chat_history size: 30213 bytes
[sync] ingest HTTP 500
[sync] xm_chat_history size: 30213 bytes
[sync] ingest HTTP 500
[sync] xm_chat_history size: 30213 bytes
[sync] ingest HTTP 500
[sync] xm_chat_history size: 30213 bytes
[sync] ingest HTTP 500
[sync] xm_chat_history size: 30213 bytes
[sync] ingest HTTP 500
[sync] xm_chat_history size: 30213 bytes
[sync] ingest HTTP 500
[sync] xm_chat_history size: 30213 bytes
[sync] ingest HTTP 500
[sync] xm_chat_history size: 30213 bytes
[sync] ingest HTTP 500
[sync] xm_chat_history size: 30213 bytes
[sync] ingest HTTP 500
[sync] xm_chat_history size: 30213 bytes
[sync] ingest HTTP 500
[sync] xm_chat_history size: 30213 bytes
[sync] ingest HTTP 500
[sync] xm_chat_history size: 30213 bytes
[sync] ingest HTTP 500
[sync] xm_chat_history size: 30213 bytes
[sync] ingest HTTP 500
[sync] xm_chat_history size: 30213 bytes
[sync] ingest HTTP 500
[sync] xm_chat_history size: 30213 bytes
[sync] ingest HTTP 500
[sync] xm_chat_history size: 30213 bytes
[sync] ingest HTTP 500
[sync] xm_chat_history size: 30213 bytes
[sync] ingest HTTP 500
[sync] xm_chat_history size: 30213 bytes
[sync] ingest HTTP 500
[sync] xm_chat_history size: 30213 bytes
[sync] ingest HTTP 500
[sync] xm_chat_history size: 30213 bytes
[sync] ingest HTTP 500
[sync] xm_chat_history size: 30213 bytes
[sync] ingest HTTP 500
[sync] xm_chat_history size: 30213 bytes
[sync] ingest HTTP 500
[sync] xm_chat_history size: 30213 bytes
[sync] ingest HTTP 500
[sync] xm_chat_history size: 30213 bytes
[sync] ingest HTTP 500
[sync] xm_chat_history size: 30213 bytes
[sync] ingest HTTP 500
[sync] xm_chat_history size: 30213 bytes
[sync] ingest HTTP 500
[sync] xm_chat_history size: 30213 bytes
[sync] ingest HTTP 500
[sync] xm_chat_history size: 30213 bytes
[sync] ingest HTTP 500
[sync] xm_chat_history size: 30213 bytes
[sync] ingest HTTP 500
[sync] xm_chat_history size: 30213 bytes
[sync] ingest HTTP 500
[sync] xm_chat_history size: 30213 bytes
[sync] ingest HTTP 500
[sync] xm_chat_history size: 30213 bytes
[sync] ingest HTTP 500
[sync] xm_chat_history size: 30213 bytes
[sync] ingest HTTP 500
[sync] xm_chat_history size: 30213 bytes
[sync] ingest HTTP 500
[sync] xm_chat_history size: 30213 bytes
[sync] ingest HTTP 500
[sync] xm_chat_history size: 30213 bytes
[sync] ingest HTTP 500
[sync] xm_chat_history size: 30213 bytes
[sync] ingest HTTP 500
[sync] xm_chat_history size: 30213 bytes
[sync] ingest HTTP 500
[sync] xm_chat_history size: 30213 bytes
[sync] ingest HTTP 500
[sync] xm_chat_history size: 30213 bytes
[sync] ingest HTTP 500
[sync] xm_chat_history size: 30213 bytes
[sync] ingest HTTP 500
[sync] xm_chat_history size: 30213 bytes
[sync] ingest HTTP 500
[sync] xm_chat_history size: 30213 bytes
[sync] ingest HTTP 500
[sync] xm_chat_history size: 30213 bytes
[sync] ingest HTTP 500
[sync] xm_chat_history size: 30213 bytes
[sync] ingest HTTP 500
[sync] xm_chat_history size: 30213 bytes
[sync] ingest HTTP 500
[sync] xm_chat_history size: 30213 bytes
[sync] ingest HTTP 500
[sync] xm_chat_history size: 30213 bytes
[sync] ingest HTTP 500
[sync] xm_chat_history size: 30213 bytes
[sync] ingest HTTP 500
[sync] xm_chat_history size: 30213 bytes
[sync] ingest HTTP 500
[sync] xm_chat_history size: 30213 bytes
[sync] ingest HTTP 500
[sync] xm_chat_history size: 30213 bytes
[sync] ingest HTTP 500
[sync] xm_chat_history size: 30213 bytes
[sync] ingest HTTP 500
[sync] xm_chat_history size: 30213 bytes
[sync] ingest HTTP 500
[sync] xm_chat_history size: 30213 bytes
[sync] ingest HTTP 500
[sync] xm_chat_history size: 30213 bytes
[sync] ingest HTTP 500
[sync] xm_chat_history size: 30213 bytes
[sync] ingest HTTP 500
[sync] xm_chat_history size: 30213 bytes
[sync] ingest HTTP 500
[sync] xm_chat_history size: 30213 bytes
[sync] ingest HTTP 500
[sync] xm_chat_history size: 30213 bytes
[sync] ingest HTTP 500
[sync] xm_chat_history size: 30213 bytes
[sync] ingest HTTP 500
[sync] xm_chat_history size: 30213 bytes
[sync] ingest HTTP 500
[sync] xm_chat_history size: 30213 bytes
[sync] ingest HTTP 500
[sync] xm_chat_history size: 30213 bytes
[sync] ingest HTTP 500
[sync] xm_chat_history size: 30213 bytes
[sync] ingest HTTP 500
[sync] xm_chat_history size: 30213 bytes
[sync] ingest HTTP 500
[sync] xm_chat_history size: 30213 bytes
[sync] ingest HTTP 500
[sync] xm_chat_history size: 30213 bytes
[sync] ingest HTTP 500
[sync] xm_chat_history size: 30213 bytes
[sync] ingest HTTP 500
[sync] xm_chat_history size: 30213 bytes
[sync] ingest HTTP 500
[sync] xm_chat_history size: 30213 bytes
[sync] ingest HTTP 500
[sync] xm_chat_history size: 30213 bytes
[sync] ingest HTTP 500
[sync] xm_chat_history size: 30213 bytes
[sync] ingest HTTP 500
[sync] xm_chat_history size: 30213 bytes
[sync] ingest HTTP 500
[sync] xm_chat_history size: 30213 bytes
[sync] ingest HTTP 500
[sync] xm_chat_history size: 30213 bytes
[sync] ingest HTTP 500
[sync] xm_chat_history size: 30213 bytes
[sync] ingest HTTP 500
[sync] xm_chat_history size: 30213 bytes
[sync] ingest HTTP 500
[sync] xm_chat_history size: 30213 bytes
[sync] ingest HTTP 500
[sync] xm_chat_history size: 30213 bytes
[sync] ingest HTTP 500
[sync] xm_chat_history size: 30213 bytes
[sync] ingest HTTP 500
[2026/3/28 23:24:56] [client] browser heartbeat 失败: fetch failed
[sync] xm_chat_history size: 30213 bytes
[sync] ingest HTTP 500
[sync] xm_chat_history size: 30213 bytes
[sync] ingest HTTP 500
[sync] xm_chat_history size: 30213 bytes
[sync] ingest HTTP 500
[sync] xm_chat_history size: 30213 bytes
[sync] ingest HTTP 500
[sync] xm_chat_history size: 30213 bytes
[sync] ingest HTTP 500
[sync] xm_chat_history size: 30213 bytes
[sync] ingest HTTP 500
[sync] xm_chat_history size: 30213 bytes
[sync] ingest HTTP 500
[sync] xm_chat_history size: 30213 bytes
[sync] ingest HTTP 500
[sync] xm_chat_history size: 30213 bytes
[sync] ingest HTTP 500
[sync] xm_chat_history size: 30213 bytes
[sync] ingest HTTP 500
[sync] xm_chat_history size: 30213 bytes
[sync] ingest HTTP 500
[sync] xm_chat_history size: 30213 bytes
[sync] ingest HTTP 500
[sync] xm_chat_history size: 30213 bytes
[sync] ingest HTTP 500
[sync] xm_chat_history size: 30213 bytes
[sync] ingest HTTP 500
[sync] xm_chat_history size: 30213 bytes
[sync] ingest HTTP 500
[sync] xm_chat_history size: 30213 bytes
[sync] ingest HTTP 500
[sync] xm_chat_history size: 30213 bytes
[sync] ingest HTTP 500
[sync] xm_chat_history size: 30213 bytes
[sync] ingest HTTP 500
[sync] xm_chat_history size: 30213 bytes
[sync] ingest HTTP 500
[sync] xm_chat_history size: 30213 bytes
[sync] ingest HTTP 500
[sync] xm_chat_history size: 30213 bytes
[sync] ingest HTTP 500
[sync] xm_chat_history size: 30213 bytes
[sync] ingest HTTP 500
[sync] xm_chat_history size: 30213 bytes
[sync] ingest HTTP 500
[sync] xm_chat_history size: 30213 bytes
[sync] ingest HTTP 500
[sync] xm_chat_history size: 30213 bytes
[sync] ingest HTTP 500
[sync] xm_chat_history size: 30213 bytes
[sync] ingest HTTP 500
[sync] xm_chat_history size: 30213 bytes
[sync] ingest HTTP 500
[sync] xm_chat_history size: 30213 bytes
[sync] ingest HTTP 500
[sync] xm_chat_history size: 30213 bytes
[sync] ingest HTTP 500
[sync] xm_chat_history size: 30213 bytes
[sync] ingest HTTP 500
[sync] xm_chat_history size: 30213 bytes
[sync] ingest HTTP 500
[sync] xm_chat_history size: 30213 bytes
[sync] ingest HTTP 500
[sync] xm_chat_history size: 30213 bytes
[sync] ingest HTTP 500
[sync] xm_chat_history size: 30213 bytes
[sync] ingest HTTP 500
[sync] xm_chat_history size: 30213 bytes
[sync] ingest HTTP 500
[sync] xm_chat_history size: 30213 bytes
[sync] ingest HTTP 500
[sync] xm_chat_history size: 30213 bytes
[sync] ingest HTTP 500
[sync] xm_chat_history size: 30213 bytes
[sync] ingest HTTP 500
[sync] xm_chat_history size: 30213 bytes
[sync] ingest HTTP 500
[sync] xm_chat_history size: 30213 bytes
[sync] ingest HTTP 500
[sync] xm_chat_history size: 30213 bytes
[sync] ingest HTTP 500
[sync] xm_chat_history size: 30213 bytes
[sync] ingest HTTP 500
[sync] xm_chat_history size: 30213 bytes
[sync] ingest HTTP 500
[sync] xm_chat_history size: 30213 bytes
[sync] ingest HTTP 500
[sync] xm_chat_history size: 30213 bytes
[sync] ingest HTTP 500
[sync] xm_chat_history size: 30213 bytes
[sync] ingest HTTP 500
[sync] xm_chat_history size: 30213 bytes
[sync] ingest HTTP 500
[sync] xm_chat_history size: 30213 bytes
[sync] ingest HTTP 500
[sync] xm_chat_history size: 30213 bytes
[sync] ingest HTTP 500
[sync] xm_chat_history size: 30213 bytes
[sync] ingest HTTP 500
[sync] xm_chat_history size: 30213 bytes
[sync] ingest HTTP 500
[sync] xm_chat_history size: 30213 bytes
[sync] ingest HTTP 500
[sync] xm_chat_history size: 30213 bytes
[sync] ingest HTTP 500
[sync] xm_chat_history size: 30213 bytes
[sync] ingest HTTP 500
[sync] xm_chat_history size: 30213 bytes
[sync] ingest HTTP 500
[sync] xm_chat_history size: 30213 bytes
[sync] ingest HTTP 500
[sync] xm_chat_history size: 30213 bytes
[sync] ingest HTTP 500
[sync] xm_chat_history size: 30213 bytes
[sync] ingest HTTP 500
[sync] xm_chat_history size: 30213 bytes
[sync] ingest HTTP 500
[sync] xm_chat_history size: 30213 bytes
[sync] ingest HTTP 500
[sync] xm_chat_history size: 30213 bytes
[sync] ingest HTTP 500
[sync] xm_chat_history size: 30213 bytes
[sync] ingest HTTP 500
[sync] xm_chat_history size: 30213 bytes
[sync] ingest HTTP 500
[sync] xm_chat_history size: 30213 bytes
[sync] ingest HTTP 500
[sync] xm_chat_history size: 30213 bytes
[sync] ingest HTTP 500
[sync] xm_chat_history size: 30213 bytes
[sync] ingest HTTP 500
[sync] xm_chat_history size: 30213 bytes
[sync] ingest HTTP 500
[sync] xm_chat_history size: 30213 bytes
[sync] ingest HTTP 500
[sync] xm_chat_history size: 30213 bytes
[sync] ingest HTTP 500
[sync] xm_chat_history size: 30213 bytes
[sync] ingest HTTP 500
[sync] xm_chat_history size: 30213 bytes
[sync] ingest HTTP 500
[sync] xm_chat_history size: 30213 bytes
[sync] ingest HTTP 500
[sync] xm_chat_history size: 30213 bytes
[sync] ingest HTTP 500
[sync] xm_chat_history size: 30213 bytes
[sync] ingest HTTP 500
[sync] xm_chat_history size: 30213 bytes
[sync] ingest HTTP 500
[sync] xm_chat_history size: 30213 bytes
[sync] ingest HTTP 500
[sync] xm_chat_history size: 30213 bytes
[sync] ingest HTTP 500
[sync] xm_chat_history size: 30213 bytes
[sync] ingest HTTP 500
[sync] xm_chat_history size: 30213 bytes
[sync] ingest HTTP 500
[sync] xm_chat_history size: 30213 bytes
[sync] ingest HTTP 500
[sync] xm_chat_history size: 30213 bytes
[sync] ingest HTTP 500
[sync] xm_chat_history size: 30213 bytes
[sync] ingest HTTP 500
[sync] xm_chat_history size: 30213 bytes
[sync] ingest HTTP 500
[sync] xm_chat_history size: 30213 bytes
[sync] ingest HTTP 500
[sync] xm_chat_history size: 30213 bytes
[sync] ingest HTTP 500
[sync] xm_chat_history size: 30213 bytes
[sync] ingest HTTP 500
[sync] xm_chat_history size: 30213 bytes
[sync] ingest HTTP 500
[sync] xm_chat_history size: 30213 bytes
[sync] ingest HTTP 500
[sync] xm_chat_history size: 30213 bytes
[sync] ingest HTTP 500
[sync] xm_chat_history size: 30213 bytes
[sync] ingest HTTP 500
[sync] xm_chat_history size: 30213 bytes
[sync] ingest HTTP 500
[sync] xm_chat_history size: 30213 bytes
[sync] ingest HTTP 500
[sync] xm_chat_history size: 30213 bytes
[sync] ingest HTTP 500
[sync] xm_chat_history size: 30213 bytes
[sync] ingest HTTP 500
[sync] xm_chat_history size: 30213 bytes
[sync] ingest HTTP 500
[sync] xm_chat_history size: 30213 bytes
[sync] ingest HTTP 500
[sync] xm_chat_history size: 30213 bytes
[sync] ingest HTTP 500
[sync] xm_chat_history size: 30213 bytes
[sync] ingest HTTP 500
[sync] xm_chat_history size: 30213 bytes
[sync] ingest HTTP 500
[sync] xm_chat_history size: 30213 bytes
[sync] ingest HTTP 500
[sync] xm_chat_history size: 30213 bytes
[sync] ingest HTTP 500
[sync] xm_chat_history size: 30213 bytes
[sync] ingest HTTP 500
[sync] xm_chat_history size: 30213 bytes
[sync] ingest HTTP 500
[2026/3/29 01:19:57] [client] browser heartbeat 失败: fetch failed
[sync] xm_chat_history size: 30213 bytes
[sync] ingest HTTP 500
[sync] xm_chat_history size: 30213 bytes
[sync] ingest HTTP 500
[sync] xm_chat_history size: 30213 bytes
[sync] ingest HTTP 500
[sync] xm_chat_history size: 30213 bytes
[sync] ingest HTTP 500
[sync] xm_chat_history size: 30213 bytes
[sync] ingest HTTP 500
[sync] xm_chat_history size: 30213 bytes
[sync] ingest HTTP 500
[sync] xm_chat_history size: 30213 bytes
[sync] ingest HTTP 500
[sync] xm_chat_history size: 30213 bytes
[sync] ingest HTTP 500
[sync] xm_chat_history size: 30213 bytes
[sync] ingest HTTP 500
[sync] xm_chat_history size: 30213 bytes
[sync] ingest HTTP 500
[sync] xm_chat_history size: 30213 bytes
[sync] ingest HTTP 500
[sync] xm_chat_history size: 30213 bytes
[sync] ingest HTTP 500
[sync] xm_chat_history size: 30213 bytes
[sync] ingest HTTP 500
[sync] xm_chat_history size: 30213 bytes
[sync] ingest HTTP 500
[sync] xm_chat_history size: 30213 bytes
[sync] ingest HTTP 500
[sync] xm_chat_history size: 30213 bytes
[sync] ingest HTTP 500
[sync] xm_chat_history size: 30213 bytes
[sync] ingest HTTP 500
[sync] xm_chat_history size: 30213 bytes
[sync] ingest HTTP 500
[sync] xm_chat_history size: 30213 bytes
[sync] ingest HTTP 500
[sync] xm_chat_history size: 30213 bytes
[sync] ingest HTTP 500
[sync] xm_chat_history size: 30213 bytes
[sync] ingest HTTP 500
[sync] xm_chat_history size: 30213 bytes
[sync] ingest HTTP 500
[sync] xm_chat_history size: 30213 bytes
[sync] ingest HTTP 500
[sync] xm_chat_history size: 30213 bytes
[sync] ingest HTTP 500
[sync] xm_chat_history size: 30213 bytes
[sync] ingest HTTP 500
[sync] xm_chat_history size: 30213 bytes
[sync] ingest HTTP 500
[sync] xm_chat_history size: 30213 bytes
[sync] ingest HTTP 500
[sync] xm_chat_history size: 30213 bytes
[sync] ingest HTTP 500
[sync] xm_chat_history size: 30213 bytes
[sync] ingest HTTP 500
[sync] xm_chat_history size: 30213 bytes
[sync] ingest HTTP 500
[sync] xm_chat_history size: 30213 bytes
[sync] ingest HTTP 500
[2026/3/29 01:38:28] [client] browser heartbeat 失败: fetch failed
[sync] xm_chat_history size: 30213 bytes
[sync] ingest HTTP 500
[sync] xm_chat_history size: 30213 bytes
[sync] ingest HTTP 500
[sync] xm_chat_history size: 30213 bytes
[sync] ingest HTTP 500
[sync] xm_chat_history size: 30213 bytes
[sync] ingest HTTP 500
[sync] xm_chat_history size: 30213 bytes
[sync] ingest HTTP 500
[sync] xm_chat_history size: 30213 bytes
[sync] ingest HTTP 500
[sync] xm_chat_history size: 30213 bytes
[sync] ingest HTTP 500
[sync] xm_chat_history size: 30213 bytes
[sync] ingest HTTP 500
[sync] xm_chat_history size: 30213 bytes
[sync] ingest HTTP 500
[sync] xm_chat_history size: 30213 bytes
[sync] ingest HTTP 500
[sync] xm_chat_history size: 30213 bytes
[sync] ingest HTTP 500
[sync] xm_chat_history size: 30213 bytes
[sync] ingest HTTP 500
[sync] xm_chat_history size: 30213 bytes
[sync] ingest HTTP 500
[sync] xm_chat_history size: 30213 bytes
[sync] ingest HTTP 500
[sync] xm_chat_history size: 30213 bytes
[sync] ingest HTTP 500
[sync] xm_chat_history size: 30213 bytes
[sync] ingest HTTP 500
[sync] xm_chat_history size: 30213 bytes
[sync] ingest HTTP 500
[sync] xm_chat_history size: 30213 bytes
[sync] ingest HTTP 500
[sync] xm_chat_history size: 30213 bytes
[sync] ingest HTTP 500
[sync] xm_chat_history size: 30213 bytes
[sync] ingest HTTP 500
[sync] xm_chat_history size: 30213 bytes
[sync] ingest HTTP 500
[sync] xm_chat_history size: 30213 bytes
[sync] ingest HTTP 500
[sync] xm_chat_history size: 30213 bytes
[sync] ingest HTTP 500
[sync] xm_chat_history size: 30213 bytes
[sync] ingest HTTP 500
[sync] xm_chat_history size: 30213 bytes
[sync] ingest HTTP 500
[sync] xm_chat_history size: 30213 bytes
[sync] ingest HTTP 500
[sync] xm_chat_history size: 30213 bytes
[sync] ingest HTTP 500
[sync] xm_chat_history size: 30213 bytes
[sync] ingest HTTP 500
[sync] xm_chat_history size: 30213 bytes
[sync] ingest HTTP 500
[sync] xm_chat_history size: 30213 bytes
[sync] ingest HTTP 500
[sync] xm_chat_history size: 30213 bytes
[sync] ingest HTTP 500
[sync] xm_chat_history size: 30213 bytes
[sync] ingest HTTP 500
[sync] xm_chat_history size: 30213 bytes
[sync] ingest HTTP 500
[sync] xm_chat_history size: 30213 bytes
[sync] ingest HTTP 500
[sync] xm_chat_history size: 30213 bytes
[sync] ingest HTTP 500
[sync] xm_chat_history size: 30213 bytes
[sync] ingest HTTP 500
[sync] xm_chat_history size: 30213 bytes
[sync] ingest HTTP 500
[sync] xm_chat_history size: 30213 bytes
[sync] ingest HTTP 500
[sync] xm_chat_history size: 30213 bytes
[sync] ingest HTTP 500
[sync] xm_chat_history size: 30213 bytes
[sync] ingest HTTP 500
[sync] xm_chat_history size: 30213 bytes
[sync] ingest HTTP 500
[sync] xm_chat_history size: 30213 bytes
[sync] ingest HTTP 500
[sync] xm_chat_history size: 30213 bytes
[sync] ingest HTTP 500
[sync] xm_chat_history size: 30213 bytes
[sync] ingest HTTP 500
[sync] xm_chat_history size: 30213 bytes
[sync] ingest HTTP 500
[sync] xm_chat_history size: 30213 bytes
[sync] ingest HTTP 500
[sync] xm_chat_history size: 30213 bytes
[sync] ingest HTTP 500
[sync] xm_chat_history size: 30213 bytes
[sync] ingest HTTP 500
[sync] xm_chat_history size: 30213 bytes
[sync] ingest HTTP 500
[sync] xm_chat_history size: 30213 bytes
[sync] ingest HTTP 500
[sync] xm_chat_history size: 30213 bytes
[sync] ingest HTTP 500
[sync] xm_chat_history size: 30213 bytes
[sync] ingest HTTP 500
[sync] xm_chat_history size: 30213 bytes
[sync] ingest HTTP 500
[sync] xm_chat_history size: 30213 bytes
[sync] ingest HTTP 500
[sync] xm_chat_history size: 30213 bytes
[sync] ingest HTTP 500
[sync] xm_chat_history size: 30213 bytes
[sync] ingest HTTP 500
[sync] xm_chat_history size: 30213 bytes
[sync] ingest HTTP 500
[sync] xm_chat_history size: 30213 bytes
[sync] ingest HTTP 500
[sync] xm_chat_history size: 30213 bytes
[sync] ingest HTTP 500
[sync] xm_chat_history size: 30213 bytes
[sync] ingest HTTP 500
[sync] xm_chat_history size: 30213 bytes
[sync] ingest HTTP 500
[sync] xm_chat_history size: 30213 bytes
[sync] ingest HTTP 500
[sync] xm_chat_history size: 30213 bytes
[sync] ingest HTTP 500
[sync] xm_chat_history size: 30213 bytes
[sync] ingest HTTP 500
[sync] xm_chat_history size: 30213 bytes
[sync] ingest HTTP 500
[sync] xm_chat_history size: 30213 bytes
[sync] ingest HTTP 500
[sync] xm_chat_history size: 30213 bytes
[sync] ingest HTTP 500
[sync] xm_chat_history size: 30213 bytes
[sync] ingest HTTP 500
[sync] xm_chat_history size: 30213 bytes
[sync] ingest HTTP 500
[sync] xm_chat_history size: 30213 bytes
[sync] ingest HTTP 500
[sync] xm_chat_history size: 30213 bytes
[sync] ingest HTTP 500
[sync] xm_chat_history size: 30213 bytes
[sync] ingest HTTP 500
[sync] xm_chat_history size: 30213 bytes
[sync] ingest HTTP 500
[sync] xm_chat_history size: 30213 bytes
[sync] ingest HTTP 500
[sync] xm_chat_history size: 30213 bytes
[sync] ingest HTTP 500
[sync] xm_chat_history size: 30213 bytes
[sync] ingest HTTP 500
[sync] xm_chat_history size: 30213 bytes
[sync] ingest HTTP 500
[sync] xm_chat_history size: 30213 bytes
[sync] ingest HTTP 500
[sync] xm_chat_history size: 30213 bytes
[sync] ingest HTTP 500
[sync] xm_chat_history size: 30213 bytes
[sync] ingest HTTP 500
[2026/3/29 03:20:59] [client] browser heartbeat 失败: fetch failed
[sync] xm_chat_history size: 30213 bytes
[sync] ingest HTTP 500
[sync] xm_chat_history size: 30213 bytes
[sync] ingest HTTP 500
[sync] xm_chat_history size: 30213 bytes
[sync] ingest HTTP 500
[sync] xm_chat_history size: 30213 bytes
[sync] ingest HTTP 500
[sync] xm_chat_history size: 30213 bytes
[sync] ingest HTTP 500
[sync] xm_chat_history size: 30213 bytes
[sync] ingest HTTP 500
[sync] xm_chat_history size: 30213 bytes
[sync] ingest HTTP 500
[sync] xm_chat_history size: 30213 bytes
[sync] ingest HTTP 500
[sync] xm_chat_history size: 30213 bytes
[sync] ingest HTTP 500
[sync] xm_chat_history size: 30213 bytes
[sync] ingest HTTP 500
[sync] xm_chat_history size: 30213 bytes
[sync] ingest HTTP 500
[sync] xm_chat_history size: 30213 bytes
[sync] ingest HTTP 500
[sync] xm_chat_history size: 30213 bytes
[sync] ingest HTTP 500
[sync] xm_chat_history size: 30213 bytes
[sync] ingest HTTP 500
[sync] xm_chat_history size: 30213 bytes
[sync] ingest HTTP 500
[sync] xm_chat_history size: 30213 bytes
[sync] ingest HTTP 500
[sync] xm_chat_history size: 30213 bytes
[sync] ingest HTTP 500
[sync] xm_chat_history size: 30213 bytes
[sync] ingest HTTP 500
[sync] xm_chat_history size: 30213 bytes
[sync] ingest HTTP 500
[sync] xm_chat_history size: 30213 bytes
[sync] ingest HTTP 500
[sync] xm_chat_history size: 30213 bytes
[sync] ingest HTTP 500
[sync] xm_chat_history size: 30213 bytes
[sync] ingest HTTP 500
[sync] xm_chat_history size: 30213 bytes
[sync] ingest HTTP 500
[sync] xm_chat_history size: 30213 bytes
[sync] ingest HTTP 500
[sync] xm_chat_history size: 30213 bytes
[sync] ingest HTTP 500
[sync] xm_chat_history size: 30213 bytes
[sync] ingest HTTP 500
[sync] xm_chat_history size: 30213 bytes
[sync] ingest HTTP 500
[sync] xm_chat_history size: 30213 bytes
[sync] ingest HTTP 500
[sync] xm_chat_history size: 30213 bytes
[sync] ingest HTTP 500
[sync] xm_chat_history size: 30213 bytes
[sync] ingest HTTP 500
[sync] xm_chat_history size: 30213 bytes
[sync] ingest HTTP 500
[sync] xm_chat_history size: 30213 bytes
[sync] ingest HTTP 500
[sync] xm_chat_history size: 30213 bytes
[sync] ingest HTTP 500
[sync] xm_chat_history size: 30213 bytes
[sync] ingest HTTP 500
[sync] xm_chat_history size: 30213 bytes
[sync] ingest HTTP 500
[sync] xm_chat_history size: 30213 bytes
[sync] ingest HTTP 500
[sync] xm_chat_history size: 30213 bytes
[sync] ingest HTTP 500
[sync] xm_chat_history size: 30213 bytes
[sync] ingest HTTP 500
[sync] xm_chat_history size: 30213 bytes
[sync] ingest HTTP 500
[sync] xm_chat_history size: 30213 bytes
[sync] ingest HTTP 500
[sync] xm_chat_history size: 30213 bytes
[sync] ingest HTTP 500
[sync] xm_chat_history size: 30213 bytes
[sync] ingest HTTP 500
[sync] xm_chat_history size: 30213 bytes
[sync] ingest HTTP 500
[sync] xm_chat_history size: 30213 bytes
[sync] ingest HTTP 500
[sync] xm_chat_history size: 30213 bytes
[sync] ingest HTTP 500
[sync] xm_chat_history size: 30213 bytes
[sync] ingest HTTP 500
[sync] xm_chat_history size: 30213 bytes
[sync] ingest HTTP 500
[sync] xm_chat_history size: 30213 bytes
[sync] ingest HTTP 500
[sync] xm_chat_history size: 30213 bytes
[sync] ingest HTTP 500
[sync] xm_chat_history size: 30213 bytes
[sync] ingest HTTP 500
[sync] xm_chat_history size: 30213 bytes
[sync] ingest HTTP 500
[sync] xm_chat_history size: 30213 bytes
[sync] ingest HTTP 500
[sync] xm_chat_history size: 30213 bytes
[sync] ingest HTTP 500
[sync] xm_chat_history size: 30213 bytes
[sync] ingest HTTP 500
[sync] xm_chat_history size: 30213 bytes
[sync] ingest HTTP 500
[sync] xm_chat_history size: 30213 bytes
[sync] ingest HTTP 500
[sync] xm_chat_history size: 30213 bytes
[sync] ingest HTTP 500
[sync] xm_chat_history size: 30213 bytes
[sync] ingest HTTP 500
[sync] xm_chat_history size: 30213 bytes
[sync] ingest HTTP 500
[sync] xm_chat_history size: 30213 bytes
[sync] ingest HTTP 500
[sync] xm_chat_history size: 30213 bytes
[sync] ingest HTTP 500
[sync] xm_chat_history size: 30213 bytes
[sync] ingest HTTP 500
[sync] xm_chat_history size: 30213 bytes
[sync] ingest HTTP 500
[sync] xm_chat_history size: 30213 bytes
[sync] ingest HTTP 500
[sync] xm_chat_history size: 30213 bytes
[sync] ingest HTTP 500
[sync] xm_chat_history size: 30213 bytes
[sync] ingest HTTP 500
[sync] xm_chat_history size: 30213 bytes
[sync] ingest HTTP 500
[sync] xm_chat_history size: 30213 bytes
[sync] ingest HTTP 500
[sync] xm_chat_history size: 30213 bytes
[sync] ingest HTTP 500
[sync] xm_chat_history size: 30213 bytes
[sync] ingest HTTP 500
[sync] xm_chat_history size: 30213 bytes
[sync] ingest HTTP 500
[sync] xm_chat_history size: 30213 bytes
[sync] ingest HTTP 500
[sync] xm_chat_history size: 30213 bytes
[sync] ingest HTTP 500
[2026/3/29 03:46:33] [client] browser heartbeat 失败: fetch failed
[sync] xm_chat_history size: 30213 bytes
[sync] ingest HTTP 500
[sync] xm_chat_history size: 30213 bytes
[sync] ingest HTTP 500
[sync] xm_chat_history size: 30213 bytes
[sync] ingest HTTP 500
[sync] xm_chat_history size: 30213 bytes
[sync] ingest HTTP 500
[sync] xm_chat_history size: 30213 bytes
[sync] ingest HTTP 500
[sync] xm_chat_history size: 30213 bytes
[sync] ingest HTTP 500
[sync] xm_chat_history size: 30213 bytes
[sync] ingest HTTP 500
[sync] xm_chat_history size: 30213 bytes
[sync] ingest HTTP 500
[sync] xm_chat_history size: 30213 bytes
[sync] ingest HTTP 500
[sync] xm_chat_history size: 30213 bytes
[sync] ingest HTTP 500
[2026/3/29 03:48:49] [client] browser heartbeat 失败: fetch failed
[sync] xm_chat_history size: 30213 bytes
[sync] ingest HTTP 500
[sync] xm_chat_history size: 30213 bytes
[sync] ingest HTTP 500
[sync] xm_chat_history size: 30213 bytes
[sync] ingest HTTP 500
[sync] xm_chat_history size: 30213 bytes
[sync] ingest HTTP 500
[sync] xm_chat_history size: 30213 bytes
[sync] ingest HTTP 500
[sync] xm_chat_history size: 30213 bytes
[sync] ingest HTTP 500
[sync] xm_chat_history size: 30213 bytes
[sync] ingest HTTP 500
[sync] xm_chat_history size: 30213 bytes
[sync] ingest HTTP 500
[sync] xm_chat_history size: 30213 bytes
[sync] ingest HTTP 500
[sync] xm_chat_history size: 30213 bytes
[sync] ingest HTTP 500
[sync] xm_chat_history size: 30213 bytes
[sync] ingest HTTP 500
[sync] xm_chat_history size: 30213 bytes
[sync] ingest HTTP 500
[sync] xm_chat_history size: 30213 bytes
[sync] ingest HTTP 500
[sync] xm_chat_history size: 30213 bytes
[sync] ingest HTTP 500
[sync] xm_chat_history size: 30213 bytes
[sync] ingest HTTP 500
[sync] xm_chat_history size: 30213 bytes
[sync] ingest HTTP 500
[sync] xm_chat_history size: 30213 bytes
[sync] ingest HTTP 500
[sync] xm_chat_history size: 30213 bytes
[sync] ingest HTTP 500
[sync] xm_chat_history size: 30213 bytes
[sync] ingest HTTP 500
[sync] xm_chat_history size: 30213 bytes
[sync] ingest HTTP 500
[sync] xm_chat_history size: 30213 bytes
[sync] ingest HTTP 500
[sync] xm_chat_history size: 30213 bytes
[sync] ingest HTTP 500
[sync] xm_chat_history size: 30213 bytes
[sync] ingest HTTP 500
[sync] xm_chat_history size: 30213 bytes
[sync] ingest HTTP 500
[2026/3/29 04:37:35] [client] browser heartbeat 失败: fetch failed
[sync] xm_chat_history size: 30213 bytes
[sync] ingest HTTP 500
[sync] xm_chat_history size: 30213 bytes
[sync] ingest HTTP 500
[sync] xm_chat_history size: 30213 bytes
[sync] ingest HTTP 500
[sync] xm_chat_history size: 30213 bytes
[sync] ingest HTTP 500
[sync] xm_chat_history size: 30213 bytes
[sync] ingest HTTP 500
[sync] xm_chat_history size: 30213 bytes
[sync] ingest HTTP 500
[sync] xm_chat_history size: 30213 bytes
[sync] ingest HTTP 500
[sync] xm_chat_history size: 30213 bytes
[sync] ingest HTTP 500
[sync] xm_chat_history size: 30213 bytes
[sync] ingest HTTP 500
[sync] xm_chat_history size: 30213 bytes
[sync] ingest HTTP 500
[sync] xm_chat_history size: 30213 bytes
[sync] ingest HTTP 500
[sync] xm_chat_history size: 30213 bytes
[sync] ingest HTTP 500
[sync] xm_chat_history size: 30213 bytes
[sync] ingest HTTP 500
[sync] xm_chat_history size: 30213 bytes
[sync] ingest HTTP 500
[sync] xm_chat_history size: 30213 bytes
[sync] ingest HTTP 500
[sync] xm_chat_history size: 30213 bytes
[sync] ingest HTTP 500
[sync] xm_chat_history size: 30213 bytes
[sync] ingest HTTP 500
[sync] xm_chat_history size: 30213 bytes
[sync] ingest HTTP 500
[sync] xm_chat_history size: 30213 bytes
[sync] ingest HTTP 500
[sync] xm_chat_history size: 30213 bytes
[sync] ingest HTTP 500
[sync] xm_chat_history size: 30213 bytes
[sync] ingest HTTP 500
[sync] xm_chat_history size: 30213 bytes
[sync] ingest HTTP 500
[sync] xm_chat_history size: 30213 bytes
[sync] ingest HTTP 500
[sync] xm_chat_history size: 30213 bytes
[sync] ingest HTTP 500
[sync] xm_chat_history size: 30213 bytes
[sync] ingest HTTP 500
[sync] xm_chat_history size: 30213 bytes
[sync] ingest HTTP 500
[sync] xm_chat_history size: 30213 bytes
[sync] ingest HTTP 500
[sync] xm_chat_history size: 30213 bytes
[sync] ingest HTTP 500
[sync] xm_chat_history size: 30213 bytes
[sync] ingest HTTP 500
[sync] xm_chat_history size: 30213 bytes
[sync] ingest HTTP 500
[sync] xm_chat_history size: 30213 bytes
[sync] ingest HTTP 500
[sync] xm_chat_history size: 30213 bytes
[sync] ingest HTTP 500
[sync] xm_chat_history size: 30213 bytes
[sync] ingest HTTP 500
[sync] xm_chat_history size: 30213 bytes
[sync] ingest HTTP 500
[sync] xm_chat_history size: 30213 bytes
[sync] ingest HTTP 500
[sync] xm_chat_history size: 30213 bytes
[sync] ingest HTTP 500
[sync] xm_chat_history size: 30213 bytes
[sync] ingest HTTP 500
[sync] xm_chat_history size: 30213 bytes
[sync] ingest HTTP 500
[sync] xm_chat_history size: 30213 bytes
[sync] ingest HTTP 500
[sync] xm_chat_history size: 30213 bytes
[sync] ingest HTTP 500
[sync] xm_chat_history size: 30213 bytes
[sync] ingest HTTP 500
[sync] xm_chat_history size: 30213 bytes
[sync] ingest HTTP 500
[sync] xm_chat_history size: 30213 bytes
[sync] ingest HTTP 500
[sync] xm_chat_history size: 30213 bytes
[sync] ingest HTTP 500
[sync] xm_chat_history size: 30213 bytes
[sync] ingest HTTP 500
[sync] xm_chat_history size: 30213 bytes
[sync] ingest HTTP 500
[sync] xm_chat_history size: 30213 bytes
[sync] ingest HTTP 500
[sync] xm_chat_history size: 30213 bytes
[sync] ingest HTTP 500
[sync] xm_chat_history size: 30213 bytes
[sync] ingest HTTP 500
[2026/3/29 05:14:19] [client] browser heartbeat 失败: fetch failed
[sync] xm_chat_history size: 30213 bytes
[sync] ingest HTTP 500
[sync] xm_chat_history size: 30213 bytes
[sync] ingest HTTP 500
[sync] xm_chat_history size: 30213 bytes
[sync] ingest HTTP 500
[sync] xm_chat_history size: 30213 bytes
[sync] ingest HTTP 500
[sync] xm_chat_history size: 30213 bytes
[sync] ingest HTTP 500
[sync] xm_chat_history size: 30213 bytes
[sync] ingest HTTP 500
[sync] xm_chat_history size: 30213 bytes
[sync] ingest HTTP 500
[sync] xm_chat_history size: 30213 bytes
[sync] ingest HTTP 500
[sync] xm_chat_history size: 30213 bytes
[sync] ingest HTTP 500
[sync] xm_chat_history size: 30213 bytes
[sync] ingest HTTP 500
[sync] xm_chat_history size: 30213 bytes
[sync] ingest HTTP 500
[sync] xm_chat_history size: 30213 bytes
[sync] ingest HTTP 500
[sync] xm_chat_history size: 30213 bytes
[sync] ingest HTTP 500
[sync] xm_chat_history size: 30213 bytes
[sync] ingest HTTP 500
[sync] xm_chat_history size: 30213 bytes
[sync] ingest HTTP 500
[sync] xm_chat_history size: 30213 bytes
[sync] ingest HTTP 500
[sync] xm_chat_history size: 30213 bytes
[sync] ingest HTTP 500
[sync] xm_chat_history size: 30213 bytes
[sync] ingest HTTP 500
[sync] xm_chat_history size: 30213 bytes
[sync] ingest HTTP 500
[sync] xm_chat_history size: 30213 bytes
[sync] ingest HTTP 500
[sync] xm_chat_history size: 30213 bytes
[sync] ingest HTTP 500
[sync] xm_chat_history size: 30213 bytes
[sync] ingest HTTP 500
[sync] xm_chat_history size: 30213 bytes
[sync] ingest HTTP 500
[sync] xm_chat_history size: 30213 bytes
[sync] ingest HTTP 500
[sync] xm_chat_history size: 30213 bytes
[sync] ingest HTTP 500
[sync] xm_chat_history size: 30213 bytes
[sync] ingest HTTP 500
[sync] xm_chat_history size: 30213 bytes
[sync] ingest HTTP 500
[sync] xm_chat_history size: 30213 bytes
[sync] ingest HTTP 500
[sync] xm_chat_history size: 30213 bytes
[sync] ingest HTTP 500
[sync] xm_chat_history size: 30213 bytes
[sync] ingest HTTP 500
[sync] xm_chat_history size: 30213 bytes
[sync] ingest HTTP 500
[sync] xm_chat_history size: 30213 bytes
[sync] ingest HTTP 500
[sync] xm_chat_history size: 30213 bytes
[sync] ingest HTTP 500
[sync] xm_chat_history size: 30213 bytes
[sync] ingest HTTP 500
[sync] xm_chat_history size: 30213 bytes
[sync] ingest HTTP 500
[sync] xm_chat_history size: 30213 bytes
[sync] ingest HTTP 500
[sync] xm_chat_history size: 30213 bytes
[sync] ingest HTTP 500
[sync] xm_chat_history size: 30213 bytes
[sync] ingest HTTP 500
[sync] xm_chat_history size: 30213 bytes
[sync] ingest HTTP 500
[sync] xm_chat_history size: 30213 bytes
[sync] ingest HTTP 500
[sync] xm_chat_history size: 30213 bytes
[sync] ingest HTTP 500
[sync] xm_chat_history size: 30213 bytes
[sync] ingest HTTP 500
[sync] xm_chat_history size: 30213 bytes
[sync] ingest HTTP 500
[sync] xm_chat_history size: 30213 bytes
[sync] ingest HTTP 500
[sync] xm_chat_history size: 30213 bytes
[sync] ingest HTTP 500
[sync] xm_chat_history size: 30213 bytes
[sync] ingest HTTP 500
[sync] xm_chat_history size: 30213 bytes
[sync] ingest HTTP 500
[2026/3/29 05:41:34] [client] browser heartbeat 失败: fetch failed
[sync] xm_chat_history size: 30213 bytes
[sync] ingest HTTP 500
[sync] xm_chat_history size: 30213 bytes
[sync] ingest HTTP 500
[sync] xm_chat_history size: 30213 bytes
[sync] ingest HTTP 500
[sync] xm_chat_history size: 30213 bytes
[sync] ingest HTTP 500
[sync] xm_chat_history size: 30213 bytes
[sync] ingest HTTP 500
[sync] xm_chat_history size: 30213 bytes
[sync] ingest HTTP 500
[sync] xm_chat_history size: 30213 bytes
[sync] ingest HTTP 500
[sync] xm_chat_history size: 30213 bytes
[sync] ingest HTTP 500
[sync] xm_chat_history size: 30213 bytes
[sync] ingest HTTP 500
[sync] xm_chat_history size: 30213 bytes
[sync] ingest HTTP 500
[sync] xm_chat_history size: 30213 bytes
[sync] ingest HTTP 500
[sync] xm_chat_history size: 30213 bytes
[sync] ingest HTTP 500
[sync] xm_chat_history size: 30213 bytes
[sync] ingest HTTP 500
[sync] xm_chat_history size: 30213 bytes
[sync] ingest HTTP 500
[sync] xm_chat_history size: 30213 bytes
[sync] ingest HTTP 500
[sync] xm_chat_history size: 30213 bytes
[sync] ingest HTTP 500
[sync] xm_chat_history size: 30213 bytes
[sync] ingest HTTP 500
[sync] xm_chat_history size: 30213 bytes
[sync] ingest HTTP 500
[sync] xm_chat_history size: 30213 bytes
[sync] ingest HTTP 500
[sync] xm_chat_history size: 30213 bytes
[sync] ingest HTTP 500
[sync] xm_chat_history size: 30213 bytes
[sync] ingest HTTP 500
[sync] xm_chat_history size: 30213 bytes
[sync] ingest HTTP 500
[sync] xm_chat_history size: 30213 bytes
[sync] ingest HTTP 500
[sync] xm_chat_history size: 30213 bytes
[sync] ingest HTTP 500
[sync] xm_chat_history size: 30213 bytes
[sync] ingest HTTP 500
[sync] xm_chat_history size: 30213 bytes
[sync] ingest HTTP 500
[2026/3/29 06:23:23] [client] browser heartbeat 失败: fetch failed
[sync] xm_chat_history size: 30213 bytes
[sync] ingest HTTP 500
[sync] xm_chat_history size: 30213 bytes
[sync] ingest HTTP 500
[sync] xm_chat_history size: 30213 bytes
[sync] ingest HTTP 500
[sync] xm_chat_history size: 30213 bytes
[sync] ingest HTTP 500
[sync] xm_chat_history size: 30213 bytes
[sync] ingest HTTP 500
[sync] xm_chat_history size: 30213 bytes
[sync] ingest HTTP 500
[sync] xm_chat_history size: 30213 bytes
[sync] ingest HTTP 500
[sync] xm_chat_history size: 30213 bytes
[sync] ingest HTTP 500
[sync] xm_chat_history size: 30213 bytes
[sync] ingest HTTP 500
[sync] xm_chat_history size: 30213 bytes
[sync] ingest HTTP 500
[sync] xm_chat_history size: 30213 bytes
[sync] ingest HTTP 500
[sync] xm_chat_history size: 30213 bytes
[sync] ingest HTTP 500
[sync] xm_chat_history size: 30213 bytes
[sync] ingest HTTP 500
[sync] xm_chat_history size: 30213 bytes
[sync] ingest HTTP 500
[sync] xm_chat_history size: 30213 bytes
[sync] ingest HTTP 500
[sync] xm_chat_history size: 30213 bytes
[sync] ingest HTTP 500
[sync] xm_chat_history size: 30213 bytes
[sync] ingest HTTP 500
[sync] xm_chat_history size: 30213 bytes
[sync] ingest HTTP 500
[sync] xm_chat_history size: 30213 bytes
[sync] ingest HTTP 500
[sync] xm_chat_history size: 30213 bytes
[sync] ingest HTTP 500
[sync] xm_chat_history size: 30213 bytes
[sync] ingest HTTP 500
[sync] xm_chat_history size: 30213 bytes
[sync] ingest HTTP 500
[sync] xm_chat_history size: 30213 bytes
[sync] ingest HTTP 500
[sync] xm_chat_history size: 30213 bytes
[sync] ingest HTTP 500
[sync] xm_chat_history size: 30213 bytes
[sync] ingest HTTP 500
[sync] xm_chat_history size: 30213 bytes
[sync] ingest HTTP 500
[sync] xm_chat_history size: 30213 bytes
[sync] ingest HTTP 500
[sync] xm_chat_history size: 30213 bytes
[sync] ingest HTTP 500
[sync] xm_chat_history size: 30213 bytes
[sync] ingest HTTP 500
[sync] xm_chat_history size: 30213 bytes
[sync] ingest HTTP 500
[sync] xm_chat_history size: 30213 bytes
[sync] ingest HTTP 500
[sync] xm_chat_history size: 30213 bytes
[sync] ingest HTTP 500
[sync] xm_chat_history size: 30213 bytes
[sync] ingest HTTP 500
[sync] xm_chat_history size: 30213 bytes
[sync] ingest HTTP 500
[sync] xm_chat_history size: 30213 bytes
[sync] ingest HTTP 500
[sync] xm_chat_history size: 30213 bytes
[sync] ingest HTTP 500
[sync] xm_chat_history size: 30213 bytes
[sync] ingest HTTP 500
[sync] xm_chat_history size: 30213 bytes
[sync] ingest HTTP 500
[sync] xm_chat_history size: 30213 bytes
[sync] ingest HTTP 500
[sync] xm_chat_history size: 30213 bytes
[sync] ingest HTTP 500
[sync] xm_chat_history size: 30213 bytes
[sync] ingest HTTP 500
[sync] xm_chat_history size: 30213 bytes
[sync] ingest HTTP 500
[sync] xm_chat_history size: 30213 bytes
[sync] ingest HTTP 500
[sync] xm_chat_history size: 30213 bytes
[sync] ingest HTTP 500
[sync] xm_chat_history size: 30213 bytes
[sync] ingest HTTP 500
[sync] xm_chat_history size: 30213 bytes
[sync] ingest HTTP 500
[sync] xm_chat_history size: 30213 bytes
[sync] ingest HTTP 500
[sync] xm_chat_history size: 30213 bytes
[sync] ingest HTTP 500
[sync] xm_chat_history size: 30213 bytes
[sync] ingest HTTP 500
[sync] xm_chat_history size: 30213 bytes
[sync] ingest HTTP 500
[sync] xm_chat_history size: 30213 bytes
[sync] ingest HTTP 500
[sync] xm_chat_history size: 30213 bytes
[sync] ingest HTTP 500
[sync] xm_chat_history size: 30213 bytes
[sync] ingest HTTP 500
[sync] xm_chat_history size: 30213 bytes
[sync] ingest HTTP 500
[sync] xm_chat_history size: 30213 bytes
[sync] ingest HTTP 500
[sync] xm_chat_history size: 30213 bytes
[sync] ingest HTTP 500
[sync] xm_chat_history size: 30213 bytes
[sync] ingest HTTP 500
[sync] xm_chat_history size: 30213 bytes
[sync] ingest HTTP 500
[sync] xm_chat_history size: 30213 bytes
[sync] ingest HTTP 500
[sync] xm_chat_history size: 30213 bytes
[sync] ingest HTTP 500
[sync] xm_chat_history size: 30213 bytes
[sync] ingest HTTP 500
[sync] xm_chat_history size: 30213 bytes
[sync] ingest HTTP 500
[sync] xm_chat_history size: 30213 bytes
[sync] ingest HTTP 500
[sync] xm_chat_history size: 30213 bytes
[sync] ingest HTTP 500
[sync] xm_chat_history size: 30213 bytes
[sync] ingest HTTP 500
[sync] xm_chat_history size: 30213 bytes
[sync] ingest HTTP 500
[sync] xm_chat_history size: 30213 bytes
[sync] ingest HTTP 500
[sync] xm_chat_history size: 30213 bytes
[sync] ingest HTTP 500
[sync] xm_chat_history size: 30213 bytes
[sync] ingest HTTP 500
[sync] xm_chat_history size: 30213 bytes
[sync] ingest HTTP 500
[sync] xm_chat_history size: 30213 bytes
[sync] ingest HTTP 500
[sync] xm_chat_history size: 30213 bytes
[sync] ingest HTTP 500
[sync] xm_chat_history size: 30213 bytes
[sync] ingest HTTP 500
[sync] xm_chat_history size: 30213 bytes
[sync] ingest HTTP 500
[sync] xm_chat_history size: 30213 bytes
[sync] ingest HTTP 500
[sync] xm_chat_history size: 30213 bytes
[sync] ingest HTTP 500
[sync] xm_chat_history size: 30213 bytes
[sync] ingest HTTP 500
[sync] xm_chat_history size: 30213 bytes
[sync] ingest HTTP 500
[sync] xm_chat_history size: 30213 bytes
[sync] ingest HTTP 500
[sync] xm_chat_history size: 30213 bytes
[sync] ingest HTTP 500
[sync] xm_chat_history size: 30213 bytes
[sync] ingest HTTP 500
[sync] xm_chat_history size: 30213 bytes
[sync] ingest HTTP 500
[sync] xm_chat_history size: 30213 bytes
[sync] ingest HTTP 500
[sync] xm_chat_history size: 30213 bytes
[sync] ingest HTTP 500
[sync] xm_chat_history size: 30213 bytes
[sync] ingest HTTP 500
[sync] xm_chat_history size: 30213 bytes
[sync] ingest HTTP 500
[sync] xm_chat_history size: 30213 bytes
[sync] ingest HTTP 500
[sync] xm_chat_history size: 30213 bytes
[sync] ingest HTTP 500
[sync] xm_chat_history size: 30213 bytes
[sync] ingest HTTP 500
[sync] xm_chat_history size: 30213 bytes
[sync] ingest HTTP 500
[sync] xm_chat_history size: 30213 bytes
[sync] ingest HTTP 500
[sync] xm_chat_history size: 30213 bytes
[sync] ingest HTTP 500
[sync] xm_chat_history size: 30213 bytes
[sync] ingest HTTP 500
[sync] xm_chat_history size: 30213 bytes
[sync] ingest HTTP 500
[sync] xm_chat_history size: 30213 bytes
[sync] ingest HTTP 500
[sync] xm_chat_history size: 30213 bytes
[sync] ingest HTTP 500
[sync] xm_chat_history size: 30213 bytes
[sync] ingest HTTP 500
[sync] xm_chat_history size: 30213 bytes
[sync] ingest HTTP 500
[sync] xm_chat_history size: 30213 bytes
[sync] ingest HTTP 500
[sync] xm_chat_history size: 30213 bytes
[sync] ingest HTTP 500
[sync] xm_chat_history size: 30213 bytes
[sync] ingest HTTP 500
[sync] xm_chat_history size: 30213 bytes
[sync] ingest HTTP 500
[sync] xm_chat_history size: 30213 bytes
[sync] ingest HTTP 500
[sync] xm_chat_history size: 30213 bytes
[sync] ingest HTTP 500
[sync] xm_chat_history size: 30213 bytes
[sync] ingest HTTP 500
[sync] xm_chat_history size: 30213 bytes
[sync] ingest HTTP 500
[sync] xm_chat_history size: 30213 bytes
[sync] ingest HTTP 500
[sync] xm_chat_history size: 30213 bytes
[sync] ingest HTTP 500
[sync] xm_chat_history size: 30213 bytes
[sync] ingest HTTP 500
[sync] xm_chat_history size: 30213 bytes
[sync] ingest HTTP 500
[sync] xm_chat_history size: 30213 bytes
[sync] ingest HTTP 500
[sync] xm_chat_history size: 30213 bytes
[sync] ingest HTTP 500
[sync] xm_chat_history size: 30213 bytes
[sync] ingest HTTP 500
[sync] xm_chat_history size: 30213 bytes
[sync] ingest HTTP 500
[sync] xm_chat_history size: 30213 bytes
[sync] ingest HTTP 500
[sync] xm_chat_history size: 30213 bytes
[sync] ingest HTTP 500
[sync] xm_chat_history size: 30213 bytes
[sync] ingest HTTP 500
[sync] xm_chat_history size: 30213 bytes
[sync] ingest HTTP 500
[sync] xm_chat_history size: 30213 bytes
[sync] ingest HTTP 500
[sync] xm_chat_history size: 30213 bytes
[sync] ingest HTTP 500
[sync] xm_chat_history size: 30213 bytes
[sync] ingest HTTP 500
[sync] xm_chat_history size: 30213 bytes
[sync] ingest HTTP 500
[sync] xm_chat_history size: 30213 bytes
[sync] ingest HTTP 500
[sync] xm_chat_history size: 30213 bytes
[sync] ingest HTTP 500
[sync] xm_chat_history size: 30213 bytes
[sync] ingest HTTP 500
[sync] xm_chat_history size: 30213 bytes
[sync] ingest HTTP 500
[sync] xm_chat_history size: 30213 bytes
[sync] ingest HTTP 500
[sync] xm_chat_history size: 30213 bytes
[sync] ingest HTTP 500
[sync] xm_chat_history size: 30213 bytes
[sync] ingest HTTP 500
[sync] xm_chat_history size: 30213 bytes
[sync] ingest HTTP 500
[sync] xm_chat_history size: 30213 bytes
[sync] ingest HTTP 500
[sync] xm_chat_history size: 30213 bytes
[sync] ingest HTTP 500
[sync] xm_chat_history size: 30213 bytes
[sync] ingest HTTP 500
[sync] xm_chat_history size: 30213 bytes
[sync] ingest HTTP 500
[sync] xm_chat_history size: 30213 bytes
[sync] ingest HTTP 500
[sync] xm_chat_history size: 30213 bytes
[sync] ingest HTTP 500
[sync] xm_chat_history size: 30213 bytes
[sync] ingest HTTP 500
[sync] xm_chat_history size: 30213 bytes
[sync] ingest HTTP 500
[sync] xm_chat_history size: 30213 bytes
[sync] ingest HTTP 500
[sync] xm_chat_history size: 30213 bytes
[sync] ingest HTTP 500
[sync] xm_chat_history size: 30213 bytes
[sync] ingest HTTP 500
[sync] xm_chat_history size: 30213 bytes
[sync] ingest HTTP 500
[sync] xm_chat_history size: 30213 bytes
[sync] ingest HTTP 500
[sync] xm_chat_history size: 30213 bytes
[sync] ingest HTTP 500
[sync] xm_chat_history size: 30213 bytes
[sync] ingest HTTP 500
[sync] xm_chat_history size: 30213 bytes
[sync] ingest HTTP 500
[sync] xm_chat_history size: 30213 bytes
[sync] ingest HTTP 500
[sync] xm_chat_history size: 30213 bytes
[sync] ingest HTTP 500
[sync] xm_chat_history size: 30213 bytes
[sync] ingest HTTP 500
[sync] xm_chat_history size: 30213 bytes
[sync] ingest HTTP 500
[sync] xm_chat_history size: 30213 bytes
[sync] ingest HTTP 500
[sync] xm_chat_history size: 30213 bytes
[sync] ingest HTTP 500
[sync] xm_chat_history size: 30213 bytes
[sync] ingest HTTP 500
[sync] xm_chat_history size: 30213 bytes
[sync] ingest HTTP 500
[sync] xm_chat_history size: 30213 bytes
[sync] ingest HTTP 500
[sync] xm_chat_history size: 30213 bytes
[sync] ingest HTTP 500
[2026/3/29 08:14:21] [client] browser heartbeat 失败: fetch failed
[sync] xm_chat_history size: 30213 bytes
[sync] ingest HTTP 500
[sync] xm_chat_history size: 30213 bytes
[sync] ingest HTTP 500
[sync] xm_chat_history size: 30213 bytes
[sync] ingest HTTP 500
[sync] xm_chat_history size: 30213 bytes
[sync] ingest HTTP 500
[sync] xm_chat_history size: 30213 bytes
[sync] ingest HTTP 500
[sync] xm_chat_history size: 30213 bytes
[sync] ingest HTTP 500
[sync] xm_chat_history size: 30213 bytes
[sync] ingest HTTP 500
[sync] xm_chat_history size: 30213 bytes
[sync] ingest HTTP 500
[sync] xm_chat_history size: 30213 bytes
[sync] ingest HTTP 500
[sync] xm_chat_history size: 30213 bytes
[sync] ingest HTTP 500
[sync] xm_chat_history size: 30213 bytes
[sync] ingest HTTP 500
[sync] xm_chat_history size: 30213 bytes
[sync] ingest HTTP 500
[sync] xm_chat_history size: 30213 bytes
[sync] ingest HTTP 500
[sync] xm_chat_history size: 30213 bytes
[sync] ingest HTTP 500
[sync] xm_chat_history size: 30213 bytes
[sync] ingest HTTP 500
[sync] xm_chat_history size: 30213 bytes
[sync] ingest HTTP 500
[sync] xm_chat_history size: 30213 bytes
[sync] ingest HTTP 500
[sync] xm_chat_history size: 30213 bytes
[sync] ingest HTTP 500
[sync] xm_chat_history size: 30213 bytes
[sync] ingest HTTP 500
[sync] xm_chat_history size: 30213 bytes
[sync] ingest HTTP 500
[sync] xm_chat_history size: 30213 bytes
[sync] ingest HTTP 500
[sync] xm_chat_history size: 30213 bytes
[sync] ingest HTTP 500
[sync] xm_chat_history size: 30213 bytes
[sync] ingest HTTP 500
[sync] xm_chat_history size: 30213 bytes
[sync] ingest HTTP 500
[sync] xm_chat_history size: 30213 bytes
[sync] ingest HTTP 500
[sync] xm_chat_history size: 30213 bytes
[sync] ingest HTTP 500
[sync] xm_chat_history size: 30213 bytes
[sync] ingest HTTP 500
[sync] xm_chat_history size: 30213 bytes
[sync] ingest HTTP 500
[sync] xm_chat_history size: 30213 bytes
[sync] ingest HTTP 500
[sync] xm_chat_history size: 30213 bytes
[sync] ingest HTTP 500
[sync] xm_chat_history size: 30213 bytes
[sync] ingest HTTP 500
[sync] xm_chat_history size: 30213 bytes
[sync] ingest HTTP 500
[sync] xm_chat_history size: 30213 bytes
[sync] ingest HTTP 500
[sync] xm_chat_history size: 30213 bytes
[sync] ingest HTTP 500
[sync] xm_chat_history size: 30213 bytes
[sync] ingest HTTP 500
[sync] xm_chat_history size: 30213 bytes
[sync] ingest HTTP 500
[sync] xm_chat_history size: 30213 bytes
[sync] ingest HTTP 500
[sync] xm_chat_history size: 30213 bytes
[sync] ingest HTTP 500
[sync] xm_chat_history size: 30213 bytes
[sync] ingest HTTP 500
[sync] xm_chat_history size: 30213 bytes
[sync] ingest HTTP 500
[sync] xm_chat_history size: 30213 bytes
[sync] ingest HTTP 500
[sync] xm_chat_history size: 30213 bytes
[sync] ingest HTTP 500
[sync] xm_chat_history size: 30213 bytes
[sync] ingest HTTP 500
[sync] xm_chat_history size: 30213 bytes
[sync] ingest HTTP 500
[sync] xm_chat_history size: 30213 bytes
[sync] ingest HTTP 500
[sync] xm_chat_history size: 30213 bytes
[sync] ingest HTTP 500
[sync] xm_chat_history size: 30213 bytes
[sync] ingest HTTP 500
[sync] xm_chat_history size: 30213 bytes
[sync] ingest HTTP 500
[sync] xm_chat_history size: 30213 bytes
[sync] ingest HTTP 500
[sync] xm_chat_history size: 30213 bytes
[sync] ingest HTTP 500
[sync] xm_chat_history size: 30213 bytes
[sync] ingest HTTP 500
[sync] xm_chat_history size: 30213 bytes
[sync] ingest HTTP 500
[sync] xm_chat_history size: 30213 bytes
[sync] ingest HTTP 500
[sync] xm_chat_history size: 30213 bytes
[sync] ingest HTTP 500
[sync] xm_chat_history size: 30213 bytes
[sync] ingest HTTP 500
[sync] xm_chat_history size: 30213 bytes
[sync] ingest HTTP 500
[sync] xm_chat_history size: 30213 bytes
[sync] ingest HTTP 500
[sync] xm_chat_history size: 30213 bytes
[sync] ingest HTTP 500
[sync] xm_chat_history size: 30213 bytes
[sync] ingest HTTP 500
[sync] xm_chat_history size: 30213 bytes
[sync] ingest HTTP 500
[sync] xm_chat_history size: 30213 bytes
[sync] ingest HTTP 500
[sync] xm_chat_history size: 30213 bytes
[sync] ingest HTTP 500
[sync] xm_chat_history size: 30213 bytes
[sync] ingest HTTP 500
[sync] xm_chat_history size: 30213 bytes
[sync] ingest HTTP 500
[sync] xm_chat_history size: 30213 bytes
[sync] ingest HTTP 500
[sync] xm_chat_history size: 30213 bytes
[sync] ingest HTTP 500
[sync] xm_chat_history size: 30213 bytes
[sync] ingest HTTP 500
[sync] xm_chat_history size: 30213 bytes
[sync] ingest HTTP 500
[sync] xm_chat_history size: 30213 bytes
[sync] ingest HTTP 500
[sync] xm_chat_history size: 30213 bytes
[sync] ingest HTTP 500
[sync] xm_chat_history size: 30213 bytes
[sync] ingest HTTP 500
[sync] xm_chat_history size: 30213 bytes
[sync] ingest HTTP 500
[sync] xm_chat_history size: 30213 bytes
[sync] ingest HTTP 500
[sync] xm_chat_history size: 30213 bytes
[sync] ingest HTTP 500
[sync] xm_chat_history size: 30213 bytes
[sync] ingest HTTP 500
[sync] xm_chat_history size: 30213 bytes
[sync] ingest HTTP 500
[sync] xm_chat_history size: 30213 bytes
[sync] ingest HTTP 500
[sync] xm_chat_history size: 30213 bytes
[sync] ingest HTTP 500
[sync] xm_chat_history size: 30213 bytes
[sync] ingest HTTP 500
[sync] xm_chat_history size: 30213 bytes
[sync] ingest HTTP 500
[sync] xm_chat_history size: 30213 bytes
[sync] ingest HTTP 500
[sync] xm_chat_history size: 30213 bytes
[sync] ingest HTTP 500
[sync] xm_chat_history size: 30213 bytes
[sync] ingest HTTP 500
[sync] xm_chat_history size: 30213 bytes
[sync] ingest HTTP 500
[sync] xm_chat_history size: 30213 bytes
[sync] ingest HTTP 500
[sync] xm_chat_history size: 30213 bytes
[sync] ingest HTTP 500
[sync] xm_chat_history size: 30213 bytes
[sync] ingest HTTP 500
[sync] xm_chat_history size: 30213 bytes
[sync] ingest HTTP 500
[sync] xm_chat_history size: 30213 bytes
[sync] ingest HTTP 500
[sync] xm_chat_history size: 30213 bytes
[sync] ingest HTTP 500
[sync] xm_chat_history size: 30213 bytes
[sync] ingest HTTP 500
[sync] xm_chat_history size: 30213 bytes
[sync] ingest HTTP 500
[sync] xm_chat_history size: 30213 bytes
[sync] ingest HTTP 500
[sync] xm_chat_history size: 30213 bytes
[sync] ingest HTTP 500
[sync] xm_chat_history size: 30213 bytes
[sync] ingest HTTP 500
[sync] xm_chat_history size: 30213 bytes
[sync] ingest HTTP 500
[sync] xm_chat_history size: 30213 bytes
[sync] ingest HTTP 500
[sync] xm_chat_history size: 30213 bytes
[sync] ingest HTTP 500
[sync] xm_chat_history size: 30213 bytes
[sync] ingest HTTP 500
[sync] xm_chat_history size: 30213 bytes
[sync] ingest HTTP 500
[2026/3/29 09:26:29] [client] browser heartbeat 失败: fetch failed
[sync] xm_chat_history size: 30213 bytes
[sync] ingest HTTP 500
[sync] xm_chat_history size: 30213 bytes
[sync] ingest HTTP 500
[sync] xm_chat_history size: 30213 bytes
[sync] ingest HTTP 500
[sync] xm_chat_history size: 30213 bytes
[sync] ingest HTTP 500
[sync] xm_chat_history size: 30213 bytes
[sync] ingest HTTP 500
[sync] xm_chat_history size: 30213 bytes
[sync] ingest HTTP 500
[sync] xm_chat_history size: 30213 bytes
[sync] ingest HTTP 500
[sync] xm_chat_history size: 30213 bytes
[sync] ingest HTTP 500
[sync] xm_chat_history size: 30213 bytes
[sync] ingest HTTP 500
[sync] xm_chat_history size: 30213 bytes
[sync] ingest HTTP 500
[2026/3/29 09:30:40] [client] 已向 server 注册 client: 纯粹衣饰 (account: default)
[2026/3/29 09:30:40] [client] 本地 browser bridge 已启动: https://127.0.0.1:3211/ws/browser
[2026/3/29 09:30:40] [client] 已为项目专用 Chrome 注入本地 bridge 证书 SPKI allowlist
[2026/3/29 09:30:40] [client] 检测到 Chrome 已监听 18800，跳过重复拉起
[2026/3/29 09:30:40] [client] 补开启动页: https://www.goofish.com/im
[2026/3/29 09:30:40] [client] 补开启动页: https://myseller.taobao.com/home.htm/batch-consign
[2026/3/29 09:30:40] [client] 启动 sync.ts，连接 CDP 18800，同步到 http://127.0.0.1:3210，client: 纯粹衣饰
[sync] starting daemon — interval 5000ms
[sync] xm_chat_history size: 30213 bytes
[sync] ingest HTTP 500
[sync] error: goofish.com/im tab not found
[sync] error: goofish.com/im tab not found
[sync] error: goofish.com/im tab not found
[sync] xm_chat_history size: 30213 bytes
[sync] ingest HTTP 500
[sync] xm_chat_history size: 30213 bytes
[sync] ingest HTTP 500
[sync] xm_chat_history size: 30213 bytes
[sync] ingest HTTP 500
[sync] xm_chat_history size: 30213 bytes
[sync] ingest HTTP 500
[sync] xm_chat_history size: 30213 bytes
[sync] ingest HTTP 500
[sync] xm_chat_history size: 30213 bytes
[sync] ingest HTTP 500
[sync] xm_chat_history size: 30213 bytes
[sync] ingest HTTP 500
[sync] xm_chat_history size: 30213 bytes
[sync] ingest HTTP 500
[sync] xm_chat_history size: 30213 bytes
[sync] ingest HTTP 500
[sync] xm_chat_history size: 30213 bytes
[sync] ingest HTTP 500
[sync] xm_chat_history size: 30213 bytes
[sync] ingest HTTP 500
[sync] xm_chat_history size: 30213 bytes
[sync] ingest HTTP 500
[sync] xm_chat_history size: 30213 bytes
[sync] ingest HTTP 500
[sync] xm_chat_history size: 30213 bytes
[sync] ingest HTTP 500
[sync] xm_chat_history size: 30213 bytes
[sync] ingest HTTP 500
[sync] xm_chat_history size: 30213 bytes
[sync] ingest HTTP 500
[sync] xm_chat_history size: 30213 bytes
[sync] ingest HTTP 500
[sync] xm_chat_history size: 30213 bytes
[sync] ingest HTTP 500
[sync] xm_chat_history size: 30213 bytes
[sync] ingest HTTP 500
[sync] xm_chat_history size: 30213 bytes
[sync] ingest HTTP 500
[sync] xm_chat_history size: 30213 bytes
[sync] ingest HTTP 500
[sync] xm_chat_history size: 30213 bytes
[sync] ingest HTTP 500
[sync] xm_chat_history size: 30213 bytes
[sync] ingest HTTP 500
[sync] xm_chat_history size: 30213 bytes
[sync] ingest HTTP 500
[sync] xm_chat_history size: 30213 bytes
[sync] ingest HTTP 500
[sync] xm_chat_history size: 30213 bytes
[sync] ingest HTTP 500
[sync] xm_chat_history size: 30213 bytes
[sync] ingest HTTP 500
[sync] xm_chat_history size: 30213 bytes
[sync] error: fetch failed
[2026/3/29 09:33:19] [client] browser heartbeat 失败: fetch failed
[sync] xm_chat_history size: 30213 bytes
[sync] ingest HTTP 500
[sync] xm_chat_history size: 30213 bytes
[sync] ingest HTTP 500
[sync] xm_chat_history size: 30213 bytes
[sync] ingest HTTP 500
[sync] xm_chat_history size: 30213 bytes
[sync] ingest HTTP 500
[sync] xm_chat_history size: 30213 bytes
[sync] ingest HTTP 500
[sync] xm_chat_history size: 30213 bytes
[sync] ingest HTTP 500
[sync] xm_chat_history size: 30213 bytes
[sync] ingest HTTP 500
[sync] xm_chat_history size: 30213 bytes
[sync] ingest HTTP 500
[sync] xm_chat_history size: 30213 bytes
[sync] ingest HTTP 500
[2026/3/29 09:34:07] [client] browser heartbeat 失败: fetch failed
[sync] xm_chat_history size: 30213 bytes
[sync] error: fetch failed
[2026/3/29 09:34:10] [client] browser heartbeat 失败: fetch failed
[sync] xm_chat_history size: 30213 bytes
[sync] ingest result: {"ok":true,"results":{"你的头真大_1030658100776":{"isNewSession":true,"newMsgCount":37,"totalMessages":37,"canonicalChatKey":"你的头真大_1030658100776"},"阿拉喵主子_1015500846697":{"isNewSession":true,"newMsgCount":16,"totalMessages":16,"canonicalChatKey":"阿拉喵主子_1015500846697"},"庐州美美椰子":{"isNewSession":true,"newMsgCount":2,"totalMessages":2,"canonicalChatKey":"庐州美美椰子"},"庐州美美椰子_910817683819":{"isNewSession":true,"newMsgCount":70,"totalMessages":70,"canonicalChatKey":"庐州美美椰子_910817683819"},"0累球0_994982452499":{"isNewSession":true,"newMsgCount":6,"totalMessages":6,"canonicalChatKey":"0累球0_994982452499"},"码匠铺子_958625474098":{"isNewSession":true,"newMsgCount":19,"totalMessages":19,"canonicalChatKey":"码匠铺子_958625474098"},"x***2_991148214602":{"isNewSession":true,"newMsgCount":8,"totalMessages":8,"canonicalChatKey":"x***2_991148214602"},"孔明科技价格透明合同保障_991702418518":{"isNewSession":true,"newMsgCount":7,"totalMessages":7,"canonicalChatKey":"孔明科技价格透明合同保障_991702418518"},"tbNick_gj6d9_983484928356":{"isNewSession":true,"newMsgCount":20,"totalMessages":20,"canonicalChatKey":"tbNick_gj6d9_983484928356"},"SPSS数据分析师_908079810845":{"isNewSession":true,"newMsgCount":8,"totalMessages":8,"canonicalChatKey":"SPSS数据分析师_908079810845"},"_908079810845":{"isNewSession":false,"newMsgCount":0,"totalMessages":8,"canonicalChatKey":"SPSS数据分析师_908079810845"}}}
[sync] data unchanged, skipping
[sync] data unchanged, skipping
[sync] data unchanged, skipping
[sync] data unchanged, skipping
[sync] data unchanged, skipping
[sync] data unchanged, skipping
[sync] data unchanged, skipping
[sync] data unchanged, skipping
[sync] data unchanged, skipping
[sync] data unchanged, skipping
[sync] data unchanged, skipping
[sync] data unchanged, skipping
[sync] data unchanged, skipping
[sync] data unchanged, skipping
[sync] data unchanged, skipping
[sync] data unchanged, skipping
[sync] data unchanged, skipping
[sync] data unchanged, skipping
[sync] data unchanged, skipping
[sync] data unchanged, skipping
[sync] data unchanged, skipping
[sync] data unchanged, skipping
[sync] xm_chat_history size: 22535 bytes
[sync] ingest result: {"ok":true,"results":{"你的头真大_1030658100776":{"isNewSession":false,"newMsgCount":0,"totalMessages":37,"canonicalChatKey":"你的头真大_1030658100776"},"阿拉喵主子_1015500846697":{"isNewSession":false,"newMsgCount":0,"totalMessages":16,"canonicalChatKey":"阿拉喵主子_1015500846697"},"庐州美美椰子":{"isNewSession":false,"newMsgCount":0,"totalMessages":2,"canonicalChatKey":"庐州美美椰子"},"庐州美美椰子_910817683819":{"isNewSession":false,"newMsgCount":0,"totalMessages":3,"canonicalChatKey":"庐州美美椰子_910817683819"},"0累球0_994982452499":{"isNewSession":false,"newMsgCount":0,"totalMessages":6,"canonicalChatKey":"0累球0_994982452499"},"码匠铺子_958625474098":{"isNewSession":false,"newMsgCount":0,"totalMessages":19,"canonicalChatKey":"码匠铺子_958625474098"},"x***2_991148214602":{"isNewSession":false,"newMsgCount":0,"totalMessages":8,"canonicalChatKey":"x***2_991148214602"},"孔明科技价格透明合同保障_991702418518":{"isNewSession":false,"newMsgCount":0,"totalMessages":7,"canonicalChatKey":"孔明科技价格透明合同保障_991702418518"},"tbNick_gj6d9_983484928356":{"isNewSession":false,"newMsgCount":0,"totalMessages":20,"canonicalChatKey":"tbNick_gj6d9_983484928356"},"SPSS数据分析师_908079810845":{"isNewSession":false,"newMsgCount":0,"totalMessages":8,"canonicalChatKey":"SPSS数据分析师_908079810845"},"_908079810845":{"isNewSession":false,"newMsgCount":0,"totalMessages":8,"canonicalChatKey":"SPSS数据分析师_908079810845"}}}
[sync] data unchanged, skipping
[sync] data unchanged, skipping
[sync] data unchanged, skipping
[sync] data unchanged, skipping
[sync] data unchanged, skipping
[sync] data unchanged, skipping
[sync] data unchanged, skipping
[sync] data unchanged, skipping
[sync] data unchanged, skipping
[sync] data unchanged, skipping
[sync] data unchanged, skipping
[sync] data unchanged, skipping
[sync] data unchanged, skipping
[sync] data unchanged, skipping
[sync] data unchanged, skipping
[sync] data unchanged, skipping
[sync] data unchanged, skipping
[sync] data unchanged, skipping
[sync] data unchanged, skipping
[sync] data unchanged, skipping
[sync] data unchanged, skipping
[sync] data unchanged, skipping
[sync] data unchanged, skipping
[sync] data unchanged, skipping
[sync] data unchanged, skipping
[sync] data unchanged, skipping
[sync] data unchanged, skipping
[sync] data unchanged, skipping
[sync] data unchanged, skipping
[sync] data unchanged, skipping
[sync] data unchanged, skipping
[sync] data unchanged, skipping
[sync] data unchanged, skipping
[sync] data unchanged, skipping
[sync] data unchanged, skipping
[sync] data unchanged, skipping
[sync] data unchanged, skipping
[sync] data unchanged, skipping
[sync] data unchanged, skipping
[sync] data unchanged, skipping
[sync] data unchanged, skipping
[sync] data unchanged, skipping
[sync] data unchanged, skipping
[sync] data unchanged, skipping
[sync] data unchanged, skipping
[sync] data unchanged, skipping
[sync] data unchanged, skipping
[sync] data unchanged, skipping
[sync] data unchanged, skipping
[sync] data unchanged, skipping
[sync] data unchanged, skipping
[sync] data unchanged, skipping
[sync] data unchanged, skipping
[sync] data unchanged, skipping
[sync] data unchanged, skipping
[sync] data unchanged, skipping
[sync] data unchanged, skipping
[sync] data unchanged, skipping
[sync] data unchanged, skipping
[sync] data unchanged, skipping
[sync] data unchanged, skipping
[sync] data unchanged, skipping
[sync] data unchanged, skipping
[sync] data unchanged, skipping
[sync] data unchanged, skipping
[sync] data unchanged, skipping
[sync] data unchanged, skipping
[sync] data unchanged, skipping
[sync] data unchanged, skipping
[sync] data unchanged, skipping
[sync] data unchanged, skipping
[sync] data unchanged, skipping
[sync] data unchanged, skipping
[sync] data unchanged, skipping
[sync] data unchanged, skipping
[sync] data unchanged, skipping
[sync] data unchanged, skipping
[sync] data unchanged, skipping
[sync] data unchanged, skipping
[sync] data unchanged, skipping
[sync] data unchanged, skipping
[sync] data unchanged, skipping
[sync] data unchanged, skipping
[sync] data unchanged, skipping
[sync] data unchanged, skipping
[sync] data unchanged, skipping
[sync] data unchanged, skipping
[sync] data unchanged, skipping
[sync] data unchanged, skipping
[sync] data unchanged, skipping
[sync] data unchanged, skipping
[sync] data unchanged, skipping
[sync] data unchanged, skipping
[sync] data unchanged, skipping
[sync] xm_chat_history is empty, skipping
[sync] xm_chat_history size: 4325 bytes
[sync] ingest HTTP 500
[sync] xm_chat_history size: 7190 bytes
[sync] ingest HTTP 500
[sync] xm_chat_history size: 7750 bytes
[sync] ingest HTTP 500
[sync] xm_chat_history size: 7854 bytes
[sync] ingest HTTP 500
[sync] xm_chat_history size: 9158 bytes
[sync] ingest HTTP 500
[sync] xm_chat_history size: 11849 bytes
[sync] ingest HTTP 500
[sync] xm_chat_history size: 13421 bytes
[sync] ingest HTTP 500
[sync] xm_chat_history size: 13421 bytes
[sync] ingest HTTP 500
[sync] xm_chat_history size: 13421 bytes
[sync] ingest HTTP 500
[sync] xm_chat_history size: 13421 bytes
[sync] ingest HTTP 500
[sync] xm_chat_history size: 13421 bytes
[sync] ingest HTTP 500
[sync] xm_chat_history size: 13421 bytes
[sync] ingest HTTP 500
[sync] xm_chat_history size: 13421 bytes
[sync] ingest HTTP 500
[sync] xm_chat_history size: 13421 bytes
[sync] ingest HTTP 500
[sync] xm_chat_history size: 14974 bytes
[sync] ingest HTTP 500
[sync] xm_chat_history size: 17924 bytes
[sync] ingest HTTP 500
[sync] xm_chat_history size: 22302 bytes
[sync] ingest HTTP 500
[sync] xm_chat_history size: 23836 bytes
[sync] ingest HTTP 500
[sync] xm_chat_history size: 23836 bytes
[sync] ingest HTTP 500
[sync] xm_chat_history size: 23836 bytes
[sync] ingest HTTP 500
[sync] xm_chat_history size: 23836 bytes
[sync] ingest HTTP 500
[sync] xm_chat_history size: 23836 bytes
[sync] ingest HTTP 500
[sync] xm_chat_history size: 23836 bytes
[sync] ingest HTTP 500
[sync] xm_chat_history size: 23836 bytes
[sync] ingest HTTP 500
[sync] xm_chat_history size: 23836 bytes
[sync] ingest HTTP 500
[sync] xm_chat_history size: 23836 bytes
[sync] ingest HTTP 500
[sync] xm_chat_history size: 23836 bytes
[sync] ingest HTTP 500
[sync] xm_chat_history size: 24966 bytes
[sync] ingest HTTP 500
[sync] xm_chat_history size: 24966 bytes
[sync] ingest HTTP 500
[sync] xm_chat_history size: 24966 bytes
[sync] ingest HTTP 500
[sync] xm_chat_history size: 24966 bytes
[sync] ingest HTTP 500
[sync] xm_chat_history size: 25673 bytes
[sync] ingest HTTP 500
[sync] xm_chat_history size: 25673 bytes
[sync] ingest HTTP 500
[sync] xm_chat_history size: 25673 bytes
[sync] ingest HTTP 500
[sync] xm_chat_history size: 25673 bytes
[sync] ingest HTTP 500
[sync] xm_chat_history size: 25673 bytes
[sync] ingest HTTP 500
[sync] xm_chat_history size: 25673 bytes
[sync] ingest HTTP 500
[sync] xm_chat_history size: 27180 bytes
[sync] ingest HTTP 500
[sync] xm_chat_history size: 27180 bytes
[sync] ingest HTTP 500
[sync] xm_chat_history size: 27180 bytes
[sync] ingest HTTP 500
[sync] xm_chat_history size: 27180 bytes
[sync] ingest HTTP 500
[sync] xm_chat_history size: 27180 bytes
[sync] error: fetch failed
[2026/3/29 09:47:37] [client] browser heartbeat 失败: fetch failed
[2026/3/29 09:47:40] [client] browser heartbeat 失败: fetch failed
[sync] xm_chat_history size: 27152 bytes
[sync] error: fetch failed
[sync] xm_chat_history size: 27152 bytes
[sync] ingest result: {"ok":true,"results":{"庐州美美椰子_910817683819":{"isNewSession":false,"newMsgCount":0,"totalMessages":3,"canonicalChatKey":"庐州美美椰子_910817683819"},"你的头真大_1030658100776":{"isNewSession":false,"newMsgCount":0,"totalMessages":20,"canonicalChatKey":"你的头真大_1030658100776"},"阿拉喵主子_1015500846697":{"isNewSession":false,"newMsgCount":0,"totalMessages":16,"canonicalChatKey":"阿拉喵主子_1015500846697"},"庐州美美椰子":{"isNewSession":false,"newMsgCount":0,"totalMessages":1,"canonicalChatKey":"庐州美美椰子"},"0累球0_994982452499":{"isNewSession":false,"newMsgCount":0,"totalMessages":6,"canonicalChatKey":"0累球0_994982452499"},"码匠铺子_958625474098":{"isNewSession":false,"newMsgCount":0,"totalMessages":19,"canonicalChatKey":"码匠铺子_958625474098"},"x***2_991148214602":{"isNewSession":false,"newMsgCount":0,"totalMessages":8,"canonicalChatKey":"x***2_991148214602"},"阿拉喵主子_991148214602":{"isNewSession":false,"newMsgCount":8,"totalMessages":8,"canonicalChatKey":"阿拉喵主子_1015500846697"},"_1030658100776":{"isNewSession":false,"newMsgCount":0,"totalMessages":20,"canonicalChatKey":"你的头真大_1030658100776"},"孔明科技价格透明合同保障_991702418518":{"isNewSession":false,"newMsgCount":0,"totalMessages":7,"canonicalChatKey":"孔明科技价格透明合同保障_991702418518"},"tbNick_gj6d9_983484928356":{"isNewSession":false,"newMsgCount":0,"totalMessages":20,"canonicalChatKey":"tbNick_gj6d9_983484928356"},"SPSS数据分析师_908079810845":{"isNewSession":false,"newMsgCount":0,"totalMessages":8,"canonicalChatKey":"SPSS数据分析师_908079810845"},"_908079810845":{"isNewSession":false,"newMsgCount":0,"totalMessages":8,"canonicalChatKey":"SPSS数据分析师_908079810845"},"阿拉喵主子":{"isNewSession":false,"newMsgCount":1,"totalMessages":1,"canonicalChatKey":"阿拉喵主子_1015500846697"},"阿拉喵主子_908079810845":{"isNewSession":false,"newMsgCount":8,"totalMessages":8,"canonicalChatKey":"阿拉喵主子_1015500846697"}}}
[2026/3/29 09:47:49] [client] 收到 initial_crawl 指令: 1774748867-manual-recrawl，开始执行，limit=100
[2026/3/29 09:47:49] [client] initial_crawl 执行完成: 1774748867-manual-recrawl
[sync] data unchanged, skipping
[sync] data unchanged, skipping
[sync] data unchanged, skipping
[sync] data unchanged, skipping
[sync] data unchanged, skipping
[sync] data unchanged, skipping
[sync] data unchanged, skipping
[sync] data unchanged, skipping
[sync] data unchanged, skipping
[sync] data unchanged, skipping
[sync] data unchanged, skipping
[sync] data unchanged, skipping
[sync] data unchanged, skipping
[sync] data unchanged, skipping
[sync] data unchanged, skipping
[sync] data unchanged, skipping
[sync] data unchanged, skipping
[sync] data unchanged, skipping
[sync] data unchanged, skipping
[sync] data unchanged, skipping
[sync] data unchanged, skipping
[sync] data unchanged, skipping
[sync] data unchanged, skipping
[sync] data unchanged, skipping
[sync] data unchanged, skipping
[sync] data unchanged, skipping
[sync] data unchanged, skipping
[sync] data unchanged, skipping
[sync] data unchanged, skipping
[sync] data unchanged, skipping
[sync] data unchanged, skipping
[sync] data unchanged, skipping
[sync] data unchanged, skipping
[sync] data unchanged, skipping
[sync] data unchanged, skipping
[sync] data unchanged, skipping
[sync] data unchanged, skipping
[sync] data unchanged, skipping
[sync] data unchanged, skipping
[sync] data unchanged, skipping
[sync] data unchanged, skipping
[sync] data unchanged, skipping
[sync] data unchanged, skipping
[sync] data unchanged, skipping
[sync] data unchanged, skipping
[sync] data unchanged, skipping
[sync] data unchanged, skipping
[sync] data unchanged, skipping
[sync] data unchanged, skipping
[sync] data unchanged, skipping
[sync] data unchanged, skipping
[sync] data unchanged, skipping
[sync] data unchanged, skipping
[sync] data unchanged, skipping
[sync] data unchanged, skipping
[sync] data unchanged, skipping
[sync] data unchanged, skipping
[sync] data unchanged, skipping
[sync] data unchanged, skipping
[sync] data unchanged, skipping
[sync] data unchanged, skipping
[sync] data unchanged, skipping
[sync] data unchanged, skipping
[sync] data unchanged, skipping
[sync] data unchanged, skipping
[sync] data unchanged, skipping
[sync] data unchanged, skipping
[sync] data unchanged, skipping
[sync] data unchanged, skipping
[sync] data unchanged, skipping
[sync] data unchanged, skipping
[sync] data unchanged, skipping
[sync] data unchanged, skipping
[sync] data unchanged, skipping
[sync] data unchanged, skipping
[sync] data unchanged, skipping
[sync] data unchanged, skipping
[sync] data unchanged, skipping
[sync] data unchanged, skipping
[sync] data unchanged, skipping
[sync] data unchanged, skipping
[sync] data unchanged, skipping
[sync] data unchanged, skipping
[sync] data unchanged, skipping
[sync] data unchanged, skipping
[sync] data unchanged, skipping
[sync] data unchanged, skipping
[sync] data unchanged, skipping
[sync] data unchanged, skipping
[sync] data unchanged, skipping
[sync] data unchanged, skipping
[sync] data unchanged, skipping
[sync] data unchanged, skipping
[sync] data unchanged, skipping
[sync] data unchanged, skipping
[sync] data unchanged, skipping
[sync] data unchanged, skipping
[sync] data unchanged, skipping
[sync] data unchanged, skipping
[sync] data unchanged, skipping
[sync] data unchanged, skipping
[sync] data unchanged, skipping
[sync] data unchanged, skipping
[sync] data unchanged, skipping
[sync] data unchanged, skipping
[sync] data unchanged, skipping
[sync] data unchanged, skipping
[sync] data unchanged, skipping
[sync] data unchanged, skipping
[sync] data unchanged, skipping
[sync] data unchanged, skipping
[sync] data unchanged, skipping
[sync] data unchanged, skipping
[sync] data unchanged, skipping
[sync] data unchanged, skipping
[sync] data unchanged, skipping
[sync] data unchanged, skipping
[sync] data unchanged, skipping
[sync] data unchanged, skipping
[sync] data unchanged, skipping
[sync] data unchanged, skipping
[sync] data unchanged, skipping
[sync] data unchanged, skipping
[sync] data unchanged, skipping
[sync] data unchanged, skipping
[sync] data unchanged, skipping
[sync] data unchanged, skipping
[sync] data unchanged, skipping
[sync] data unchanged, skipping
[sync] data unchanged, skipping
[sync] data unchanged, skipping
[sync] data unchanged, skipping
[sync] data unchanged, skipping
[sync] data unchanged, skipping
[sync] data unchanged, skipping
[sync] data unchanged, skipping
[sync] data unchanged, skipping
[sync] data unchanged, skipping
[sync] data unchanged, skipping
[sync] data unchanged, skipping
[sync] data unchanged, skipping
[sync] data unchanged, skipping
[sync] data unchanged, skipping
[sync] data unchanged, skipping
[sync] data unchanged, skipping
[sync] data unchanged, skipping
[sync] data unchanged, skipping
[sync] data unchanged, skipping
[sync] data unchanged, skipping
[sync] data unchanged, skipping
[sync] data unchanged, skipping
[sync] data unchanged, skipping
[sync] data unchanged, skipping
[sync] data unchanged, skipping
[sync] data unchanged, skipping
[sync] data unchanged, skipping
[sync] data unchanged, skipping
[sync] data unchanged, skipping
[sync] data unchanged, skipping
[sync] data unchanged, skipping
[sync] data unchanged, skipping
[sync] data unchanged, skipping
[sync] data unchanged, skipping
[sync] data unchanged, skipping
[sync] data unchanged, skipping
[sync] data unchanged, skipping
[sync] data unchanged, skipping
[sync] data unchanged, skipping
[sync] data unchanged, skipping
[sync] data unchanged, skipping
[sync] data unchanged, skipping
[sync] data unchanged, skipping
[sync] data unchanged, skipping
[sync] data unchanged, skipping
[sync] data unchanged, skipping
[sync] data unchanged, skipping
[sync] data unchanged, skipping
[sync] data unchanged, skipping
[sync] data unchanged, skipping
[sync] data unchanged, skipping
[sync] data unchanged, skipping
[sync] data unchanged, skipping
[sync] data unchanged, skipping
[sync] data unchanged, skipping
[sync] data unchanged, skipping
[sync] data unchanged, skipping
[sync] data unchanged, skipping
[sync] data unchanged, skipping
[sync] data unchanged, skipping
[sync] data unchanged, skipping
[sync] data unchanged, skipping
[sync] data unchanged, skipping
[sync] data unchanged, skipping
[sync] data unchanged, skipping
[sync] data unchanged, skipping
[sync] data unchanged, skipping
[2026/3/29 10:04:10] [client] 收到 SIGTERM，准备停止所有子进程
[2026/3/29 10:04:11] [client] 已向 server 注册 client: 纯粹衣饰 (account: default)
[2026/3/29 10:04:11] [client] 本地 browser bridge 已启动: https://127.0.0.1:3211/ws/browser
[2026/3/29 10:04:11] [client] 已为项目专用 Chrome 注入本地 bridge 证书 SPKI allowlist
[2026/3/29 10:04:11] [client] 检测到 Chrome 已监听 18800，跳过重复拉起
[2026/3/29 10:04:11] [client] 补开启动页: https://myseller.taobao.com/home.htm/batch-consign
[2026/3/29 10:04:11] [client] 启动 sync.ts，连接 CDP 18800，同步到 http://127.0.0.1:3210，client: 纯粹衣饰
[sync] starting daemon — interval 5000ms
[sync] xm_chat_history size: 27152 bytes
[sync] ingest result: {"ok":true,"results":{"庐州美美椰子_910817683819":{"isNewSession":false,"newMsgCount":0,"totalMessages":3,"canonicalChatKey":"庐州美美椰子_910817683819"},"你的头真大_1030658100776":{"isNewSession":false,"newMsgCount":0,"totalMessages":20,"canonicalChatKey":"你的头真大_1030658100776"},"阿拉喵主子_1015500846697":{"isNewSession":false,"newMsgCount":0,"totalMessages":16,"canonicalChatKey":"阿拉喵主子_1015500846697"},"庐州美美椰子":{"isNewSession":false,"newMsgCount":0,"totalMessages":1,"canonicalChatKey":"庐州美美椰子"},"0累球0_994982452499":{"isNewSession":false,"newMsgCount":0,"totalMessages":6,"canonicalChatKey":"0累球0_994982452499"},"码匠铺子_958625474098":{"isNewSession":false,"newMsgCount":0,"totalMessages":19,"canonicalChatKey":"码匠铺子_958625474098"},"x***2_991148214602":{"isNewSession":false,"newMsgCount":0,"totalMessages":8,"canonicalChatKey":"x***2_991148214602"},"阿拉喵主子_991148214602":{"isNewSession":false,"newMsgCount":0,"totalMessages":8,"canonicalChatKey":"阿拉喵主子_1015500846697"},"_1030658100776":{"isNewSession":false,"newMsgCount":0,"totalMessages":20,"canonicalChatKey":"你的头真大_1030658100776"},"孔明科技价格透明合同保障_991702418518":{"isNewSession":false,"newMsgCount":0,"totalMessages":7,"canonicalChatKey":"孔明科技价格透明合同保障_991702418518"},"tbNick_gj6d9_983484928356":{"isNewSession":false,"newMsgCount":0,"totalMessages":20,"canonicalChatKey":"tbNick_gj6d9_983484928356"},"SPSS数据分析师_908079810845":{"isNewSession":false,"newMsgCount":0,"totalMessages":8,"canonicalChatKey":"SPSS数据分析师_908079810845"},"_908079810845":{"isNewSession":false,"newMsgCount":0,"totalMessages":8,"canonicalChatKey":"SPSS数据分析师_908079810845"},"阿拉喵主子":{"isNewSession":false,"newMsgCount":0,"totalMessages":1,"canonicalChatKey":"阿拉喵主子_1015500846697"},"阿拉喵主子_908079810845":{"isNewSession":false,"newMsgCount":0,"totalMessages":8,"canonicalChatKey":"阿拉喵主子_1015500846697"}}}
[sync] data unchanged, skipping
[sync] data unchanged, skipping
[sync] data unchanged, skipping
[sync] data unchanged, skipping
[sync] data unchanged, skipping
[sync] data unchanged, skipping
[sync] data unchanged, skipping
[sync] data unchanged, skipping
[sync] data unchanged, skipping
[sync] data unchanged, skipping
[sync] data unchanged, skipping
[sync] data unchanged, skipping
[sync] data unchanged, skipping
[sync] data unchanged, skipping
[sync] data unchanged, skipping
[sync] data unchanged, skipping
[sync] data unchanged, skipping
[sync] data unchanged, skipping
[sync] data unchanged, skipping
[sync] data unchanged, skipping
[sync] data unchanged, skipping
[sync] data unchanged, skipping
[sync] data unchanged, skipping
[sync] data unchanged, skipping
[sync] data unchanged, skipping
[sync] data unchanged, skipping
[sync] data unchanged, skipping
[sync] data unchanged, skipping
[sync] data unchanged, skipping
[sync] data unchanged, skipping
[sync] data unchanged, skipping
[sync] data unchanged, skipping
[sync] data unchanged, skipping
[sync] data unchanged, skipping
[sync] data unchanged, skipping
[sync] data unchanged, skipping
[sync] data unchanged, skipping
[sync] data unchanged, skipping
[sync] data unchanged, skipping
[sync] data unchanged, skipping
[sync] data unchanged, skipping
[sync] data unchanged, skipping
[sync] data unchanged, skipping
[sync] data unchanged, skipping
[sync] data unchanged, skipping
[sync] data unchanged, skipping
[sync] data unchanged, skipping
[sync] data unchanged, skipping
[sync] data unchanged, skipping
[sync] data unchanged, skipping
[sync] data unchanged, skipping
[sync] data unchanged, skipping
[sync] data unchanged, skipping
[sync] data unchanged, skipping
[sync] data unchanged, skipping
[sync] data unchanged, skipping
[sync] data unchanged, skipping
[sync] data unchanged, skipping
[sync] data unchanged, skipping
[sync] data unchanged, skipping
[sync] data unchanged, skipping
[sync] data unchanged, skipping
[sync] data unchanged, skipping
[sync] data unchanged, skipping
[sync] data unchanged, skipping
[sync] data unchanged, skipping
[sync] data unchanged, skipping
[sync] error: goofish.com/im tab not found
[sync] data unchanged, skipping
[sync] data unchanged, skipping
[sync] data unchanged, skipping
[sync] data unchanged, skipping
[sync] data unchanged, skipping
[sync] data unchanged, skipping
[sync] data unchanged, skipping
[sync] data unchanged, skipping
[sync] data unchanged, skipping
[2026/3/29 10:10:39] [client] 收到 SIGTERM，准备停止所有子进程
[2026/3/29 10:10:39] [client] 已向 server 注册 client: 纯粹衣饰 (account: default)
[2026/3/29 10:10:39] [client] 本地 browser bridge 已启动: https://127.0.0.1:3211/ws/browser
[2026/3/29 10:10:39] [client] 已为项目专用 Chrome 注入本地 bridge 证书 SPKI allowlist
[2026/3/29 10:10:39] [client] 检测到 Chrome 已监听 18800，跳过重复拉起
[2026/3/29 10:10:40] [client] 补开启动页: https://www.goofish.com/im
[2026/3/29 10:10:40] [client] 补开启动页: https://myseller.taobao.com/home.htm/batch-consign
[2026/3/29 10:10:40] [client] 页面时间字段补丁完成(startup): {"ok":true,"patchedSessions":0,"patchedMessages":0,"hasRunner":false}
[2026/3/29 10:10:40] [client] 启动 sync.ts，连接 CDP 18800，同步到 http://127.0.0.1:3210，client: 纯粹衣饰
[sync] starting daemon — interval 5000ms
[sync] xm_chat_history size: 27166 bytes
[sync] ingest result: {"ok":true,"results":{"庐州美美椰子_910817683819":{"isNewSession":false,"newMsgCount":0,"totalMessages":3,"canonicalChatKey":"庐州美美椰子_910817683819"},"你的头真大_1030658100776":{"isNewSession":false,"newMsgCount":0,"totalMessages":20,"canonicalChatKey":"你的头真大_1030658100776"},"阿拉喵主子_1015500846697":{"isNewSession":false,"newMsgCount":0,"totalMessages":16,"canonicalChatKey":"阿拉喵主子_1015500846697"},"庐州美美椰子":{"isNewSession":false,"newMsgCount":0,"totalMessages":1,"canonicalChatKey":"庐州美美椰子"},"0累球0_994982452499":{"isNewSession":false,"newMsgCount":0,"totalMessages":6,"canonicalChatKey":"0累球0_994982452499"},"码匠铺子_958625474098":{"isNewSession":false,"newMsgCount":0,"totalMessages":19,"canonicalChatKey":"码匠铺子_958625474098"},"x***2_991148214602":{"isNewSession":false,"newMsgCount":0,"totalMessages":8,"canonicalChatKey":"x***2_991148214602"},"阿拉喵主子_991148214602":{"isNewSession":false,"newMsgCount":0,"totalMessages":8,"canonicalChatKey":"阿拉喵主子_1015500846697"},"_1030658100776":{"isNewSession":false,"newMsgCount":0,"totalMessages":20,"canonicalChatKey":"你的头真大_1030658100776"},"孔明科技价格透明合同保障_991702418518":{"isNewSession":false,"newMsgCount":0,"totalMessages":7,"canonicalChatKey":"孔明科技价格透明合同保障_991702418518"},"tbNick_gj6d9_983484928356":{"isNewSession":false,"newMsgCount":0,"totalMessages":20,"canonicalChatKey":"tbNick_gj6d9_983484928356"},"SPSS数据分析师_908079810845":{"isNewSession":false,"newMsgCount":0,"totalMessages":8,"canonicalChatKey":"SPSS数据分析师_908079810845"},"_908079810845":{"isNewSession":false,"newMsgCount":0,"totalMessages":8,"canonicalChatKey":"SPSS数据分析师_908079810845"},"阿拉喵主子":{"isNewSession":false,"newMsgCount":0,"totalMessages":1,"canonicalChatKey":"阿拉喵主子_1015500846697"},"阿拉喵主子_908079810845":{"isNewSession":false,"newMsgCount":0,"totalMessages":8,"canonicalChatKey":"阿拉喵主子_1015500846697"},"sessions":{"isNewSession":false,"newMsgCount":0,"totalMessages":0,"canonicalChatKey":"sessions","skipped":true,"reason":"empty_session","cleanedUpEmptyShell":false}}}
[sync] data unchanged, skipping
[sync] data unchanged, skipping
[sync] data unchanged, skipping
[sync] data unchanged, skipping
[sync] data unchanged, skipping
[sync] data unchanged, skipping
[sync] data unchanged, skipping
[sync] data unchanged, skipping
[sync] data unchanged, skipping
[sync] data unchanged, skipping
[sync] xm_chat_history size: 28818 bytes
[sync] ingest result: {"ok":true,"results":{"庐州美美椰子_910817683819":{"isNewSession":false,"newMsgCount":0,"totalMessages":3,"canonicalChatKey":"庐州美美椰子_910817683819"},"你的头真大_1030658100776":{"isNewSession":false,"newMsgCount":0,"totalMessages":20,"canonicalChatKey":"你的头真大_1030658100776"},"阿拉喵主子_1015500846697":{"isNewSession":false,"newMsgCount":0,"totalMessages":16,"canonicalChatKey":"阿拉喵主子_1015500846697"},"庐州美美椰子":{"isNewSession":false,"newMsgCount":0,"totalMessages":1,"canonicalChatKey":"庐州美美椰子"},"0累球0_994982452499":{"isNewSession":false,"newMsgCount":0,"totalMessages":6,"canonicalChatKey":"0累球0_994982452499"},"码匠铺子_958625474098":{"isNewSession":false,"newMsgCount":0,"totalMessages":19,"canonicalChatKey":"码匠铺子_958625474098"},"x***2_991148214602":{"isNewSession":false,"newMsgCount":0,"totalMessages":8,"canonicalChatKey":"x***2_991148214602"},"阿拉喵主子_991148214602":{"isNewSession":false,"newMsgCount":0,"totalMessages":8,"canonicalChatKey":"阿拉喵主子_1015500846697"},"_1030658100776":{"isNewSession":false,"newMsgCount":0,"totalMessages":20,"canonicalChatKey":"你的头真大_1030658100776"},"孔明科技价格透明合同保障_991702418518":{"isNewSession":false,"newMsgCount":0,"totalMessages":7,"canonicalChatKey":"孔明科技价格透明合同保障_991702418518"},"tbNick_gj6d9_983484928356":{"isNewSession":false,"newMsgCount":0,"totalMessages":20,"canonicalChatKey":"tbNick_gj6d9_983484928356"},"SPSS数据分析师_908079810845":{"isNewSession":false,"newMsgCount":0,"totalMessages":8,"canonicalChatKey":"SPSS数据分析师_908079810845"},"_908079810845":{"isNewSession":false,"newMsgCount":0,"totalMessages":8,"canonicalChatKey":"SPSS数据分析师_908079810845"},"阿拉喵主子":{"isNewSession":false,"newMsgCount":0,"totalMessages":1,"canonicalChatKey":"阿拉喵主子_1015500846697"},"阿拉喵主子_908079810845":{"isNewSession":false,"newMsgCount":0,"totalMessages":8,"canonicalChatKey":"阿拉喵主子_1015500846697"},"sessions":{"isNewSession":false,"newMsgCount":0,"totalMessages":0,"canonicalChatKey":"sessions","skipped":true,"reason":"empty_session","cleanedUpEmptyShell":false},"类似豆包这种，进入能聊天的，语音交互的这种小程序，语音模型和聊天模型我们自己有可以直接接入_991148214602":{"isNewSession":false,"newMsgCount":0,"totalMessages":8,"canonicalChatKey":"x***2_991148214602"}}}
[sync] data unchanged, skipping
[sync] data unchanged, skipping
[sync] data unchanged, skipping
[sync] data unchanged, skipping
[sync] data unchanged, skipping
[sync] data unchanged, skipping
[sync] data unchanged, skipping
[sync] data unchanged, skipping
[sync] data unchanged, skipping
[sync] data unchanged, skipping
[sync] data unchanged, skipping
[sync] data unchanged, skipping
[sync] data unchanged, skipping
[sync] data unchanged, skipping
[sync] data unchanged, skipping
[sync] data unchanged, skipping
[sync] data unchanged, skipping
[sync] data unchanged, skipping
[sync] data unchanged, skipping
[sync] data unchanged, skipping
[sync] data unchanged, skipping
[sync] data unchanged, skipping
[sync] data unchanged, skipping
[sync] data unchanged, skipping
[sync] data unchanged, skipping
[2026/3/29 10:13:43] [client] 收到 initial_crawl 指令: 1774750422-manual-recrawl-2，开始执行，limit=100
[2026/3/29 10:13:43] [client] 页面时间字段补丁完成(initial_crawl:1774750422-manual-recrawl-2): {"ok":true,"patchedSessions":0,"patchedMessages":0,"hasRunner":false}
[2026/3/29 10:13:43] [client] initial_crawl 执行失败: 1774750422-manual-recrawl-2 Uncaught
[sync] data unchanged, skipping
[2026/3/29 10:13:46] [client] 收到 initial_crawl 指令: 1774750422-manual-recrawl-2，开始执行，limit=100
[2026/3/29 10:13:46] [client] 页面时间字段补丁完成(initial_crawl:1774750422-manual-recrawl-2): {"ok":true,"patchedSessions":0,"patchedMessages":0,"hasRunner":false}
[2026/3/29 10:13:46] [client] initial_crawl 执行失败: 1774750422-manual-recrawl-2 Uncaught
[2026/3/29 10:13:49] [client] 收到 initial_crawl 指令: 1774750422-manual-recrawl-2，开始执行，limit=100
[2026/3/29 10:13:49] [client] 页面时间字段补丁完成(initial_crawl:1774750422-manual-recrawl-2): {"ok":true,"patchedSessions":0,"patchedMessages":0,"hasRunner":false}
[2026/3/29 10:13:49] [client] initial_crawl 执行失败: 1774750422-manual-recrawl-2 Uncaught
[sync] data unchanged, skipping
[2026/3/29 10:13:52] [client] 收到 initial_crawl 指令: 1774750422-manual-recrawl-2，开始执行，limit=100
[2026/3/29 10:13:52] [client] 页面时间字段补丁完成(initial_crawl:1774750422-manual-recrawl-2): {"ok":true,"patchedSessions":0,"patchedMessages":0,"hasRunner":false}
[2026/3/29 10:13:52] [client] initial_crawl 执行失败: 1774750422-manual-recrawl-2 Uncaught
[2026/3/29 10:13:55] [client] 收到 initial_crawl 指令: 1774750422-manual-recrawl-2，开始执行，limit=100
[2026/3/29 10:13:55] [client] 页面时间字段补丁完成(initial_crawl:1774750422-manual-recrawl-2): {"ok":true,"patchedSessions":0,"patchedMessages":0,"hasRunner":false}
[2026/3/29 10:13:55] [client] initial_crawl 执行失败: 1774750422-manual-recrawl-2 Uncaught
[sync] data unchanged, skipping
[2026/3/29 10:13:58] [client] 收到 initial_crawl 指令: 1774750422-manual-recrawl-2，开始执行，limit=100
[2026/3/29 10:13:58] [client] 页面时间字段补丁完成(initial_crawl:1774750422-manual-recrawl-2): {"ok":true,"patchedSessions":0,"patchedMessages":0,"hasRunner":false}
[2026/3/29 10:13:58] [client] initial_crawl 执行失败: 1774750422-manual-recrawl-2 Uncaught
[sync] data unchanged, skipping
[2026/3/29 10:14:01] [client] 收到 initial_crawl 指令: 1774750422-manual-recrawl-2，开始执行，limit=100
[2026/3/29 10:14:01] [client] 页面时间字段补丁完成(initial_crawl:1774750422-manual-recrawl-2): {"ok":true,"patchedSessions":0,"patchedMessages":0,"hasRunner":false}
[2026/3/29 10:14:01] [client] initial_crawl 执行失败: 1774750422-manual-recrawl-2 Uncaught
[2026/3/29 10:14:04] [client] 收到 initial_crawl 指令: 1774750422-manual-recrawl-2，开始执行，limit=100
[2026/3/29 10:14:04] [client] 页面时间字段补丁完成(initial_crawl:1774750422-manual-recrawl-2): {"ok":true,"patchedSessions":0,"patchedMessages":0,"hasRunner":false}
[2026/3/29 10:14:04] [client] initial_crawl 执行失败: 1774750422-manual-recrawl-2 Uncaught
[sync] data unchanged, skipping
[2026/3/29 10:14:07] [client] 收到 initial_crawl 指令: 1774750422-manual-recrawl-2，开始执行，limit=100
[2026/3/29 10:14:07] [client] 页面时间字段补丁完成(initial_crawl:1774750422-manual-recrawl-2): {"ok":true,"patchedSessions":0,"patchedMessages":0,"hasRunner":false}
[2026/3/29 10:14:07] [client] initial_crawl 执行失败: 1774750422-manual-recrawl-2 Uncaught
[2026/3/29 10:14:10] [client] 收到 initial_crawl 指令: 1774750422-manual-recrawl-2，开始执行，limit=100
[2026/3/29 10:14:10] [client] 页面时间字段补丁完成(initial_crawl:1774750422-manual-recrawl-2): {"ok":true,"patchedSessions":0,"patchedMessages":0,"hasRunner":false}
[2026/3/29 10:14:10] [client] initial_crawl 执行失败: 1774750422-manual-recrawl-2 Uncaught
[sync] data unchanged, skipping
[2026/3/29 10:14:13] [client] 收到 initial_crawl 指令: 1774750422-manual-recrawl-2，开始执行，limit=100
[2026/3/29 10:14:13] [client] 页面时间字段补丁完成(initial_crawl:1774750422-manual-recrawl-2): {"ok":true,"patchedSessions":0,"patchedMessages":0,"hasRunner":false}
[2026/3/29 10:14:13] [client] initial_crawl 执行失败: 1774750422-manual-recrawl-2 Uncaught
[sync] data unchanged, skipping
[2026/3/29 10:14:16] [client] 收到 initial_crawl 指令: 1774750422-manual-recrawl-2，开始执行，limit=100
[2026/3/29 10:14:16] [client] 页面时间字段补丁完成(initial_crawl:1774750422-manual-recrawl-2): {"ok":true,"patchedSessions":0,"patchedMessages":0,"hasRunner":false}
[2026/3/29 10:14:16] [client] initial_crawl 执行失败: 1774750422-manual-recrawl-2 Uncaught
[2026/3/29 10:14:19] [client] 收到 initial_crawl 指令: 1774750422-manual-recrawl-2，开始执行，limit=100
[2026/3/29 10:14:19] [client] 页面时间字段补丁完成(initial_crawl:1774750422-manual-recrawl-2): {"ok":true,"patchedSessions":0,"patchedMessages":0,"hasRunner":false}
[2026/3/29 10:14:19] [client] initial_crawl 执行失败: 1774750422-manual-recrawl-2 Uncaught
[sync] data unchanged, skipping
[2026/3/29 10:14:22] [client] 收到 initial_crawl 指令: 1774750422-manual-recrawl-2，开始执行，limit=100
[2026/3/29 10:14:22] [client] 页面时间字段补丁完成(initial_crawl:1774750422-manual-recrawl-2): {"ok":true,"patchedSessions":0,"patchedMessages":0,"hasRunner":false}
[2026/3/29 10:14:22] [client] initial_crawl 执行失败: 1774750422-manual-recrawl-2 Uncaught
[2026/3/29 10:14:25] [client] 收到 initial_crawl 指令: 1774750422-manual-recrawl-2，开始执行，limit=100
[2026/3/29 10:14:25] [client] 页面时间字段补丁完成(initial_crawl:1774750422-manual-recrawl-2): {"ok":true,"patchedSessions":0,"patchedMessages":0,"hasRunner":false}
[2026/3/29 10:14:25] [client] initial_crawl 执行失败: 1774750422-manual-recrawl-2 Uncaught
[sync] data unchanged, skipping
[2026/3/29 10:14:28] [client] 收到 initial_crawl 指令: 1774750422-manual-recrawl-2，开始执行，limit=100
[2026/3/29 10:14:28] [client] 页面时间字段补丁完成(initial_crawl:1774750422-manual-recrawl-2): {"ok":true,"patchedSessions":0,"patchedMessages":0,"hasRunner":false}
[2026/3/29 10:14:28] [client] initial_crawl 执行失败: 1774750422-manual-recrawl-2 Uncaught
[sync] data unchanged, skipping
[2026/3/29 10:14:31] [client] 收到 initial_crawl 指令: 1774750422-manual-recrawl-2，开始执行，limit=100
[2026/3/29 10:14:31] [client] 页面时间字段补丁完成(initial_crawl:1774750422-manual-recrawl-2): {"ok":true,"patchedSessions":0,"patchedMessages":0,"hasRunner":false}
[2026/3/29 10:14:31] [client] initial_crawl 执行失败: 1774750422-manual-recrawl-2 Uncaught
[2026/3/29 10:14:34] [client] 收到 initial_crawl 指令: 1774750422-manual-recrawl-2，开始执行，limit=100
[2026/3/29 10:14:34] [client] 页面时间字段补丁完成(initial_crawl:1774750422-manual-recrawl-2): {"ok":true,"patchedSessions":0,"patchedMessages":0,"hasRunner":false}
[2026/3/29 10:14:34] [client] initial_crawl 执行失败: 1774750422-manual-recrawl-2 Uncaught
[sync] data unchanged, skipping
[2026/3/29 10:14:37] [client] 收到 initial_crawl 指令: 1774750422-manual-recrawl-2，开始执行，limit=100
[2026/3/29 10:14:37] [client] 页面时间字段补丁完成(initial_crawl:1774750422-manual-recrawl-2): {"ok":true,"patchedSessions":0,"patchedMessages":0,"hasRunner":false}
[2026/3/29 10:14:37] [client] initial_crawl 执行失败: 1774750422-manual-recrawl-2 Uncaught
[2026/3/29 10:14:40] [client] 收到 initial_crawl 指令: 1774750422-manual-recrawl-2，开始执行，limit=100
[2026/3/29 10:14:40] [client] 页面时间字段补丁完成(initial_crawl:1774750422-manual-recrawl-2): {"ok":true,"patchedSessions":0,"patchedMessages":0,"hasRunner":false}
[2026/3/29 10:14:40] [client] initial_crawl 执行失败: 1774750422-manual-recrawl-2 Uncaught
[sync] data unchanged, skipping
[2026/3/29 10:14:43] [client] 收到 initial_crawl 指令: 1774750422-manual-recrawl-2，开始执行，limit=100
[2026/3/29 10:14:43] [client] 页面时间字段补丁完成(initial_crawl:1774750422-manual-recrawl-2): {"ok":true,"patchedSessions":0,"patchedMessages":0,"hasRunner":false}
[2026/3/29 10:14:43] [client] initial_crawl 执行失败: 1774750422-manual-recrawl-2 Uncaught
[sync] data unchanged, skipping
[2026/3/29 10:14:46] [client] 收到 initial_crawl 指令: 1774750422-manual-recrawl-2，开始执行，limit=100
[2026/3/29 10:14:46] [client] 页面时间字段补丁完成(initial_crawl:1774750422-manual-recrawl-2): {"ok":true,"patchedSessions":0,"patchedMessages":0,"hasRunner":false}
[2026/3/29 10:14:46] [client] initial_crawl 执行失败: 1774750422-manual-recrawl-2 Uncaught
[2026/3/29 10:14:49] [client] 收到 initial_crawl 指令: 1774750422-manual-recrawl-2，开始执行，limit=100
[2026/3/29 10:14:49] [client] 页面时间字段补丁完成(initial_crawl:1774750422-manual-recrawl-2): {"ok":true,"patchedSessions":0,"patchedMessages":0,"hasRunner":false}
[2026/3/29 10:14:49] [client] initial_crawl 执行失败: 1774750422-manual-recrawl-2 Uncaught
[sync] data unchanged, skipping
[2026/3/29 10:14:52] [client] 收到 initial_crawl 指令: 1774750422-manual-recrawl-2，开始执行，limit=100
[2026/3/29 10:14:52] [client] 页面时间字段补丁完成(initial_crawl:1774750422-manual-recrawl-2): {"ok":true,"patchedSessions":0,"patchedMessages":0,"hasRunner":false}
[2026/3/29 10:14:52] [client] initial_crawl 执行失败: 1774750422-manual-recrawl-2 Uncaught
[2026/3/29 10:14:55] [client] 收到 initial_crawl 指令: 1774750422-manual-recrawl-2，开始执行，limit=100
[2026/3/29 10:14:55] [client] 页面时间字段补丁完成(initial_crawl:1774750422-manual-recrawl-2): {"ok":true,"patchedSessions":0,"patchedMessages":0,"hasRunner":false}
[2026/3/29 10:14:55] [client] initial_crawl 执行失败: 1774750422-manual-recrawl-2 Uncaught
[sync] data unchanged, skipping
[2026/3/29 10:14:58] [client] 收到 initial_crawl 指令: 1774750422-manual-recrawl-2，开始执行，limit=100
[2026/3/29 10:14:58] [client] 页面时间字段补丁完成(initial_crawl:1774750422-manual-recrawl-2): {"ok":true,"patchedSessions":0,"patchedMessages":0,"hasRunner":false}
[2026/3/29 10:14:58] [client] initial_crawl 执行失败: 1774750422-manual-recrawl-2 Uncaught
[sync] data unchanged, skipping
[2026/3/29 10:15:01] [client] 收到 initial_crawl 指令: 1774750422-manual-recrawl-2，开始执行，limit=100
[2026/3/29 10:15:01] [client] 页面时间字段补丁完成(initial_crawl:1774750422-manual-recrawl-2): {"ok":true,"patchedSessions":0,"patchedMessages":0,"hasRunner":false}
[2026/3/29 10:15:01] [client] initial_crawl 执行失败: 1774750422-manual-recrawl-2 Uncaught
[2026/3/29 10:15:04] [client] 收到 initial_crawl 指令: 1774750422-manual-recrawl-2，开始执行，limit=100
[2026/3/29 10:15:04] [client] 页面时间字段补丁完成(initial_crawl:1774750422-manual-recrawl-2): {"ok":true,"patchedSessions":0,"patchedMessages":0,"hasRunner":false}
[2026/3/29 10:15:04] [client] initial_crawl 执行失败: 1774750422-manual-recrawl-2 Uncaught
[sync] data unchanged, skipping
[2026/3/29 10:15:07] [client] 收到 initial_crawl 指令: 1774750422-manual-recrawl-2，开始执行，limit=100
[2026/3/29 10:15:07] [client] 页面时间字段补丁完成(initial_crawl:1774750422-manual-recrawl-2): {"ok":true,"patchedSessions":0,"patchedMessages":0,"hasRunner":false}
[2026/3/29 10:15:07] [client] initial_crawl 执行失败: 1774750422-manual-recrawl-2 Uncaught
[2026/3/29 10:15:10] [client] 收到 initial_crawl 指令: 1774750422-manual-recrawl-2，开始执行，limit=100
[2026/3/29 10:15:10] [client] 页面时间字段补丁完成(initial_crawl:1774750422-manual-recrawl-2): {"ok":true,"patchedSessions":0,"patchedMessages":0,"hasRunner":false}
[2026/3/29 10:15:10] [client] initial_crawl 执行失败: 1774750422-manual-recrawl-2 Uncaught
[sync] data unchanged, skipping
[2026/3/29 10:15:13] [client] 收到 initial_crawl 指令: 1774750422-manual-recrawl-2，开始执行，limit=100
[2026/3/29 10:15:13] [client] 页面时间字段补丁完成(initial_crawl:1774750422-manual-recrawl-2): {"ok":true,"patchedSessions":0,"patchedMessages":0,"hasRunner":false}
[2026/3/29 10:15:13] [client] initial_crawl 执行失败: 1774750422-manual-recrawl-2 Uncaught
[sync] data unchanged, skipping
[2026/3/29 10:15:16] [client] 收到 initial_crawl 指令: 1774750422-manual-recrawl-2，开始执行，limit=100
[2026/3/29 10:15:16] [client] 页面时间字段补丁完成(initial_crawl:1774750422-manual-recrawl-2): {"ok":true,"patchedSessions":0,"patchedMessages":0,"hasRunner":false}
[2026/3/29 10:15:16] [client] initial_crawl 执行失败: 1774750422-manual-recrawl-2 Uncaught
[2026/3/29 10:15:19] [client] 收到 initial_crawl 指令: 1774750422-manual-recrawl-2，开始执行，limit=100
[2026/3/29 10:15:19] [client] 页面时间字段补丁完成(initial_crawl:1774750422-manual-recrawl-2): {"ok":true,"patchedSessions":0,"patchedMessages":0,"hasRunner":false}
[2026/3/29 10:15:19] [client] initial_crawl 执行失败: 1774750422-manual-recrawl-2 Uncaught
[sync] data unchanged, skipping
[2026/3/29 10:15:22] [client] 收到 initial_crawl 指令: 1774750422-manual-recrawl-2，开始执行，limit=100
[2026/3/29 10:15:22] [client] 页面时间字段补丁完成(initial_crawl:1774750422-manual-recrawl-2): {"ok":true,"patchedSessions":0,"patchedMessages":0,"hasRunner":false}
[2026/3/29 10:15:22] [client] initial_crawl 执行失败: 1774750422-manual-recrawl-2 Uncaught
[2026/3/29 10:15:25] [client] 收到 initial_crawl 指令: 1774750422-manual-recrawl-2，开始执行，limit=100
[2026/3/29 10:15:25] [client] 页面时间字段补丁完成(initial_crawl:1774750422-manual-recrawl-2): {"ok":true,"patchedSessions":0,"patchedMessages":0,"hasRunner":false}
[2026/3/29 10:15:25] [client] initial_crawl 执行失败: 1774750422-manual-recrawl-2 Uncaught
[sync] data unchanged, skipping
[2026/3/29 10:15:28] [client] 收到 initial_crawl 指令: 1774750422-manual-recrawl-2，开始执行，limit=100
[2026/3/29 10:15:28] [client] 页面时间字段补丁完成(initial_crawl:1774750422-manual-recrawl-2): {"ok":true,"patchedSessions":0,"patchedMessages":0,"hasRunner":false}
[2026/3/29 10:15:28] [client] initial_crawl 执行失败: 1774750422-manual-recrawl-2 Uncaught
[2026/3/29 10:15:31] [client] 收到 initial_crawl 指令: 1774750422-manual-recrawl-2，开始执行，limit=100
[2026/3/29 10:15:31] [client] 页面时间字段补丁完成(initial_crawl:1774750422-manual-recrawl-2): {"ok":true,"patchedSessions":0,"patchedMessages":0,"hasRunner":false}
[2026/3/29 10:15:31] [client] initial_crawl 执行失败: 1774750422-manual-recrawl-2 Uncaught
[sync] data unchanged, skipping
[2026/3/29 10:15:34] [client] 收到 initial_crawl 指令: 1774750422-manual-recrawl-2，开始执行，limit=100
[2026/3/29 10:15:34] [client] 页面时间字段补丁完成(initial_crawl:1774750422-manual-recrawl-2): {"ok":true,"patchedSessions":0,"patchedMessages":0,"hasRunner":false}
[2026/3/29 10:15:34] [client] initial_crawl 执行失败: 1774750422-manual-recrawl-2 Uncaught
[sync] data unchanged, skipping
[2026/3/29 10:15:37] [client] 收到 initial_crawl 指令: 1774750422-manual-recrawl-2，开始执行，limit=100
[2026/3/29 10:15:37] [client] 页面时间字段补丁完成(initial_crawl:1774750422-manual-recrawl-2): {"ok":true,"patchedSessions":0,"patchedMessages":0,"hasRunner":false}
[2026/3/29 10:15:37] [client] initial_crawl 执行失败: 1774750422-manual-recrawl-2 Uncaught
[2026/3/29 10:15:40] [client] 收到 initial_crawl 指令: 1774750422-manual-recrawl-2，开始执行，limit=100
[2026/3/29 10:15:40] [client] 页面时间字段补丁完成(initial_crawl:1774750422-manual-recrawl-2): {"ok":true,"patchedSessions":0,"patchedMessages":0,"hasRunner":false}
[2026/3/29 10:15:40] [client] initial_crawl 执行失败: 1774750422-manual-recrawl-2 Uncaught
[sync] data unchanged, skipping
[2026/3/29 10:15:43] [client] 收到 initial_crawl 指令: 1774750422-manual-recrawl-2，开始执行，limit=100
[2026/3/29 10:15:43] [client] 页面时间字段补丁完成(initial_crawl:1774750422-manual-recrawl-2): {"ok":true,"patchedSessions":0,"patchedMessages":0,"hasRunner":false}
[2026/3/29 10:15:43] [client] initial_crawl 执行失败: 1774750422-manual-recrawl-2 Uncaught
[2026/3/29 10:15:46] [client] 收到 initial_crawl 指令: 1774750422-manual-recrawl-2，开始执行，limit=100
[2026/3/29 10:15:46] [client] 页面时间字段补丁完成(initial_crawl:1774750422-manual-recrawl-2): {"ok":true,"patchedSessions":0,"patchedMessages":0,"hasRunner":false}
[2026/3/29 10:15:46] [client] initial_crawl 执行失败: 1774750422-manual-recrawl-2 Uncaught
[sync] data unchanged, skipping
[2026/3/29 10:15:49] [client] 收到 initial_crawl 指令: 1774750422-manual-recrawl-2，开始执行，limit=100
[2026/3/29 10:15:49] [client] 页面时间字段补丁完成(initial_crawl:1774750422-manual-recrawl-2): {"ok":true,"patchedSessions":0,"patchedMessages":0,"hasRunner":false}
[2026/3/29 10:15:49] [client] initial_crawl 执行失败: 1774750422-manual-recrawl-2 Uncaught
[sync] data unchanged, skipping
[2026/3/29 10:15:52] [client] 收到 initial_crawl 指令: 1774750422-manual-recrawl-2，开始执行，limit=100
[2026/3/29 10:15:52] [client] 页面时间字段补丁完成(initial_crawl:1774750422-manual-recrawl-2): {"ok":true,"patchedSessions":0,"patchedMessages":0,"hasRunner":false}
[2026/3/29 10:15:52] [client] initial_crawl 执行失败: 1774750422-manual-recrawl-2 Uncaught
[2026/3/29 10:15:55] [client] 收到 initial_crawl 指令: 1774750422-manual-recrawl-2，开始执行，limit=100
[2026/3/29 10:15:55] [client] 页面时间字段补丁完成(initial_crawl:1774750422-manual-recrawl-2): {"ok":true,"patchedSessions":0,"patchedMessages":0,"hasRunner":false}
[2026/3/29 10:15:55] [client] initial_crawl 执行失败: 1774750422-manual-recrawl-2 Uncaught
[sync] data unchanged, skipping
[2026/3/29 10:15:58] [client] 收到 initial_crawl 指令: 1774750422-manual-recrawl-2，开始执行，limit=100
[2026/3/29 10:15:58] [client] 页面时间字段补丁完成(initial_crawl:1774750422-manual-recrawl-2): {"ok":true,"patchedSessions":0,"patchedMessages":0,"hasRunner":false}
[2026/3/29 10:15:58] [client] initial_crawl 执行失败: 1774750422-manual-recrawl-2 Uncaught
[2026/3/29 10:16:01] [client] 收到 initial_crawl 指令: 1774750422-manual-recrawl-2，开始执行，limit=100
[2026/3/29 10:16:01] [client] 页面时间字段补丁完成(initial_crawl:1774750422-manual-recrawl-2): {"ok":true,"patchedSessions":0,"patchedMessages":0,"hasRunner":false}
[2026/3/29 10:16:01] [client] initial_crawl 执行失败: 1774750422-manual-recrawl-2 Uncaught
[sync] data unchanged, skipping
[2026/3/29 10:16:04] [client] 收到 initial_crawl 指令: 1774750422-manual-recrawl-2，开始执行，limit=100
[2026/3/29 10:16:04] [client] 页面时间字段补丁完成(initial_crawl:1774750422-manual-recrawl-2): {"ok":true,"patchedSessions":0,"patchedMessages":0,"hasRunner":false}
[2026/3/29 10:16:04] [client] initial_crawl 执行失败: 1774750422-manual-recrawl-2 Uncaught
[sync] data unchanged, skipping
[2026/3/29 10:16:07] [client] 收到 initial_crawl 指令: 1774750422-manual-recrawl-2，开始执行，limit=100
[2026/3/29 10:16:07] [client] 页面时间字段补丁完成(initial_crawl:1774750422-manual-recrawl-2): {"ok":true,"patchedSessions":0,"patchedMessages":0,"hasRunner":false}
[2026/3/29 10:16:07] [client] initial_crawl 执行失败: 1774750422-manual-recrawl-2 Uncaught
[2026/3/29 10:16:10] [client] 收到 initial_crawl 指令: 1774750422-manual-recrawl-2，开始执行，limit=100
[2026/3/29 10:16:10] [client] 页面时间字段补丁完成(initial_crawl:1774750422-manual-recrawl-2): {"ok":true,"patchedSessions":0,"patchedMessages":0,"hasRunner":false}
[2026/3/29 10:16:10] [client] initial_crawl 执行失败: 1774750422-manual-recrawl-2 Uncaught
[sync] data unchanged, skipping
[2026/3/29 10:16:13] [client] 收到 initial_crawl 指令: 1774750422-manual-recrawl-2，开始执行，limit=100
[2026/3/29 10:16:13] [client] 页面时间字段补丁完成(initial_crawl:1774750422-manual-recrawl-2): {"ok":true,"patchedSessions":0,"patchedMessages":0,"hasRunner":false}
[2026/3/29 10:16:13] [client] initial_crawl 执行失败: 1774750422-manual-recrawl-2 Uncaught
[2026/3/29 10:16:16] [client] 收到 initial_crawl 指令: 1774750422-manual-recrawl-2，开始执行，limit=100
[2026/3/29 10:16:16] [client] 页面时间字段补丁完成(initial_crawl:1774750422-manual-recrawl-2): {"ok":true,"patchedSessions":0,"patchedMessages":0,"hasRunner":false}
[2026/3/29 10:16:16] [client] initial_crawl 执行失败: 1774750422-manual-recrawl-2 Uncaught
[sync] data unchanged, skipping
[2026/3/29 10:16:19] [client] 收到 initial_crawl 指令: 1774750422-manual-recrawl-2，开始执行，limit=100
[2026/3/29 10:16:19] [client] 页面时间字段补丁完成(initial_crawl:1774750422-manual-recrawl-2): {"ok":true,"patchedSessions":0,"patchedMessages":0,"hasRunner":false}
[2026/3/29 10:16:19] [client] initial_crawl 执行失败: 1774750422-manual-recrawl-2 Uncaught
[sync] data unchanged, skipping
[2026/3/29 10:16:22] [client] 收到 initial_crawl 指令: 1774750422-manual-recrawl-2，开始执行，limit=100
[2026/3/29 10:16:22] [client] 页面时间字段补丁完成(initial_crawl:1774750422-manual-recrawl-2): {"ok":true,"patchedSessions":0,"patchedMessages":0,"hasRunner":false}
[2026/3/29 10:16:22] [client] initial_crawl 执行失败: 1774750422-manual-recrawl-2 Uncaught
[2026/3/29 10:16:25] [client] 收到 initial_crawl 指令: 1774750422-manual-recrawl-2，开始执行，limit=100
[2026/3/29 10:16:25] [client] 页面时间字段补丁完成(initial_crawl:1774750422-manual-recrawl-2): {"ok":true,"patchedSessions":0,"patchedMessages":0,"hasRunner":false}
[2026/3/29 10:16:25] [client] initial_crawl 执行失败: 1774750422-manual-recrawl-2 Uncaught
[sync] data unchanged, skipping
[2026/3/29 10:16:28] [client] 收到 initial_crawl 指令: 1774750422-manual-recrawl-2，开始执行，limit=100
[2026/3/29 10:16:28] [client] 页面时间字段补丁完成(initial_crawl:1774750422-manual-recrawl-2): {"ok":true,"patchedSessions":0,"patchedMessages":0,"hasRunner":false}
[2026/3/29 10:16:28] [client] initial_crawl 执行失败: 1774750422-manual-recrawl-2 Uncaught
[2026/3/29 10:16:31] [client] 收到 initial_crawl 指令: 1774750422-manual-recrawl-2，开始执行，limit=100
[2026/3/29 10:16:31] [client] 页面时间字段补丁完成(initial_crawl:1774750422-manual-recrawl-2): {"ok":true,"patchedSessions":0,"patchedMessages":0,"hasRunner":false}
[2026/3/29 10:16:31] [client] initial_crawl 执行失败: 1774750422-manual-recrawl-2 Uncaught
[sync] data unchanged, skipping
[2026/3/29 10:16:34] [client] 收到 initial_crawl 指令: 1774750422-manual-recrawl-2，开始执行，limit=100
[2026/3/29 10:16:34] [client] 页面时间字段补丁完成(initial_crawl:1774750422-manual-recrawl-2): {"ok":true,"patchedSessions":0,"patchedMessages":0,"hasRunner":false}
[2026/3/29 10:16:34] [client] initial_crawl 执行失败: 1774750422-manual-recrawl-2 Uncaught
[sync] data unchanged, skipping
[2026/3/29 10:16:37] [client] 收到 initial_crawl 指令: 1774750422-manual-recrawl-2，开始执行，limit=100
[2026/3/29 10:16:37] [client] 页面时间字段补丁完成(initial_crawl:1774750422-manual-recrawl-2): {"ok":true,"patchedSessions":0,"patchedMessages":0,"hasRunner":false}
[2026/3/29 10:16:37] [client] initial_crawl 执行失败: 1774750422-manual-recrawl-2 Uncaught
[2026/3/29 10:16:40] [client] 收到 initial_crawl 指令: 1774750422-manual-recrawl-2，开始执行，limit=100
[2026/3/29 10:16:40] [client] 页面时间字段补丁完成(initial_crawl:1774750422-manual-recrawl-2): {"ok":true,"patchedSessions":0,"patchedMessages":0,"hasRunner":false}
[2026/3/29 10:16:40] [client] initial_crawl 执行失败: 1774750422-manual-recrawl-2 Uncaught
[sync] data unchanged, skipping
[2026/3/29 10:16:43] [client] 收到 initial_crawl 指令: 1774750422-manual-recrawl-2，开始执行，limit=100
[2026/3/29 10:16:43] [client] 页面时间字段补丁完成(initial_crawl:1774750422-manual-recrawl-2): {"ok":true,"patchedSessions":0,"patchedMessages":0,"hasRunner":false}
[2026/3/29 10:16:43] [client] initial_crawl 执行失败: 1774750422-manual-recrawl-2 Uncaught
[2026/3/29 10:16:46] [client] 收到 initial_crawl 指令: 1774750422-manual-recrawl-2，开始执行，limit=100
[2026/3/29 10:16:46] [client] 页面时间字段补丁完成(initial_crawl:1774750422-manual-recrawl-2): {"ok":true,"patchedSessions":0,"patchedMessages":0,"hasRunner":false}
[2026/3/29 10:16:46] [client] initial_crawl 执行失败: 1774750422-manual-recrawl-2 Uncaught
[sync] data unchanged, skipping
[2026/3/29 10:16:49] [client] 收到 initial_crawl 指令: 1774750422-manual-recrawl-2，开始执行，limit=100
[2026/3/29 10:16:49] [client] 页面时间字段补丁完成(initial_crawl:1774750422-manual-recrawl-2): {"ok":true,"patchedSessions":0,"patchedMessages":0,"hasRunner":false}
[2026/3/29 10:16:49] [client] initial_crawl 执行失败: 1774750422-manual-recrawl-2 Uncaught
[sync] data unchanged, skipping
[2026/3/29 10:16:52] [client] 收到 initial_crawl 指令: 1774750422-manual-recrawl-2，开始执行，limit=100
[2026/3/29 10:16:52] [client] 页面时间字段补丁完成(initial_crawl:1774750422-manual-recrawl-2): {"ok":true,"patchedSessions":0,"patchedMessages":0,"hasRunner":false}
[2026/3/29 10:16:52] [client] initial_crawl 执行失败: 1774750422-manual-recrawl-2 Uncaught
[2026/3/29 10:16:55] [client] 收到 initial_crawl 指令: 1774750422-manual-recrawl-2，开始执行，limit=100
[2026/3/29 10:16:55] [client] 页面时间字段补丁完成(initial_crawl:1774750422-manual-recrawl-2): {"ok":true,"patchedSessions":0,"patchedMessages":0,"hasRunner":false}
[2026/3/29 10:16:55] [client] initial_crawl 执行失败: 1774750422-manual-recrawl-2 Uncaught
[sync] data unchanged, skipping
[2026/3/29 10:16:58] [client] 收到 initial_crawl 指令: 1774750422-manual-recrawl-2，开始执行，limit=100
[2026/3/29 10:16:58] [client] 页面时间字段补丁完成(initial_crawl:1774750422-manual-recrawl-2): {"ok":true,"patchedSessions":0,"patchedMessages":0,"hasRunner":false}
[2026/3/29 10:16:58] [client] initial_crawl 执行失败: 1774750422-manual-recrawl-2 Uncaught
[2026/3/29 10:17:01] [client] 收到 initial_crawl 指令: 1774750422-manual-recrawl-2，开始执行，limit=100
[2026/3/29 10:17:01] [client] 页面时间字段补丁完成(initial_crawl:1774750422-manual-recrawl-2): {"ok":true,"patchedSessions":0,"patchedMessages":0,"hasRunner":false}
[2026/3/29 10:17:01] [client] initial_crawl 执行失败: 1774750422-manual-recrawl-2 Uncaught
[sync] data unchanged, skipping
[2026/3/29 10:17:04] [client] 收到 initial_crawl 指令: 1774750422-manual-recrawl-2，开始执行，limit=100
[2026/3/29 10:17:04] [client] 页面时间字段补丁完成(initial_crawl:1774750422-manual-recrawl-2): {"ok":true,"patchedSessions":0,"patchedMessages":0,"hasRunner":false}
[2026/3/29 10:17:04] [client] initial_crawl 执行失败: 1774750422-manual-recrawl-2 Uncaught
[sync] data unchanged, skipping
[2026/3/29 10:17:07] [client] 收到 initial_crawl 指令: 1774750422-manual-recrawl-2，开始执行，limit=100
[2026/3/29 10:17:07] [client] 页面时间字段补丁完成(initial_crawl:1774750422-manual-recrawl-2): {"ok":true,"patchedSessions":0,"patchedMessages":0,"hasRunner":false}
[2026/3/29 10:17:07] [client] initial_crawl 执行失败: 1774750422-manual-recrawl-2 Uncaught
[2026/3/29 10:17:10] [client] 收到 initial_crawl 指令: 1774750422-manual-recrawl-2，开始执行，limit=100
[2026/3/29 10:17:10] [client] 页面时间字段补丁完成(initial_crawl:1774750422-manual-recrawl-2): {"ok":true,"patchedSessions":0,"patchedMessages":0,"hasRunner":false}
[2026/3/29 10:17:10] [client] initial_crawl 执行失败: 1774750422-manual-recrawl-2 Uncaught
[sync] data unchanged, skipping
[2026/3/29 10:17:13] [client] 收到 initial_crawl 指令: 1774750422-manual-recrawl-2，开始执行，limit=100
[2026/3/29 10:17:13] [client] 页面时间字段补丁完成(initial_crawl:1774750422-manual-recrawl-2): {"ok":true,"patchedSessions":0,"patchedMessages":0,"hasRunner":false}
[2026/3/29 10:17:13] [client] initial_crawl 执行失败: 1774750422-manual-recrawl-2 Uncaught
[2026/3/29 10:17:16] [client] 收到 initial_crawl 指令: 1774750422-manual-recrawl-2，开始执行，limit=100
[2026/3/29 10:17:16] [client] 页面时间字段补丁完成(initial_crawl:1774750422-manual-recrawl-2): {"ok":true,"patchedSessions":0,"patchedMessages":0,"hasRunner":false}
[2026/3/29 10:17:16] [client] initial_crawl 执行失败: 1774750422-manual-recrawl-2 Uncaught
[sync] data unchanged, skipping
[2026/3/29 10:17:19] [client] 收到 initial_crawl 指令: 1774750422-manual-recrawl-2，开始执行，limit=100
[2026/3/29 10:17:19] [client] 页面时间字段补丁完成(initial_crawl:1774750422-manual-recrawl-2): {"ok":true,"patchedSessions":0,"patchedMessages":0,"hasRunner":false}
[2026/3/29 10:17:19] [client] initial_crawl 执行失败: 1774750422-manual-recrawl-2 Uncaught
[sync] data unchanged, skipping
[2026/3/29 10:17:22] [client] 收到 initial_crawl 指令: 1774750422-manual-recrawl-2，开始执行，limit=100
[2026/3/29 10:17:22] [client] 页面时间字段补丁完成(initial_crawl:1774750422-manual-recrawl-2): {"ok":true,"patchedSessions":0,"patchedMessages":0,"hasRunner":false}
[2026/3/29 10:17:22] [client] initial_crawl 执行失败: 1774750422-manual-recrawl-2 Uncaught
[2026/3/29 10:17:25] [client] 收到 initial_crawl 指令: 1774750422-manual-recrawl-2，开始执行，limit=100
[2026/3/29 10:17:25] [client] 页面时间字段补丁完成(initial_crawl:1774750422-manual-recrawl-2): {"ok":true,"patchedSessions":0,"patchedMessages":0,"hasRunner":false}
[2026/3/29 10:17:25] [client] initial_crawl 执行失败: 1774750422-manual-recrawl-2 Uncaught
[sync] data unchanged, skipping
[2026/3/29 10:17:28] [client] 收到 initial_crawl 指令: 1774750422-manual-recrawl-2，开始执行，limit=100
[2026/3/29 10:17:28] [client] 页面时间字段补丁完成(initial_crawl:1774750422-manual-recrawl-2): {"ok":true,"patchedSessions":0,"patchedMessages":0,"hasRunner":false}
[2026/3/29 10:17:28] [client] initial_crawl 执行失败: 1774750422-manual-recrawl-2 Uncaught
[2026/3/29 10:17:31] [client] 收到 initial_crawl 指令: 1774750422-manual-recrawl-2，开始执行，limit=100
[2026/3/29 10:17:31] [client] 页面时间字段补丁完成(initial_crawl:1774750422-manual-recrawl-2): {"ok":true,"patchedSessions":0,"patchedMessages":0,"hasRunner":false}
[2026/3/29 10:17:31] [client] initial_crawl 执行失败: 1774750422-manual-recrawl-2 Uncaught
[sync] data unchanged, skipping
[2026/3/29 10:17:34] [client] 收到 initial_crawl 指令: 1774750422-manual-recrawl-2，开始执行，limit=100
[2026/3/29 10:17:34] [client] 页面时间字段补丁完成(initial_crawl:1774750422-manual-recrawl-2): {"ok":true,"patchedSessions":0,"patchedMessages":0,"hasRunner":false}
[2026/3/29 10:17:34] [client] initial_crawl 执行失败: 1774750422-manual-recrawl-2 Uncaught
[sync] data unchanged, skipping
[2026/3/29 10:17:37] [client] 收到 initial_crawl 指令: 1774750422-manual-recrawl-2，开始执行，limit=100
[2026/3/29 10:17:37] [client] 页面时间字段补丁完成(initial_crawl:1774750422-manual-recrawl-2): {"ok":true,"patchedSessions":0,"patchedMessages":0,"hasRunner":false}
[2026/3/29 10:17:37] [client] initial_crawl 执行失败: 1774750422-manual-recrawl-2 Uncaught
[2026/3/29 10:17:40] [client] 收到 initial_crawl 指令: 1774750422-manual-recrawl-2，开始执行，limit=100
[2026/3/29 10:17:40] [client] 页面时间字段补丁完成(initial_crawl:1774750422-manual-recrawl-2): {"ok":true,"patchedSessions":0,"patchedMessages":0,"hasRunner":false}
[2026/3/29 10:17:40] [client] initial_crawl 执行失败: 1774750422-manual-recrawl-2 Uncaught
[sync] data unchanged, skipping
[2026/3/29 10:17:43] [client] 收到 initial_crawl 指令: 1774750422-manual-recrawl-2，开始执行，limit=100
[2026/3/29 10:17:43] [client] 页面时间字段补丁完成(initial_crawl:1774750422-manual-recrawl-2): {"ok":true,"patchedSessions":0,"patchedMessages":0,"hasRunner":false}
[2026/3/29 10:17:43] [client] initial_crawl 执行失败: 1774750422-manual-recrawl-2 Uncaught
[2026/3/29 10:17:46] [client] 收到 initial_crawl 指令: 1774750422-manual-recrawl-2，开始执行，limit=100
[2026/3/29 10:17:46] [client] 页面时间字段补丁完成(initial_crawl:1774750422-manual-recrawl-2): {"ok":true,"patchedSessions":0,"patchedMessages":0,"hasRunner":false}
[2026/3/29 10:17:46] [client] initial_crawl 执行失败: 1774750422-manual-recrawl-2 Uncaught
[sync] data unchanged, skipping
[2026/3/29 10:17:49] [client] 收到 initial_crawl 指令: 1774750422-manual-recrawl-2，开始执行，limit=100
[2026/3/29 10:17:49] [client] 页面时间字段补丁完成(initial_crawl:1774750422-manual-recrawl-2): {"ok":true,"patchedSessions":0,"patchedMessages":0,"hasRunner":false}
[2026/3/29 10:17:49] [client] initial_crawl 执行失败: 1774750422-manual-recrawl-2 Uncaught
[sync] data unchanged, skipping
[2026/3/29 10:17:52] [client] 收到 initial_crawl 指令: 1774750422-manual-recrawl-2，开始执行，limit=100
[2026/3/29 10:17:52] [client] 页面时间字段补丁完成(initial_crawl:1774750422-manual-recrawl-2): {"ok":true,"patchedSessions":0,"patchedMessages":0,"hasRunner":false}
[2026/3/29 10:17:52] [client] initial_crawl 执行失败: 1774750422-manual-recrawl-2 Uncaught
[2026/3/29 10:17:55] [client] 收到 initial_crawl 指令: 1774750422-manual-recrawl-2，开始执行，limit=100
[2026/3/29 10:17:55] [client] 页面时间字段补丁完成(initial_crawl:1774750422-manual-recrawl-2): {"ok":true,"patchedSessions":0,"patchedMessages":0,"hasRunner":false}
[2026/3/29 10:17:55] [client] initial_crawl 执行失败: 1774750422-manual-recrawl-2 Uncaught
[sync] data unchanged, skipping
[2026/3/29 10:17:58] [client] 收到 initial_crawl 指令: 1774750422-manual-recrawl-2，开始执行，limit=100
[2026/3/29 10:17:58] [client] 页面时间字段补丁完成(initial_crawl:1774750422-manual-recrawl-2): {"ok":true,"patchedSessions":0,"patchedMessages":0,"hasRunner":false}
[2026/3/29 10:17:58] [client] initial_crawl 执行失败: 1774750422-manual-recrawl-2 Uncaught
[2026/3/29 10:18:01] [client] 收到 initial_crawl 指令: 1774750422-manual-recrawl-2，开始执行，limit=100
[2026/3/29 10:18:01] [client] 页面时间字段补丁完成(initial_crawl:1774750422-manual-recrawl-2): {"ok":true,"patchedSessions":0,"patchedMessages":0,"hasRunner":false}
[2026/3/29 10:18:01] [client] initial_crawl 执行失败: 1774750422-manual-recrawl-2 Uncaught
[sync] data unchanged, skipping
[2026/3/29 10:18:04] [client] 收到 initial_crawl 指令: 1774750422-manual-recrawl-2，开始执行，limit=100
[2026/3/29 10:18:04] [client] 页面时间字段补丁完成(initial_crawl:1774750422-manual-recrawl-2): {"ok":true,"patchedSessions":0,"patchedMessages":0,"hasRunner":false}
[2026/3/29 10:18:04] [client] initial_crawl 执行失败: 1774750422-manual-recrawl-2 Uncaught
[sync] data unchanged, skipping
[2026/3/29 10:18:07] [client] 收到 initial_crawl 指令: 1774750422-manual-recrawl-2，开始执行，limit=100
[2026/3/29 10:18:07] [client] 页面时间字段补丁完成(initial_crawl:1774750422-manual-recrawl-2): {"ok":true,"patchedSessions":0,"patchedMessages":0,"hasRunner":false}
[2026/3/29 10:18:07] [client] initial_crawl 执行失败: 1774750422-manual-recrawl-2 Uncaught
[2026/3/29 10:18:10] [client] 收到 initial_crawl 指令: 1774750422-manual-recrawl-2，开始执行，limit=100
[2026/3/29 10:18:10] [client] 页面时间字段补丁完成(initial_crawl:1774750422-manual-recrawl-2): {"ok":true,"patchedSessions":0,"patchedMessages":0,"hasRunner":false}
[2026/3/29 10:18:10] [client] initial_crawl 执行失败: 1774750422-manual-recrawl-2 Uncaught
[sync] data unchanged, skipping
[2026/3/29 10:18:13] [client] 收到 initial_crawl 指令: 1774750422-manual-recrawl-2，开始执行，limit=100
[2026/3/29 10:18:13] [client] 页面时间字段补丁完成(initial_crawl:1774750422-manual-recrawl-2): {"ok":true,"patchedSessions":0,"patchedMessages":0,"hasRunner":false}
[2026/3/29 10:18:13] [client] initial_crawl 执行失败: 1774750422-manual-recrawl-2 Uncaught
[2026/3/29 10:18:16] [client] 收到 initial_crawl 指令: 1774750422-manual-recrawl-2，开始执行，limit=100
[2026/3/29 10:18:16] [client] 页面时间字段补丁完成(initial_crawl:1774750422-manual-recrawl-2): {"ok":true,"patchedSessions":0,"patchedMessages":0,"hasRunner":false}
[2026/3/29 10:18:16] [client] initial_crawl 执行失败: 1774750422-manual-recrawl-2 Uncaught
[sync] data unchanged, skipping
[2026/3/29 10:18:19] [client] 收到 initial_crawl 指令: 1774750422-manual-recrawl-2，开始执行，limit=100
[2026/3/29 10:18:19] [client] 页面时间字段补丁完成(initial_crawl:1774750422-manual-recrawl-2): {"ok":true,"patchedSessions":0,"patchedMessages":0,"hasRunner":false}
[2026/3/29 10:18:19] [client] initial_crawl 执行失败: 1774750422-manual-recrawl-2 Uncaught
[sync] data unchanged, skipping
[2026/3/29 10:18:22] [client] 收到 initial_crawl 指令: 1774750422-manual-recrawl-2，开始执行，limit=100
[2026/3/29 10:18:22] [client] 页面时间字段补丁完成(initial_crawl:1774750422-manual-recrawl-2): {"ok":true,"patchedSessions":0,"patchedMessages":0,"hasRunner":false}
[2026/3/29 10:18:22] [client] initial_crawl 执行失败: 1774750422-manual-recrawl-2 Uncaught
[2026/3/29 10:18:25] [client] 收到 initial_crawl 指令: 1774750422-manual-recrawl-2，开始执行，limit=100
[2026/3/29 10:18:25] [client] 页面时间字段补丁完成(initial_crawl:1774750422-manual-recrawl-2): {"ok":true,"patchedSessions":0,"patchedMessages":0,"hasRunner":false}
[2026/3/29 10:18:25] [client] initial_crawl 执行失败: 1774750422-manual-recrawl-2 Uncaught
[sync] data unchanged, skipping
[2026/3/29 10:18:28] [client] 收到 initial_crawl 指令: 1774750422-manual-recrawl-2，开始执行，limit=100
[2026/3/29 10:18:28] [client] 页面时间字段补丁完成(initial_crawl:1774750422-manual-recrawl-2): {"ok":true,"patchedSessions":0,"patchedMessages":0,"hasRunner":false}
[2026/3/29 10:18:28] [client] initial_crawl 执行失败: 1774750422-manual-recrawl-2 Uncaught
[2026/3/29 10:18:31] [client] 收到 initial_crawl 指令: 1774750422-manual-recrawl-2，开始执行，limit=100
[2026/3/29 10:18:31] [client] 页面时间字段补丁完成(initial_crawl:1774750422-manual-recrawl-2): {"ok":true,"patchedSessions":0,"patchedMessages":0,"hasRunner":false}
[2026/3/29 10:18:31] [client] initial_crawl 执行失败: 1774750422-manual-recrawl-2 Uncaught
[sync] data unchanged, skipping
[2026/3/29 10:18:34] [client] 收到 initial_crawl 指令: 1774750422-manual-recrawl-2，开始执行，limit=100
[2026/3/29 10:18:34] [client] 页面时间字段补丁完成(initial_crawl:1774750422-manual-recrawl-2): {"ok":true,"patchedSessions":0,"patchedMessages":0,"hasRunner":false}
[2026/3/29 10:18:34] [client] initial_crawl 执行失败: 1774750422-manual-recrawl-2 Uncaught
[sync] data unchanged, skipping
[2026/3/29 10:18:37] [client] 收到 initial_crawl 指令: 1774750422-manual-recrawl-2，开始执行，limit=100
[2026/3/29 10:18:37] [client] 页面时间字段补丁完成(initial_crawl:1774750422-manual-recrawl-2): {"ok":true,"patchedSessions":0,"patchedMessages":0,"hasRunner":false}
[2026/3/29 10:18:37] [client] initial_crawl 执行失败: 1774750422-manual-recrawl-2 Uncaught
[2026/3/29 10:18:40] [client] 收到 initial_crawl 指令: 1774750422-manual-recrawl-2，开始执行，limit=100
[2026/3/29 10:18:40] [client] 页面时间字段补丁完成(initial_crawl:1774750422-manual-recrawl-2): {"ok":true,"patchedSessions":0,"patchedMessages":0,"hasRunner":false}
[2026/3/29 10:18:40] [client] initial_crawl 执行失败: 1774750422-manual-recrawl-2 Uncaught
[sync] data unchanged, skipping
[2026/3/29 10:18:43] [client] 收到 initial_crawl 指令: 1774750422-manual-recrawl-2，开始执行，limit=100
[2026/3/29 10:18:43] [client] 页面时间字段补丁完成(initial_crawl:1774750422-manual-recrawl-2): {"ok":true,"patchedSessions":0,"patchedMessages":0,"hasRunner":false}
[2026/3/29 10:18:43] [client] initial_crawl 执行失败: 1774750422-manual-recrawl-2 Uncaught
[2026/3/29 10:18:46] [client] 收到 initial_crawl 指令: 1774750422-manual-recrawl-2，开始执行，limit=100
[2026/3/29 10:18:46] [client] 页面时间字段补丁完成(initial_crawl:1774750422-manual-recrawl-2): {"ok":true,"patchedSessions":0,"patchedMessages":0,"hasRunner":false}
[2026/3/29 10:18:46] [client] initial_crawl 执行失败: 1774750422-manual-recrawl-2 Uncaught
[sync] data unchanged, skipping
[2026/3/29 10:18:49] [client] 收到 initial_crawl 指令: 1774750422-manual-recrawl-2，开始执行，limit=100
[2026/3/29 10:18:49] [client] 页面时间字段补丁完成(initial_crawl:1774750422-manual-recrawl-2): {"ok":true,"patchedSessions":0,"patchedMessages":0,"hasRunner":false}
[2026/3/29 10:18:49] [client] initial_crawl 执行失败: 1774750422-manual-recrawl-2 Uncaught
[sync] data unchanged, skipping
[2026/3/29 10:18:52] [client] 收到 initial_crawl 指令: 1774750422-manual-recrawl-2，开始执行，limit=100
[2026/3/29 10:18:52] [client] 页面时间字段补丁完成(initial_crawl:1774750422-manual-recrawl-2): {"ok":true,"patchedSessions":0,"patchedMessages":0,"hasRunner":false}
[2026/3/29 10:18:52] [client] initial_crawl 执行失败: 1774750422-manual-recrawl-2 Uncaught
[2026/3/29 10:18:55] [client] 收到 initial_crawl 指令: 1774750422-manual-recrawl-2，开始执行，limit=100
[2026/3/29 10:18:55] [client] 页面时间字段补丁完成(initial_crawl:1774750422-manual-recrawl-2): {"ok":true,"patchedSessions":0,"patchedMessages":0,"hasRunner":false}
[2026/3/29 10:18:55] [client] initial_crawl 执行失败: 1774750422-manual-recrawl-2 Uncaught
[sync] data unchanged, skipping
[2026/3/29 10:18:58] [client] 收到 initial_crawl 指令: 1774750422-manual-recrawl-2，开始执行，limit=100
[2026/3/29 10:18:58] [client] 页面时间字段补丁完成(initial_crawl:1774750422-manual-recrawl-2): {"ok":true,"patchedSessions":0,"patchedMessages":0,"hasRunner":false}
[2026/3/29 10:18:58] [client] initial_crawl 执行失败: 1774750422-manual-recrawl-2 Uncaught
[2026/3/29 10:19:01] [client] 收到 initial_crawl 指令: 1774750422-manual-recrawl-2，开始执行，limit=100
[2026/3/29 10:19:01] [client] 页面时间字段补丁完成(initial_crawl:1774750422-manual-recrawl-2): {"ok":true,"patchedSessions":0,"patchedMessages":0,"hasRunner":false}
[2026/3/29 10:19:01] [client] initial_crawl 执行失败: 1774750422-manual-recrawl-2 Uncaught
[sync] data unchanged, skipping
[2026/3/29 10:19:04] [client] 收到 initial_crawl 指令: 1774750422-manual-recrawl-2，开始执行，limit=100
[2026/3/29 10:19:04] [client] 页面时间字段补丁完成(initial_crawl:1774750422-manual-recrawl-2): {"ok":true,"patchedSessions":0,"patchedMessages":0,"hasRunner":false}
[2026/3/29 10:19:04] [client] initial_crawl 执行失败: 1774750422-manual-recrawl-2 Uncaught
[sync] data unchanged, skipping
[2026/3/29 10:19:07] [client] 收到 initial_crawl 指令: 1774750422-manual-recrawl-2，开始执行，limit=100
[2026/3/29 10:19:07] [client] 页面时间字段补丁完成(initial_crawl:1774750422-manual-recrawl-2): {"ok":true,"patchedSessions":0,"patchedMessages":0,"hasRunner":false}
[2026/3/29 10:19:07] [client] initial_crawl 执行失败: 1774750422-manual-recrawl-2 Uncaught
[2026/3/29 10:19:10] [client] 收到 initial_crawl 指令: 1774750422-manual-recrawl-2，开始执行，limit=100
[2026/3/29 10:19:10] [client] 页面时间字段补丁完成(initial_crawl:1774750422-manual-recrawl-2): {"ok":true,"patchedSessions":0,"patchedMessages":0,"hasRunner":false}
[2026/3/29 10:19:10] [client] initial_crawl 执行失败: 1774750422-manual-recrawl-2 Uncaught
[sync] data unchanged, skipping
[2026/3/29 10:19:13] [client] 收到 initial_crawl 指令: 1774750422-manual-recrawl-2，开始执行，limit=100
[2026/3/29 10:19:13] [client] 页面时间字段补丁完成(initial_crawl:1774750422-manual-recrawl-2): {"ok":true,"patchedSessions":0,"patchedMessages":0,"hasRunner":false}
[2026/3/29 10:19:13] [client] initial_crawl 执行失败: 1774750422-manual-recrawl-2 Uncaught
[2026/3/29 10:19:16] [client] 收到 initial_crawl 指令: 1774750422-manual-recrawl-2，开始执行，limit=100
[2026/3/29 10:19:16] [client] 页面时间字段补丁完成(initial_crawl:1774750422-manual-recrawl-2): {"ok":true,"patchedSessions":0,"patchedMessages":0,"hasRunner":false}
[2026/3/29 10:19:16] [client] initial_crawl 执行失败: 1774750422-manual-recrawl-2 Uncaught
[sync] data unchanged, skipping
[2026/3/29 10:19:17] [client] 收到 SIGTERM，准备停止所有子进程
[2026/3/29 10:19:17] [client] 已向 server 注册 client: 纯粹衣饰 (account: default)
[2026/3/29 10:19:17] [client] 本地 browser bridge 已启动: https://127.0.0.1:3211/ws/browser
[2026/3/29 10:19:17] [client] 已为项目专用 Chrome 注入本地 bridge 证书 SPKI allowlist
[2026/3/29 10:19:17] [client] 检测到 Chrome 已监听 18800，跳过重复拉起
[2026/3/29 10:19:17] [client] 补开启动页: https://myseller.taobao.com/home.htm/batch-consign
[2026/3/29 10:19:17] [client] 启动 sync.ts，连接 CDP 18800，同步到 http://127.0.0.1:3210，client: 纯粹衣饰
[2026/3/29 10:19:17] [client] 收到 initial_crawl 指令: 1774750422-manual-recrawl-2，开始执行，limit=100
[2026/3/29 10:19:17] [client] initial_crawl 执行失败: 1774750422-manual-recrawl-2 Uncaught
[sync] starting daemon — interval 5000ms
[sync] xm_chat_history size: 28818 bytes
[sync] ingest result: {"ok":true,"results":{"庐州美美椰子_910817683819":{"isNewSession":false,"newMsgCount":0,"totalMessages":3,"canonicalChatKey":"庐州美美椰子_910817683819"},"你的头真大_1030658100776":{"isNewSession":false,"newMsgCount":0,"totalMessages":20,"canonicalChatKey":"你的头真大_1030658100776"},"阿拉喵主子_1015500846697":{"isNewSession":false,"newMsgCount":0,"totalMessages":16,"canonicalChatKey":"阿拉喵主子_1015500846697"},"庐州美美椰子":{"isNewSession":false,"newMsgCount":0,"totalMessages":1,"canonicalChatKey":"庐州美美椰子"},"0累球0_994982452499":{"isNewSession":false,"newMsgCount":0,"totalMessages":6,"canonicalChatKey":"0累球0_994982452499"},"码匠铺子_958625474098":{"isNewSession":false,"newMsgCount":0,"totalMessages":19,"canonicalChatKey":"码匠铺子_958625474098"},"x***2_991148214602":{"isNewSession":false,"newMsgCount":0,"totalMessages":8,"canonicalChatKey":"x***2_991148214602"},"阿拉喵主子_991148214602":{"isNewSession":false,"newMsgCount":0,"totalMessages":8,"canonicalChatKey":"阿拉喵主子_1015500846697"},"_1030658100776":{"isNewSession":false,"newMsgCount":0,"totalMessages":20,"canonicalChatKey":"你的头真大_1030658100776"},"孔明科技价格透明合同保障_991702418518":{"isNewSession":false,"newMsgCount":0,"totalMessages":7,"canonicalChatKey":"孔明科技价格透明合同保障_991702418518"},"tbNick_gj6d9_983484928356":{"isNewSession":false,"newMsgCount":0,"totalMessages":20,"canonicalChatKey":"tbNick_gj6d9_983484928356"},"SPSS数据分析师_908079810845":{"isNewSession":false,"newMsgCount":0,"totalMessages":8,"canonicalChatKey":"SPSS数据分析师_908079810845"},"_908079810845":{"isNewSession":false,"newMsgCount":0,"totalMessages":8,"canonicalChatKey":"SPSS数据分析师_908079810845"},"阿拉喵主子":{"isNewSession":false,"newMsgCount":0,"totalMessages":1,"canonicalChatKey":"阿拉喵主子_1015500846697"},"阿拉喵主子_908079810845":{"isNewSession":false,"newMsgCount":0,"totalMessages":8,"canonicalChatKey":"阿拉喵主子_1015500846697"},"sessions":{"isNewSession":false,"newMsgCount":0,"totalMessages":0,"canonicalChatKey":"sessions","skipped":true,"reason":"empty_session","cleanedUpEmptyShell":false},"类似豆包这种，进入能聊天的，语音交互的这种小程序，语音模型和聊天模型我们自己有可以直接接入_991148214602":{"isNewSession":false,"newMsgCount":0,"totalMessages":8,"canonicalChatKey":"x***2_991148214602"}}}
[2026/3/29 10:19:20] [client] 收到 initial_crawl 指令: 1774750422-manual-recrawl-2，开始执行，limit=100
[2026/3/29 10:19:20] [client] initial_crawl 执行失败: 1774750422-manual-recrawl-2 Uncaught
[sync] data unchanged, skipping
[2026/3/29 10:19:23] [client] 收到 initial_crawl 指令: 1774750422-manual-recrawl-2，开始执行，limit=100
[2026/3/29 10:19:23] [client] initial_crawl 执行失败: 1774750422-manual-recrawl-2 Uncaught
[2026/3/29 10:19:26] [client] 收到 initial_crawl 指令: 1774750422-manual-recrawl-2，开始执行，limit=100
[2026/3/29 10:19:26] [client] initial_crawl 执行失败: 1774750422-manual-recrawl-2 Uncaught
[sync] data unchanged, skipping
[2026/3/29 10:19:29] [client] 收到 initial_crawl 指令: 1774750422-manual-recrawl-2，开始执行，limit=100
[2026/3/29 10:19:29] [client] initial_crawl 执行失败: 1774750422-manual-recrawl-2 Uncaught
[2026/3/29 10:19:32] [client] 收到 initial_crawl 指令: 1774750422-manual-recrawl-2，开始执行，limit=100
[2026/3/29 10:19:32] [client] initial_crawl 执行失败: 1774750422-manual-recrawl-2 Uncaught
[sync] data unchanged, skipping
[2026/3/29 10:19:35] [client] 收到 initial_crawl 指令: 1774750422-manual-recrawl-2，开始执行，limit=100
[2026/3/29 10:19:35] [client] initial_crawl 执行失败: 1774750422-manual-recrawl-2 Uncaught
[sync] data unchanged, skipping
[2026/3/29 10:19:38] [client] 收到 initial_crawl 指令: 1774750422-manual-recrawl-2，开始执行，limit=100
[2026/3/29 10:19:38] [client] initial_crawl 执行失败: 1774750422-manual-recrawl-2 Uncaught
[2026/3/29 10:19:41] [client] 收到 initial_crawl 指令: 1774750422-manual-recrawl-2，开始执行，limit=100
[2026/3/29 10:19:41] [client] initial_crawl 执行失败: 1774750422-manual-recrawl-2 Uncaught
[sync] data unchanged, skipping
[2026/3/29 10:19:44] [client] 收到 initial_crawl 指令: 1774750422-manual-recrawl-2，开始执行，limit=100
[2026/3/29 10:19:44] [client] initial_crawl 执行失败: 1774750422-manual-recrawl-2 Uncaught
[2026/3/29 10:19:47] [client] 收到 initial_crawl 指令: 1774750422-manual-recrawl-2，开始执行，limit=100
[2026/3/29 10:19:47] [client] initial_crawl 执行失败: 1774750422-manual-recrawl-2 Uncaught
[sync] data unchanged, skipping
[2026/3/29 10:19:50] [client] 收到 initial_crawl 指令: 1774750422-manual-recrawl-2，开始执行，limit=100
[2026/3/29 10:19:50] [client] initial_crawl 执行失败: 1774750422-manual-recrawl-2 Uncaught
[sync] data unchanged, skipping
[2026/3/29 10:19:53] [client] 收到 initial_crawl 指令: 1774750422-manual-recrawl-2，开始执行，limit=100
[2026/3/29 10:19:53] [client] initial_crawl 执行失败: 1774750422-manual-recrawl-2 Uncaught
[2026/3/29 10:19:56] [client] 收到 initial_crawl 指令: 1774750422-manual-recrawl-2，开始执行，limit=100
[2026/3/29 10:19:56] [client] initial_crawl 执行失败: 1774750422-manual-recrawl-2 Uncaught
[sync] data unchanged, skipping
[2026/3/29 10:19:59] [client] 收到 initial_crawl 指令: 1774750422-manual-recrawl-2，开始执行，limit=100
[2026/3/29 10:19:59] [client] initial_crawl 执行失败: 1774750422-manual-recrawl-2 Uncaught
[2026/3/29 10:20:02] [client] 收到 initial_crawl 指令: 1774750422-manual-recrawl-2，开始执行，limit=100
[2026/3/29 10:20:02] [client] initial_crawl 执行失败: 1774750422-manual-recrawl-2 Uncaught
[sync] data unchanged, skipping
[2026/3/29 10:20:05] [client] 收到 initial_crawl 指令: 1774750422-manual-recrawl-2，开始执行，limit=100
[2026/3/29 10:20:05] [client] initial_crawl 执行失败: 1774750422-manual-recrawl-2 Uncaught
[sync] data unchanged, skipping
[2026/3/29 10:20:08] [client] 收到 initial_crawl 指令: 1774750422-manual-recrawl-2，开始执行，limit=100
[2026/3/29 10:20:08] [client] initial_crawl 执行失败: 1774750422-manual-recrawl-2 Uncaught
[2026/3/29 10:20:11] [client] 收到 initial_crawl 指令: 1774750422-manual-recrawl-2，开始执行，limit=100
[2026/3/29 10:20:11] [client] initial_crawl 执行失败: 1774750422-manual-recrawl-2 Uncaught
[sync] data unchanged, skipping
[2026/3/29 10:20:14] [client] 收到 initial_crawl 指令: 1774750422-manual-recrawl-2，开始执行，limit=100
[2026/3/29 10:20:14] [client] initial_crawl 执行失败: 1774750422-manual-recrawl-2 Uncaught
[2026/3/29 10:20:17] [client] 收到 initial_crawl 指令: 1774750422-manual-recrawl-2，开始执行，limit=100
[2026/3/29 10:20:17] [client] initial_crawl 执行失败: 1774750422-manual-recrawl-2 Uncaught
[sync] data unchanged, skipping
[2026/3/29 10:20:20] [client] 收到 initial_crawl 指令: 1774750422-manual-recrawl-2，开始执行，limit=100
[2026/3/29 10:20:20] [client] initial_crawl 执行失败: 1774750422-manual-recrawl-2 Uncaught
[sync] data unchanged, skipping
[2026/3/29 10:20:23] [client] 收到 initial_crawl 指令: 1774750422-manual-recrawl-2，开始执行，limit=100
[2026/3/29 10:20:23] [client] initial_crawl 执行失败: 1774750422-manual-recrawl-2 Uncaught
[2026/3/29 10:20:26] [client] 收到 initial_crawl 指令: 1774750422-manual-recrawl-2，开始执行，limit=100
[2026/3/29 10:20:26] [client] initial_crawl 执行失败: 1774750422-manual-recrawl-2 Uncaught
[sync] data unchanged, skipping
[2026/3/29 10:20:29] [client] 收到 initial_crawl 指令: 1774750422-manual-recrawl-2，开始执行，limit=100
[2026/3/29 10:20:29] [client] initial_crawl 执行失败: 1774750422-manual-recrawl-2 Uncaught
[2026/3/29 10:20:32] [client] 收到 initial_crawl 指令: 1774750422-manual-recrawl-2，开始执行，limit=100
[2026/3/29 10:20:32] [client] initial_crawl 执行失败: 1774750422-manual-recrawl-2 Uncaught
[sync] data unchanged, skipping
[2026/3/29 10:20:35] [client] 收到 initial_crawl 指令: 1774750422-manual-recrawl-2，开始执行，limit=100
[2026/3/29 10:20:35] [client] initial_crawl 执行失败: 1774750422-manual-recrawl-2 Uncaught
[sync] data unchanged, skipping
[2026/3/29 10:20:38] [client] 收到 initial_crawl 指令: 1774750422-manual-recrawl-2，开始执行，limit=100
[2026/3/29 10:20:38] [client] initial_crawl 执行失败: 1774750422-manual-recrawl-2 Uncaught
[2026/3/29 10:20:41] [client] 收到 initial_crawl 指令: 1774750422-manual-recrawl-2，开始执行，limit=100
[2026/3/29 10:20:41] [client] initial_crawl 执行失败: 1774750422-manual-recrawl-2 Uncaught
[sync] data unchanged, skipping
[2026/3/29 10:20:44] [client] 收到 initial_crawl 指令: 1774750422-manual-recrawl-2，开始执行，limit=100
[2026/3/29 10:20:44] [client] initial_crawl 执行失败: 1774750422-manual-recrawl-2 Uncaught
[2026/3/29 10:20:47] [client] 收到 initial_crawl 指令: 1774750422-manual-recrawl-2，开始执行，limit=100
[2026/3/29 10:20:47] [client] initial_crawl 执行失败: 1774750422-manual-recrawl-2 Uncaught
[sync] data unchanged, skipping
[2026/3/29 10:20:50] [client] 收到 initial_crawl 指令: 1774750422-manual-recrawl-2，开始执行，limit=100
[2026/3/29 10:20:50] [client] initial_crawl 执行失败: 1774750422-manual-recrawl-2 Uncaught
[sync] data unchanged, skipping
[2026/3/29 10:20:53] [client] 收到 initial_crawl 指令: 1774750422-manual-recrawl-2，开始执行，limit=100
[2026/3/29 10:20:53] [client] initial_crawl 执行失败: 1774750422-manual-recrawl-2 Uncaught
[2026/3/29 10:20:56] [client] 收到 initial_crawl 指令: 1774750422-manual-recrawl-2，开始执行，limit=100
[2026/3/29 10:20:56] [client] initial_crawl 执行失败: 1774750422-manual-recrawl-2 Uncaught
[sync] xm_chat_history size: 28820 bytes
[sync] ingest result: {"ok":true,"results":{"庐州美美椰子_910817683819":{"isNewSession":false,"newMsgCount":0,"totalMessages":3,"canonicalChatKey":"庐州美美椰子_910817683819"},"你的头真大_1030658100776":{"isNewSession":false,"newMsgCount":0,"totalMessages":20,"canonicalChatKey":"你的头真大_1030658100776"},"阿拉喵主子_1015500846697":{"isNewSession":false,"newMsgCount":0,"totalMessages":16,"canonicalChatKey":"阿拉喵主子_1015500846697"},"庐州美美椰子":{"isNewSession":false,"newMsgCount":0,"totalMessages":1,"canonicalChatKey":"庐州美美椰子"},"0累球0_994982452499":{"isNewSession":false,"newMsgCount":0,"totalMessages":6,"canonicalChatKey":"0累球0_994982452499"},"码匠铺子_958625474098":{"isNewSession":false,"newMsgCount":0,"totalMessages":19,"canonicalChatKey":"码匠铺子_958625474098"},"x***2_991148214602":{"isNewSession":false,"newMsgCount":0,"totalMessages":8,"canonicalChatKey":"x***2_991148214602"},"阿拉喵主子_991148214602":{"isNewSession":false,"newMsgCount":0,"totalMessages":8,"canonicalChatKey":"阿拉喵主子_1015500846697"},"_1030658100776":{"isNewSession":false,"newMsgCount":0,"totalMessages":20,"canonicalChatKey":"你的头真大_1030658100776"},"孔明科技价格透明合同保障_991702418518":{"isNewSession":false,"newMsgCount":0,"totalMessages":7,"canonicalChatKey":"孔明科技价格透明合同保障_991702418518"},"tbNick_gj6d9_983484928356":{"isNewSession":false,"newMsgCount":0,"totalMessages":20,"canonicalChatKey":"tbNick_gj6d9_983484928356"},"SPSS数据分析师_908079810845":{"isNewSession":false,"newMsgCount":0,"totalMessages":8,"canonicalChatKey":"SPSS数据分析师_908079810845"},"_908079810845":{"isNewSession":false,"newMsgCount":0,"totalMessages":8,"canonicalChatKey":"SPSS数据分析师_908079810845"},"阿拉喵主子":{"isNewSession":false,"newMsgCount":0,"totalMessages":1,"canonicalChatKey":"阿拉喵主子_1015500846697"},"阿拉喵主子_908079810845":{"isNewSession":false,"newMsgCount":0,"totalMessages":8,"canonicalChatKey":"阿拉喵主子_1015500846697"},"sessions":{"isNewSession":false,"newMsgCount":0,"totalMessages":0,"canonicalChatKey":"sessions","skipped":true,"reason":"empty_session","cleanedUpEmptyShell":false},"类似豆包这种，进入能聊天的，语音交互的这种小程序，语音模型和聊天模型我们自己有可以直接接入_991148214602":{"isNewSession":false,"newMsgCount":0,"totalMessages":8,"canonicalChatKey":"x***2_991148214602"}}}
[2026/3/29 10:20:59] [client] 收到 initial_crawl 指令: 1774750422-manual-recrawl-2，开始执行，limit=100
[2026/3/29 10:20:59] [client] initial_crawl 执行失败: 1774750422-manual-recrawl-2 Uncaught
[2026/3/29 10:21:02] [client] 收到 initial_crawl 指令: 1774750422-manual-recrawl-2，开始执行，limit=100
[2026/3/29 10:21:02] [client] initial_crawl 执行失败: 1774750422-manual-recrawl-2 Uncaught
[sync] data unchanged, skipping
[2026/3/29 10:21:05] [client] 收到 initial_crawl 指令: 1774750422-manual-recrawl-2，开始执行，limit=100
[2026/3/29 10:21:05] [client] initial_crawl 执行失败: 1774750422-manual-recrawl-2 Uncaught
[2026/3/29 10:21:08] [client] 收到 initial_crawl 指令: 1774750422-manual-recrawl-2，开始执行，limit=100
[2026/3/29 10:21:08] [client] initial_crawl 执行失败: 1774750422-manual-recrawl-2 Uncaught
[sync] data unchanged, skipping
[2026/3/29 10:21:11] [client] 收到 initial_crawl 指令: 1774750422-manual-recrawl-2，开始执行，limit=100
[2026/3/29 10:21:11] [client] initial_crawl 执行失败: 1774750422-manual-recrawl-2 Uncaught
[sync] data unchanged, skipping
[2026/3/29 10:21:14] [client] 收到 initial_crawl 指令: 1774750422-manual-recrawl-2，开始执行，limit=100
[2026/3/29 10:21:14] [client] initial_crawl 执行失败: 1774750422-manual-recrawl-2 Uncaught
[2026/3/29 10:21:17] [client] 收到 initial_crawl 指令: 1774750422-manual-recrawl-2，开始执行，limit=100
[2026/3/29 10:21:17] [client] initial_crawl 执行失败: 1774750422-manual-recrawl-2 Uncaught
[sync] xm_chat_history size: 28818 bytes
[sync] ingest result: {"ok":true,"results":{"庐州美美椰子_910817683819":{"isNewSession":false,"newMsgCount":0,"totalMessages":3,"canonicalChatKey":"庐州美美椰子_910817683819"},"你的头真大_1030658100776":{"isNewSession":false,"newMsgCount":0,"totalMessages":20,"canonicalChatKey":"你的头真大_1030658100776"},"阿拉喵主子_1015500846697":{"isNewSession":false,"newMsgCount":0,"totalMessages":16,"canonicalChatKey":"阿拉喵主子_1015500846697"},"庐州美美椰子":{"isNewSession":false,"newMsgCount":0,"totalMessages":1,"canonicalChatKey":"庐州美美椰子"},"0累球0_994982452499":{"isNewSession":false,"newMsgCount":0,"totalMessages":6,"canonicalChatKey":"0累球0_994982452499"},"码匠铺子_958625474098":{"isNewSession":false,"newMsgCount":0,"totalMessages":19,"canonicalChatKey":"码匠铺子_958625474098"},"x***2_991148214602":{"isNewSession":false,"newMsgCount":0,"totalMessages":8,"canonicalChatKey":"x***2_991148214602"},"阿拉喵主子_991148214602":{"isNewSession":false,"newMsgCount":0,"totalMessages":8,"canonicalChatKey":"阿拉喵主子_1015500846697"},"_1030658100776":{"isNewSession":false,"newMsgCount":0,"totalMessages":20,"canonicalChatKey":"你的头真大_1030658100776"},"孔明科技价格透明合同保障_991702418518":{"isNewSession":false,"newMsgCount":0,"totalMessages":7,"canonicalChatKey":"孔明科技价格透明合同保障_991702418518"},"tbNick_gj6d9_983484928356":{"isNewSession":false,"newMsgCount":0,"totalMessages":20,"canonicalChatKey":"tbNick_gj6d9_983484928356"},"SPSS数据分析师_908079810845":{"isNewSession":false,"newMsgCount":0,"totalMessages":8,"canonicalChatKey":"SPSS数据分析师_908079810845"},"_908079810845":{"isNewSession":false,"newMsgCount":0,"totalMessages":8,"canonicalChatKey":"SPSS数据分析师_908079810845"},"阿拉喵主子":{"isNewSession":false,"newMsgCount":0,"totalMessages":1,"canonicalChatKey":"阿拉喵主子_1015500846697"},"阿拉喵主子_908079810845":{"isNewSession":false,"newMsgCount":0,"totalMessages":8,"canonicalChatKey":"阿拉喵主子_1015500846697"},"sessions":{"isNewSession":false,"newMsgCount":0,"totalMessages":0,"canonicalChatKey":"sessions","skipped":true,"reason":"empty_session","cleanedUpEmptyShell":false},"类似豆包这种，进入能聊天的，语音交互的这种小程序，语音模型和聊天模型我们自己有可以直接接入_991148214602":{"isNewSession":false,"newMsgCount":0,"totalMessages":8,"canonicalChatKey":"x***2_991148214602"}}}
[2026/3/29 10:21:20] [client] 收到 initial_crawl 指令: 1774750422-manual-recrawl-2，开始执行，limit=100
[2026/3/29 10:21:20] [client] initial_crawl 执行失败: 1774750422-manual-recrawl-2 Uncaught
[2026/3/29 10:21:23] [client] 收到 initial_crawl 指令: 1774750422-manual-recrawl-2，开始执行，limit=100
[2026/3/29 10:21:23] [client] initial_crawl 执行失败: 1774750422-manual-recrawl-2 Uncaught
[sync] data unchanged, skipping
[2026/3/29 10:21:26] [client] 收到 initial_crawl 指令: 1774750422-manual-recrawl-2，开始执行，limit=100
[2026/3/29 10:21:26] [client] initial_crawl 执行失败: 1774750422-manual-recrawl-2 Uncaught
[sync] data unchanged, skipping
[2026/3/29 10:21:29] [client] 收到 initial_crawl 指令: 1774750422-manual-recrawl-2，开始执行，limit=100
[2026/3/29 10:21:29] [client] initial_crawl 执行失败: 1774750422-manual-recrawl-2 Uncaught
[2026/3/29 10:21:32] [client] 收到 initial_crawl 指令: 1774750422-manual-recrawl-2，开始执行，limit=100
[2026/3/29 10:21:32] [client] initial_crawl 执行失败: 1774750422-manual-recrawl-2 Uncaught
[sync] data unchanged, skipping
[2026/3/29 10:21:35] [client] 收到 initial_crawl 指令: 1774750422-manual-recrawl-2，开始执行，limit=100
[2026/3/29 10:21:35] [client] initial_crawl 执行失败: 1774750422-manual-recrawl-2 Uncaught
[2026/3/29 10:21:38] [client] 收到 initial_crawl 指令: 1774750422-manual-recrawl-2，开始执行，limit=100
[2026/3/29 10:21:38] [client] initial_crawl 执行失败: 1774750422-manual-recrawl-2 Uncaught
[sync] data unchanged, skipping
[2026/3/29 10:21:41] [client] 收到 initial_crawl 指令: 1774750422-manual-recrawl-2，开始执行，limit=100
[2026/3/29 10:21:41] [client] initial_crawl 执行失败: 1774750422-manual-recrawl-2 Uncaught
[sync] data unchanged, skipping
[2026/3/29 10:21:44] [client] 收到 initial_crawl 指令: 1774750422-manual-recrawl-2，开始执行，limit=100
[2026/3/29 10:21:44] [client] initial_crawl 执行失败: 1774750422-manual-recrawl-2 Uncaught
[2026/3/29 10:21:47] [client] 收到 initial_crawl 指令: 1774750422-manual-recrawl-2，开始执行，limit=100
[2026/3/29 10:21:47] [client] initial_crawl 执行失败: 1774750422-manual-recrawl-2 Uncaught
[sync] data unchanged, skipping
[2026/3/29 10:21:50] [client] 收到 initial_crawl 指令: 1774750422-manual-recrawl-2，开始执行，limit=100
[2026/3/29 10:21:50] [client] initial_crawl 执行失败: 1774750422-manual-recrawl-2 Uncaught
[2026/3/29 10:21:53] [client] 收到 initial_crawl 指令: 1774750422-manual-recrawl-2，开始执行，limit=100
[2026/3/29 10:21:53] [client] initial_crawl 执行失败: 1774750422-manual-recrawl-2 Uncaught
[sync] data unchanged, skipping
[2026/3/29 10:21:56] [client] 收到 initial_crawl 指令: 1774750422-manual-recrawl-2，开始执行，limit=100
[2026/3/29 10:21:56] [client] initial_crawl 执行失败: 1774750422-manual-recrawl-2 Uncaught
[sync] xm_chat_history size: 30385 bytes
[sync] ingest result: {"ok":true,"results":{"庐州美美椰子_910817683819":{"isNewSession":false,"newMsgCount":0,"totalMessages":3,"canonicalChatKey":"庐州美美椰子_910817683819"},"你的头真大_1030658100776":{"isNewSession":false,"newMsgCount":0,"totalMessages":20,"canonicalChatKey":"你的头真大_1030658100776"},"阿拉喵主子_1015500846697":{"isNewSession":false,"newMsgCount":0,"totalMessages":16,"canonicalChatKey":"阿拉喵主子_1015500846697"},"庐州美美椰子":{"isNewSession":false,"newMsgCount":0,"totalMessages":1,"canonicalChatKey":"庐州美美椰子"},"0累球0_994982452499":{"isNewSession":false,"newMsgCount":0,"totalMessages":6,"canonicalChatKey":"0累球0_994982452499"},"码匠铺子_958625474098":{"isNewSession":false,"newMsgCount":0,"totalMessages":19,"canonicalChatKey":"码匠铺子_958625474098"},"x***2_991148214602":{"isNewSession":false,"newMsgCount":0,"totalMessages":8,"canonicalChatKey":"x***2_991148214602"},"阿拉喵主子_991148214602":{"isNewSession":false,"newMsgCount":0,"totalMessages":8,"canonicalChatKey":"阿拉喵主子_1015500846697"},"_1030658100776":{"isNewSession":false,"newMsgCount":0,"totalMessages":20,"canonicalChatKey":"你的头真大_1030658100776"},"孔明科技价格透明合同保障_991702418518":{"isNewSession":false,"newMsgCount":0,"totalMessages":7,"canonicalChatKey":"孔明科技价格透明合同保障_991702418518"},"tbNick_gj6d9_983484928356":{"isNewSession":false,"newMsgCount":0,"totalMessages":20,"canonicalChatKey":"tbNick_gj6d9_983484928356"},"SPSS数据分析师_908079810845":{"isNewSession":false,"newMsgCount":0,"totalMessages":8,"canonicalChatKey":"SPSS数据分析师_908079810845"},"_908079810845":{"isNewSession":false,"newMsgCount":0,"totalMessages":8,"canonicalChatKey":"SPSS数据分析师_908079810845"},"阿拉喵主子":{"isNewSession":false,"newMsgCount":0,"totalMessages":1,"canonicalChatKey":"阿拉喵主子_1015500846697"},"阿拉喵主子_908079810845":{"isNewSession":false,"newMsgCount":0,"totalMessages":8,"canonicalChatKey":"阿拉喵主子_1015500846697"},"sessions":{"isNewSession":false,"newMsgCount":0,"totalMessages":0,"canonicalChatKey":"sessions","skipped":true,"reason":"empty_session","cleanedUpEmptyShell":false},"类似豆包这种，进入能聊天的，语音交互的这种小程序，语音模型和聊天模型我们自己有可以直接接入_991148214602":{"isNewSession":false,"newMsgCount":0,"totalMessages":8,"canonicalChatKey":"x***2_991148214602"},"x***2_958625474098":{"isNewSession":false,"newMsgCount":0,"totalMessages":8,"canonicalChatKey":"x***2_991148214602"}}}
[2026/3/29 10:21:59] [client] 收到 initial_crawl 指令: 1774750422-manual-recrawl-2，开始执行，limit=100
[2026/3/29 10:21:59] [client] initial_crawl 执行失败: 1774750422-manual-recrawl-2 Uncaught
[2026/3/29 10:22:02] [client] 收到 initial_crawl 指令: 1774750422-manual-recrawl-2，开始执行，limit=100
[2026/3/29 10:22:02] [client] initial_crawl 执行失败: 1774750422-manual-recrawl-2 Uncaught
[sync] data unchanged, skipping
[2026/3/29 10:22:05] [client] 收到 initial_crawl 指令: 1774750422-manual-recrawl-2，开始执行，limit=100
[2026/3/29 10:22:05] [client] initial_crawl 执行失败: 1774750422-manual-recrawl-2 Uncaught
[sync] xm_chat_history size: 2 bytes
[sync] ingest result: {"ok":true,"results":{}}
[sync] data unchanged, skipping
[sync] data unchanged, skipping
[sync] data unchanged, skipping
[sync] data unchanged, skipping
[sync] data unchanged, skipping
[sync] data unchanged, skipping
[sync] data unchanged, skipping
[sync] data unchanged, skipping
[sync] data unchanged, skipping
[sync] data unchanged, skipping
[sync] data unchanged, skipping
[sync] data unchanged, skipping
[sync] data unchanged, skipping
[sync] data unchanged, skipping
[sync] data unchanged, skipping
[sync] data unchanged, skipping
[sync] data unchanged, skipping
[sync] data unchanged, skipping
[sync] data unchanged, skipping
[sync] data unchanged, skipping
[sync] data unchanged, skipping
[sync] data unchanged, skipping
[sync] data unchanged, skipping
[sync] data unchanged, skipping
[sync] data unchanged, skipping
[sync] data unchanged, skipping
[sync] data unchanged, skipping
[sync] data unchanged, skipping
[sync] data unchanged, skipping
[sync] data unchanged, skipping
[sync] data unchanged, skipping
[sync] data unchanged, skipping
[sync] data unchanged, skipping
[sync] data unchanged, skipping
[sync] data unchanged, skipping
[sync] data unchanged, skipping
[sync] data unchanged, skipping
[sync] data unchanged, skipping
[sync] data unchanged, skipping
[sync] data unchanged, skipping
[sync] data unchanged, skipping
[sync] data unchanged, skipping
[sync] data unchanged, skipping
[sync] data unchanged, skipping
[sync] data unchanged, skipping
[sync] data unchanged, skipping
[sync] data unchanged, skipping
[sync] data unchanged, skipping
[sync] data unchanged, skipping
[sync] xm_chat_history size: 31843 bytes
[sync] ingest result: {"ok":true,"results":{"庐州美美椰子_910817683819":{"isNewSession":false,"newMsgCount":0,"totalMessages":3,"canonicalChatKey":"庐州美美椰子_910817683819"},"你的头真大_1030658100776":{"isNewSession":false,"newMsgCount":0,"totalMessages":20,"canonicalChatKey":"你的头真大_1030658100776"},"阿拉喵主子_1015500846697":{"isNewSession":false,"newMsgCount":0,"totalMessages":16,"canonicalChatKey":"阿拉喵主子_1015500846697"},"庐州美美椰子":{"isNewSession":false,"newMsgCount":0,"totalMessages":1,"canonicalChatKey":"庐州美美椰子"},"0累球0_994982452499":{"isNewSession":false,"newMsgCount":0,"totalMessages":6,"canonicalChatKey":"0累球0_994982452499"},"码匠铺子_958625474098":{"isNewSession":false,"newMsgCount":0,"totalMessages":19,"canonicalChatKey":"码匠铺子_958625474098"},"x***2_991148214602":{"isNewSession":false,"newMsgCount":0,"totalMessages":8,"canonicalChatKey":"x***2_991148214602"},"阿拉喵主子_991148214602":{"isNewSession":false,"newMsgCount":0,"totalMessages":8,"canonicalChatKey":"阿拉喵主子_1015500846697"},"_1030658100776":{"isNewSession":false,"newMsgCount":0,"totalMessages":20,"canonicalChatKey":"你的头真大_1030658100776"},"孔明科技价格透明合同保障_991702418518":{"isNewSession":false,"newMsgCount":0,"totalMessages":7,"canonicalChatKey":"孔明科技价格透明合同保障_991702418518"},"tbNick_gj6d9_983484928356":{"isNewSession":false,"newMsgCount":0,"totalMessages":20,"canonicalChatKey":"tbNick_gj6d9_983484928356"},"SPSS数据分析师_908079810845":{"isNewSession":false,"newMsgCount":0,"totalMessages":8,"canonicalChatKey":"SPSS数据分析师_908079810845"},"_908079810845":{"isNewSession":false,"newMsgCount":0,"totalMessages":8,"canonicalChatKey":"SPSS数据分析师_908079810845"},"阿拉喵主子":{"isNewSession":false,"newMsgCount":0,"totalMessages":1,"canonicalChatKey":"阿拉喵主子_1015500846697"},"阿拉喵主子_908079810845":{"isNewSession":false,"newMsgCount":0,"totalMessages":8,"canonicalChatKey":"阿拉喵主子_1015500846697"},"sessions":{"isNewSession":false,"newMsgCount":0,"totalMessages":0,"canonicalChatKey":"sessions","skipped":true,"reason":"empty_session","cleanedUpEmptyShell":false},"类似豆包这种，进入能聊天的，语音交互的这种小程序，语音模型和聊天模型我们自己有可以直接接入_991148214602":{"isNewSession":false,"newMsgCount":0,"totalMessages":8,"canonicalChatKey":"x***2_991148214602"},"x***2_958625474098":{"isNewSession":false,"newMsgCount":0,"totalMessages":8,"canonicalChatKey":"x***2_991148214602"},"孔明科技价格透明合同保障_991148214602":{"isNewSession":false,"newMsgCount":0,"totalMessages":7,"canonicalChatKey":"孔明科技价格透明合同保障_991702418518"}}}
[sync] data unchanged, skipping
[sync] data unchanged, skipping
[sync] data unchanged, skipping
[sync] data unchanged, skipping
[sync] data unchanged, skipping
[sync] data unchanged, skipping
[sync] data unchanged, skipping
[sync] data unchanged, skipping
[sync] data unchanged, skipping
[sync] data unchanged, skipping
[sync] data unchanged, skipping
[sync] data unchanged, skipping
[sync] data unchanged, skipping
[sync] data unchanged, skipping
[sync] data unchanged, skipping
[sync] data unchanged, skipping
[sync] data unchanged, skipping
[sync] data unchanged, skipping
[sync] data unchanged, skipping
[sync] data unchanged, skipping
[sync] data unchanged, skipping
[sync] data unchanged, skipping
[sync] data unchanged, skipping
[sync] xm_chat_history size: 36115 bytes
[sync] ingest result: {"ok":true,"results":{"庐州美美椰子_910817683819":{"isNewSession":false,"newMsgCount":0,"totalMessages":3,"canonicalChatKey":"庐州美美椰子_910817683819"},"你的头真大_1030658100776":{"isNewSession":false,"newMsgCount":0,"totalMessages":20,"canonicalChatKey":"你的头真大_1030658100776"},"阿拉喵主子_1015500846697":{"isNewSession":false,"newMsgCount":0,"totalMessages":16,"canonicalChatKey":"阿拉喵主子_1015500846697"},"庐州美美椰子":{"isNewSession":false,"newMsgCount":0,"totalMessages":1,"canonicalChatKey":"庐州美美椰子"},"0累球0_994982452499":{"isNewSession":false,"newMsgCount":0,"totalMessages":6,"canonicalChatKey":"0累球0_994982452499"},"码匠铺子_958625474098":{"isNewSession":false,"newMsgCount":0,"totalMessages":19,"canonicalChatKey":"码匠铺子_958625474098"},"x***2_991148214602":{"isNewSession":false,"newMsgCount":0,"totalMessages":8,"canonicalChatKey":"x***2_991148214602"},"阿拉喵主子_991148214602":{"isNewSession":false,"newMsgCount":0,"totalMessages":8,"canonicalChatKey":"阿拉喵主子_1015500846697"},"_1030658100776":{"isNewSession":false,"newMsgCount":0,"totalMessages":20,"canonicalChatKey":"你的头真大_1030658100776"},"孔明科技价格透明合同保障_991702418518":{"isNewSession":false,"newMsgCount":0,"totalMessages":7,"canonicalChatKey":"孔明科技价格透明合同保障_991702418518"},"tbNick_gj6d9_983484928356":{"isNewSession":false,"newMsgCount":0,"totalMessages":20,"canonicalChatKey":"tbNick_gj6d9_983484928356"},"SPSS数据分析师_908079810845":{"isNewSession":false,"newMsgCount":0,"totalMessages":8,"canonicalChatKey":"SPSS数据分析师_908079810845"},"_908079810845":{"isNewSession":false,"newMsgCount":0,"totalMessages":8,"canonicalChatKey":"SPSS数据分析师_908079810845"},"阿拉喵主子":{"isNewSession":false,"newMsgCount":0,"totalMessages":1,"canonicalChatKey":"阿拉喵主子_1015500846697"},"阿拉喵主子_908079810845":{"isNewSession":false,"newMsgCount":0,"totalMessages":8,"canonicalChatKey":"阿拉喵主子_1015500846697"},"sessions":{"isNewSession":false,"newMsgCount":0,"totalMessages":0,"canonicalChatKey":"sessions","skipped":true,"reason":"empty_session","cleanedUpEmptyShell":false},"类似豆包这种，进入能聊天的，语音交互的这种小程序，语音模型和聊天模型我们自己有可以直接接入_991148214602":{"isNewSession":false,"newMsgCount":0,"totalMessages":8,"canonicalChatKey":"x***2_991148214602"},"x***2_958625474098":{"isNewSession":false,"newMsgCount":0,"totalMessages":8,"canonicalChatKey":"x***2_991148214602"},"孔明科技价格透明合同保障_991148214602":{"isNewSession":false,"newMsgCount":0,"totalMessages":7,"canonicalChatKey":"孔明科技价格透明合同保障_991702418518"},"x***2":{"isNewSession":false,"newMsgCount":0,"totalMessages":8,"canonicalChatKey":"x***2_991148214602"},"tbNick_gj6d9":{"isNewSession":false,"newMsgCount":0,"totalMessages":20,"canonicalChatKey":"tbNick_gj6d9_983484928356"}}}
[sync] data unchanged, skipping
[sync] data unchanged, skipping
[sync] data unchanged, skipping
[sync] data unchanged, skipping
[sync] data unchanged, skipping
[sync] data unchanged, skipping
[sync] data unchanged, skipping
[sync] xm_chat_history size: 37574 bytes
[sync] ingest result: {"ok":true,"results":{"庐州美美椰子_910817683819":{"isNewSession":false,"newMsgCount":0,"totalMessages":3,"canonicalChatKey":"庐州美美椰子_910817683819"},"你的头真大_1030658100776":{"isNewSession":false,"newMsgCount":0,"totalMessages":20,"canonicalChatKey":"你的头真大_1030658100776"},"阿拉喵主子_1015500846697":{"isNewSession":false,"newMsgCount":0,"totalMessages":16,"canonicalChatKey":"阿拉喵主子_1015500846697"},"庐州美美椰子":{"isNewSession":false,"newMsgCount":0,"totalMessages":1,"canonicalChatKey":"庐州美美椰子"},"0累球0_994982452499":{"isNewSession":false,"newMsgCount":0,"totalMessages":6,"canonicalChatKey":"0累球0_994982452499"},"码匠铺子_958625474098":{"isNewSession":false,"newMsgCount":0,"totalMessages":19,"canonicalChatKey":"码匠铺子_958625474098"},"x***2_991148214602":{"isNewSession":false,"newMsgCount":0,"totalMessages":8,"canonicalChatKey":"x***2_991148214602"},"阿拉喵主子_991148214602":{"isNewSession":false,"newMsgCount":0,"totalMessages":8,"canonicalChatKey":"阿拉喵主子_1015500846697"},"_1030658100776":{"isNewSession":false,"newMsgCount":0,"totalMessages":20,"canonicalChatKey":"你的头真大_1030658100776"},"孔明科技价格透明合同保障_991702418518":{"isNewSession":false,"newMsgCount":0,"totalMessages":7,"canonicalChatKey":"孔明科技价格透明合同保障_991702418518"},"tbNick_gj6d9_983484928356":{"isNewSession":false,"newMsgCount":0,"totalMessages":20,"canonicalChatKey":"tbNick_gj6d9_983484928356"},"SPSS数据分析师_908079810845":{"isNewSession":false,"newMsgCount":0,"totalMessages":8,"canonicalChatKey":"SPSS数据分析师_908079810845"},"_908079810845":{"isNewSession":false,"newMsgCount":0,"totalMessages":8,"canonicalChatKey":"SPSS数据分析师_908079810845"},"阿拉喵主子":{"isNewSession":false,"newMsgCount":0,"totalMessages":1,"canonicalChatKey":"阿拉喵主子_1015500846697"},"阿拉喵主子_908079810845":{"isNewSession":false,"newMsgCount":0,"totalMessages":8,"canonicalChatKey":"阿拉喵主子_1015500846697"},"sessions":{"isNewSession":false,"newMsgCount":0,"totalMessages":0,"canonicalChatKey":"sessions","skipped":true,"reason":"empty_session","cleanedUpEmptyShell":false},"类似豆包这种，进入能聊天的，语音交互的这种小程序，语音模型和聊天模型我们自己有可以直接接入_991148214602":{"isNewSession":false,"newMsgCount":0,"totalMessages":8,"canonicalChatKey":"x***2_991148214602"},"x***2_958625474098":{"isNewSession":false,"newMsgCount":0,"totalMessages":8,"canonicalChatKey":"x***2_991148214602"},"孔明科技价格透明合同保障_991148214602":{"isNewSession":false,"newMsgCount":0,"totalMessages":7,"canonicalChatKey":"孔明科技价格透明合同保障_991702418518"},"x***2":{"isNewSession":false,"newMsgCount":0,"totalMessages":8,"canonicalChatKey":"x***2_991148214602"},"tbNick_gj6d9":{"isNewSession":false,"newMsgCount":0,"totalMessages":20,"canonicalChatKey":"tbNick_gj6d9_983484928356"},"孔明科技价格透明合同保障_983484928356":{"isNewSession":false,"newMsgCount":0,"totalMessages":7,"canonicalChatKey":"孔明科技价格透明合同保障_991702418518"}}}
[sync] data unchanged, skipping
[sync] data unchanged, skipping
[sync] data unchanged, skipping
[sync] data unchanged, skipping
[sync] data unchanged, skipping
